Key,Type,English,French,Chinese,Spanish,Filipino,Vietnamese,Thai,Portuguese,Hindi,Swahili,Indonesian,Creole,Burmese
dashboard,main,Dashboard,Tableau de bord,仪表板,Tablero,Dashboard,Bảng điều khiển,แผงควบคุม,Painel,डैशबोर्ड,Dashibodi,Dasbor,Dachboard,ဒိုင်ခွက်
herd_data,main,Herd Data,Données du troupeau,猪群数据,Datos del ganado,Datos ng Kawan,Dữ liệu đàn,ข้อมูลฝูงสัตว์,Dados do Rebanho,पशु झुंड डेटा,Data ya mifugo,Data Kawanan,Done twoupo yo,ဟာ့ဒေ
feed,main,Feed,Alimentation,饲料,Alimentación,Pagkain,Thức ăn,อาหารสัตว์,Alimentação,चारा,Kulisha,Memberi makan,Manje,ကျွေးပါ။
herd_activities,main,Herd Activities,Activités du troupeau,猪群活动,Actividades,Aktibidad ng Kawan,Hoạt động đàn,กิจกรรมในฝูง,Atividades do Rebanho,झुंड की गतिविधियाँ,Shughuli za Mifugo,Aktivitas Kawanan,Aktivite twoupo yo,နွားလှုပ်ရှားမှုများ
financials,main,Financials,Finances,财务,Finanzas,Pinansyal,Tài chính,การเงิน,Finanças,वित्तीय,Fedha,Keuangan,Finansye,ငွေရေးကြေးရေး
human_resources,main,Human Resources,Ressources humaines,人力资源,Recursos humanos,Yamang Tao,Nhân sự,ทรัพยากรบุคคล,Recursos Humanos,मानव संसाधन,Rasilimali Watu,Sumber daya manusia,Resous Imèn,လူ့အင်အားအရင်းအမြစ်
market,main,Local Hub,Hub Local,本地中心,Centro Local,Lokal na Hub,Trung tâm địa phương,ศูนย์กลางท้องถิ่น,Hub Local,स्थानीय केंद्र,Kitovu cha Karibu,Pusat Lokal,Sant lokal,Local Hub
symptoms_analyzer,main,Symptoms Analyzer,Analyseur de symptômes,症状分析器,Analizador de síntomas,Tagasuri ng Sintomas,Bộ phân tích triệu chứng,เครื่องวิเคราะห์อาการ,Analisador de Sintomas,लक्षण विश्लेषक,Kichambuzi cha Dalili,Penganalisis Gejala,Sentòm analizeur,ရောဂါလက္ခဏာများကို ဆန်းစစ်ခြင်း
weight_checker,main,Weight Checker,Vérificateur de poids,体重检查器,Control de peso,Tagasuri ng Timbang,Kiểm tra cân nặng,ตรวจสอบน้ำหนัก,Verificador de Peso,वजन जाँचकर्ता,Kikagua Uzito,Pemeriksa Berat Badan,Pwa Checker,အလေးချိန်စစ်ဆေးပါ။
training,main,Training,Formation,培训,Capacitación,Pagsasanay,Đào tạo,การฝึกอบรม,Treinamento,प्रशिक्षण,Mafunzo,Pelatihan,Fòmasyon,လေ့ကျင့်ရေး
settings,main,Settings,Paramètres,设置,Ajustes,Mga Setting,Cài đặt,การตั้งค่า,Configurações,सेटिंग्स,Mipangilio,Pengaturan,Anviwònman,ဆက်တင်များ
sign_out,main,Sign Out,Se déconnecter,登出,Cerrar sesión,Mag-sign Out,Đăng xuất,ออกจากระบบ,Sair,साइन आउट,Ondoka,Keluar,Sign Out,ဆိုင်းအောက်
app_name,main,SmartSwine,SmartSwine,SmartSwine,SmartSwine,SmartSwine,SmartSwine,SmartSwine,SmartSwine,SmartSwine,SmartSwine,Babi Cerdas,SmartSwine,SmartSwine
welcome_to,main,Welcome to,Bienvenue à,欢迎来到,Bienvenido a,Maligayang pagdating sa,Chào mừng đến với,ยินดีต้อนรับสู่,Bem-vindo ao,स्वागत है,Karibu kwa,Selamat Datang di,Byenveni nan,မှကြိုဆိုပါတယ်။
app_tagline,main,"The Only Tool a Pig Farmer Needs.\nFarm Smarter, Not Harder.","Le seul outil dont un éleveur de porcs a besoin.\nÉlevez plus intelligemment, pas plus durement.",养猪人所需的唯一工具。\n智慧养殖，事半功倍。,"La única herramienta que un criador de cerdos necesita.\nCríe de forma más inteligente, no con más esfuerzo.","Ang tanging tool na kailangan ng isang magbababoy.\nMag-alaga nang mas matalino, hindi mas mahirap.","Công cụ duy nhất mà người chăn nuôi heo cần.\nChăn nuôi thông minh hơn, không vất vả hơn.",เครื่องมือเดียวที่ผู้เลี้ยงหมูต้องการ\nทำฟาร์มอย่างชาญฉลาด ไม่ใช่ทำงานหนัก,"A única ferramenta que um suinocultor precisa.\nProduza de forma mais inteligente, não mais difícil.",आपका पेशेवर सुअर पालन सहायक।,"Zana Pekee Ambayo Mfugaji wa Nguruwe Anahitaji.\nFarm Smarter, Not Harder.","Satu-satunya Alat yang Dibutuhkan Peternak Babi.\nBeternak Lebih Cerdas, Bukan Lebih Keras.","Sèl zouti yon kiltivatè kochon bezwen.\nFèm pi entelijan, pa pi rèd.",ဝက်မွေးမြူရေးသမားလိုအပ်သော တစ်ခုတည်းသောကိရိယာ။\nပိုမိုထက်မြက်သော၊ မခက်ပါ။
upcoming_activities,main,UPCOMING ACTIVITIES,ACTIVITÉS À VENIR,即将进行的活动,ACTIVIDADES PRÓXIMAS,MGA DARATING NA AKTIBIDAD,HOẠT ĐỘNG SẮP TỚI,กิจกรรมที่กำลังจะมาถึง,ATIVIDADES PRÓXIMAS,आगामी गतिविधियाँ,SHUGHULI ZINAZOkuja,KEGIATAN MENDATANG,AKTIVITE YO YO,လာမည့် လှုပ်ရှားမှုများ
quick_access,main,QUICK ACCESS,ACCÈS RAPIDE,快速访问,ACCESO RÁPIDO,MABILIS NA ACCESS,TRUY CẬP NHANH,การเข้าถึงด่วน,ACESSO RÁPIDO,त्वरित पहुँच,UPATIKANAJI WA HARAKA,AKSES CEPAT,AKSÈ RAPID,အမြန်ဝင်ရောက်ခွင့်
add_pig,main,Add Pig(s),Ajouter un porc,添加猪,Añadir cerdo,Magdagdag ng Baboy,Thêm heo,เพิ่มสุกร,Adicionar Porco(s),सूअर जोड़ें,Ongeza Nguruwe,Tambahkan Babi,Ajoute kochon (yo),ဝက်(များ) ထည့်ပါ
feed_calc,main,Feed Calculator,Calc. d'alim.,饲料计算,Calc. Alim.,Kalkulator ng Pagkain,Máy tính thức ăn,เครื่องคำวณอาหาร,Calc. Alimentação,चारा कैलकुलेटर,Kikokotoo cha Kulisha,Kalkulator Umpan,Feed Calculator,Feed Calculator
formulator,main,Formulator,Formulateur,配方器,Formulador,Formulator,Công thức,สูตรอาหาร,Formulador,फॉर्मुलेटर,Kiundaji,perumus,Fòmilatè,ဖော်မြူလာ
login,main,Login,Connexion,登录,Iniciar sesión,Mag-login,Đăng nhập,เข้าสู่ระบบ,Login,लॉगिन,Ingia,Login,Konekte,လော့ဂ်အင်
create_account,main,Create Account,Créer un compte,创建账户,Crear cuenta,Gumawa ng Account,Tạo tài khoản,สร้างบัญชี,Criar Conta,खाता बनाएँ,Fungua Akaunti,Buat Akun,Kreye Kont,အကောင့်ပြုလုပ်ပါ
email,main,Email,E-mail,电子邮件,Correo electrónico,Email,Email,อีเมล,E-mail,ईमेल,Barua pepe,E-mail,Imèl,အီးမေးလ်
password,main,Password,Mot de passe,密码,Contraseña,Password,Mật khẩu,รหัสผ่าน,Senha,पासवर्ड,Nenosiri,Kata sandi,Modpas,စကားဝှက်
first_name,main,First Name,Prénom,名字,Nombre,Pangalan,Tên,ชื่อ,Nome,पहला नाम,Jina la kwanza,Nama depan,Premye Non,နာမည်
last_name,main,Last Name,Nom,姓氏,Apellido,Apelyido,Họ,นามสกุล,Sobrenome,अंतिम नाम,Jina la mwisho,Nama Belakang,Siyati,မျိုးနွယ်အမည်
farm_name,main,Farm Name,Nom de la ferme,农场名称,Nombre de la granja,Pangalan ng Farm,Tên trang trại,ชื่อฟาร์ม,Nome da Fazenda,फार्म का नाम,Jina la Shamba,Nama Peternakan,Non Farm,ခြံအမည်
country,main,Country,Pays,国家,País,Bansa,Quốc gia,ประเทศ,País,देश,Nchi,Negara,Peyi,တိုင်းပြည်
select_language,main,Select Language,Choisir la langue,选择语言,Seleccionar idioma,Pumili ng Wika,Chọn ngôn ngữ,เลือกภาษา,Selecionar Idioma,भाषा चुनें,Chagua Lugha,Pilih Bahasa,Chwazi Lang,ဘာသာစကားကို ရွေးပါ။
forgot_password,main,Forgot Password?,Mot de passe oublié ?,忘记密码？,¿Olvidaste tu contraseña?,Nakalimutan ang Password?,Quên mật khẩu?,ลืมรหัสผ่าน?,Esqueceu a senha?,पासवर्ड भूल गए?,Umesahau Nenosiri?,Lupa Kata Sandi?,Ou Bliye Modpas?,စကားဝှက်မေ့နေပါသလား?
search_country,main,Search country...,Chercher un pays...,搜索国家...,Buscar país...,Maghanap ng bansa...,Tìm kiếm quốc gia...,ค้นหาประเทศ...,Buscar país...,देश खोजें...,Tafuta nchi...,Telusuri negara...,Chèche peyi...,နိုင်ငံကိုရှာပါ...
keep_typing,main,Keep typing to find your country...,Continuez à taper...,继续输入...,Sigue escribiendo...,Ipagpatuloy ang pag-type...,Tiếp tục nhập...,พิมพ์ต่อเพื่อค้นหา...,Continue digitando...,खोजने के लिए टाइप करते रहें...,Endelea kuandika ili kutafuta nchi yako...,Teruslah mengetik untuk menemukan negara Anda...,Kontinye ekri pou w jwenn peyi w...,သင့်နိုင်ငံကို ရှာရန် စာရိုက်ပါ...
create_account_btn,main,Create Account,Créer un compte,创建账户,Crear cuenta,Gumawa ng Account,Tạo tài khoản,สร้างบัญชี,Criar Conta,खाता बनाएँ,Fungua Akaunti,Buat Akun,Kreye Kont,အကောင့်ပြုလုပ်ပါ
login_btn,main,Login,Connexion,登录,Iniciar sesión,Mag-login,Đăng nhập,เข้าสู่ระบบ,Login,लॉगिन,Ingia,Login,Konekte,လော့ဂ်အင်
no_account,main,New Here? Click to Sign Up,Nouveau ici ? Cliquez pour vous inscrire,新用户？点击注册,¿Eres nuevo? Haz clic para registrarte,Bago ka ba? Mag-click para mag-sign up,Bạn mới đến? Nhấp để đăng ký,ใหม่ที่นี่? คลิกเพื่อลงทะเบียน,Novo aqui? Clique para se inscrever,यहाँ नए हैं? साइन अप करने के लिए क्लिक करें,Mpya Hapa? Bofya ili Kujisajili,Baru Disini? Klik untuk Mendaftar,Nouvo isit la? Klike pou w Enskri,ဒီမှာ အသစ်လား။ အကောင့်ဖွင့်ရန် နှိပ်ပါ။
have_account,main,Already have an account? Login,Déjà un compte ? Connexion,已有账户？登录,¿Ya tienes cuenta? Inicia sesión,May account na? Mag-login,Đã có tài khoản? Đăng nhập,มีบัญชีอยู่แล้ว? เข้าสู่ระบบ,Já tem uma conta? Login,पहले से खाता है? लॉगिन करें,"Je, tayari una akaunti? Ingia",Sudah punya akun? Login,Ou deja gen yon kont? Konekte,အကောင့်ရှိပြီးသားလား။ လော့ဂ်အင်
confirm_password,main,Confirm Password,Confirmer le mot de passe,确认密码,Confirmar contraseña,Kumpirmahin ang Password,Xác nhận mật khẩu,ยืนยันรหัสผ่าน,Confirmar Senha,पासवर्ड की पुष्टि करें,Thibitisha Nenosiri,Konfirmasi Kata Sandi,Konfime Modpas,စကားဝှက်အတည်ပြုခြင်း
reset_password_title,main,Reset Password,Réinitialiser le mot de passe,重置密码,Restablecer contraseña,I-reset ang Password,Đặt lại mật khẩu,รีเซ็ตรหัสผ่าน,Redefinir Senha,पासवर्ड रीसेट करें,Weka upya Nenosiri,Atur Ulang Kata Sandi,Reyajiste Modpas,စကားဝှက်ကို ပြန်လည်သတ်မှတ်ပါ။
reset_password_msg,main,Enter your email to receive a reset link.,Entrez votre e-mail pour recevoir un lien de réinitialisation.,输入您的电子邮件以接收重置链接。,Ingrese su correo electrónico para recibir un enlace de restablecimiento.,Ipasok ang iyong email para makatanggap ng reset link.,Nhập email của bạn để nhận liên kết đặt lại.,กรอกอีเมลของคุณเพื่อรับลิงก์รีเซ็ต,Digite seu e-mail para receber um link de redefinição.,रीसेट लिंक प्राप्त करने के लिए अपना ईमेल दर्ज करें।,Weka barua pepe yako ili kupokea kiungo cha kuweka upya.,Masukkan email Anda untuk menerima tautan reset.,Antre imel ou a pou resevwa yon lyen reset.,ပြန်လည်သတ်မှတ်သည့်လင့်ခ်ကို လက်ခံရရှိရန် သင့်အီးမေးလ်ကို ထည့်သွင်းပါ။
reset_link_sent,main,Reset link sent!,Lien de réinitialisation envoyé !,重置链接已发送！,¡Enlace de restablecimiento enviado!,Reset link naipadala na!,Đã gửi liên kết đặt lại!,ส่งลิงก์รีเซ็ตแล้ว!,Link de redefinição enviado!,रीसेट लिंक भेज दिया गया है!,Kiungo cha kuweka upya kimetumwa!,Setel ulang tautan terkirim!,Reset lyen voye!,ပေးပို့ထားသော လင့်ခ်ကို ပြန်လည်သတ်မှတ်ပါ။
send_btn,main,Send,Envoyer,发送,Enviar,Ipadala,Gửi,ส่ง,Enviar,भेजें,Tuma,Mengirim,Voye,ပို့ပါ။
close_btn,main,Close,Fermer,关闭,Cerrar,Isara,Đóng,ปิด,Fechar,बंद करें,Funga,Menutup,Fèmen,ပိတ်လိုက်
fill_all_fields,main,Please fill in all fields,Veuillez remplir tous les champs,请填写所有字段,Por favor complete todos los campos,Mangyaring punan ang lahat ng field,Vui lòng điền đầy đủ các trường,กรุณากรอกข้อมูลให้ครบทุกช่อง,"Por favor, preencha todos os campos",कृपया सभी फ़ील्ड भरें,Tafadhali jaza sehemu zote,Silakan isi semua kolom,Tanpri ranpli tout jaden yo,ကွက်လပ်အားလုံးကို ဖြည့်ပါ။
passwords_mismatch,main,Passwords do not match,Les mots de passe ne correspondent pas,密码不匹配,Las contraseñas no coinciden,Hindi tugma ang mga password,Mật khẩu không khớp,รหัสผ่านไม่ตรงกัน,As senhas não coincidem,पासवर्ड मेल नहीं खाते,Manenosiri hayalingani,Kata sandi tidak cocok,Modpas pa koresponn,စကားဝှက်များ မတိုက်ဆိုင်ပါ။
password_short,main,Password must be at least 6 characters,Le mot de passe doit comporter au moins 6 caractères,密码必须至少为 6 个字符,La contraseña debe tener al menos 6 caracteres,Ang password ay dapat hindi bababa sa 6 na karakter,Mật khẩu phải có ít nhất 6 ký tự,รหัสผ่านต้องมีอย่างน้อย 6 ตัวอักษร,A senha deve ter pelo menos 6 caracteres,पासवर्ड कम से कम 6 अक्षरों का होना चाहिए,Nenosiri lazima liwe na angalau vibambo 6,Kata sandi minimal harus 6 karakter,Modpas dwe gen omwen 6 karaktè,စကားဝှက်သည် အနည်းဆုံး အက္ခရာ 6 လုံး ရှိရမည်။
login_failed,main,Login failed,Échec de la connexion,登录失败,Error de inicio de sesión,Bigo ang pag-login,Đăng nhập thất bại,เข้าสู่ระบบล้มเหลว,Falha no login,लॉगिन विफल रहा,Kuingia kumeshindwa,Gagal masuk,Login echwe,လော့ဂ်အင်မအောင်မြင်ပါ
signup_failed,main,Signup failed,Échec de l'inscription,注册失败,Error de registro,Bigo ang pag-sign up,Đăng ký thất bại,ลงทะเบียนล้มเหลว,Falha no cadastro,साइनअप विफल रहा,Kujisajili kumeshindwa,Pendaftaran gagal,Enskripsyon echwe,စာရင်းသွင်းမှု မအောင်မြင်ပါ။
profile_save_failed,main,Account created but profile saving failed,Compte créé mais l'enregistrement du profil a échoué,账户已创建但配置文件保存失败,Cuenta creada pero falló el guardado del perfil,Gumawa ng account pero bigo ang pag-save ng profile,Đã tạo tài khoản nhưng lưu hồ sơ thất bại,สร้างบัญชีสำเร็จแต่บันทึกโปรไฟล์ล้มเหลว,"Conta criada, mas falha ao salvar perfil",खाता बन गया लेकिन प्रोफ़ाइल सहेजने में विफल रहा,Akaunti imeundwa lakini uhifadhi wa wasifu umeshindwa,Akun dibuat tetapi penyimpanan profil gagal,Kont kreye men ekonomize pwofil la echwe,အကောင့်ဖန်တီးထားသော်လည်း ပရိုဖိုင်သိမ်းဆည်းခြင်း မအောင်မြင်ပါ။
home,main,Home,Accueil,首页,Inicio,Home,Trang chủ,หน้าแรก,Início,होम,Nyumbani,Rumah,Lakay,အိမ်
account,main,Account,Compte,账户,Cuenta,Account,Tài khoản,บัญชี,Conta,खाता,Akaunti,Akun,Kont,အကောင့်
edit_profile,main,Edit Profile,Modifier le profil,编辑资料,Editar perfil,I-edit ang Profile,Chỉnh sửa hồ sơ,แก้ไขโปรไฟล์,Editar Perfil,प्रोफ़ाइल संपादित करें,Badilisha Wasifu,Sunting Profil,Edit Profile,Profile ကို တည်းဖြတ်ပါ။
edit_profile_subtitle,main,Update your farm and personal details,Mettre à jour les détails de la ferme,更新您的农场和个人详情,Actualice los detalles de su granja,I-update ang iyong farm at personal na detalye,Cập nhật thông tin trang trại và cá nhân,อัปเดตรายละเอียดฟาร์มและข้อมูลส่วนตัว,Atualize os detalhes da fazenda,अपने फार्म और व्यक्तिगत विवरण अपडेट करें,Sasisha shamba lako na maelezo ya kibinafsi,Perbarui data pertanian dan pribadi Anda,Mete ajou fèm ou ak detay pèsonèl ou,သင့်လယ်ယာနှင့် ကိုယ်ရေးကိုယ်တာအသေးစိတ်အချက်အလက်များကို အပ်ဒိတ်လုပ်ပါ။
preferences,main,Preferences,Préférences,偏好设置,Preferencias,Mga Kagustuhan,Sở thích,การตั้งค่าที่ชอบ,Preferências,प्राथमिकताएँ,Mapendeleo,Preferensi,Preferans,နှစ်သက်ရာ
push_notifications,main,Push Notifications,Notifications,推送通知,Notificaciones,Mga Push Notification,Thông báo,การแจ้งเตือน,Notificações,पुश नोटिफिकेशन,Arifa za Push,Pemberitahuan Dorong,Pouse Notifikasyon,အကြောင်းကြားချက်များကို တွန်းပါ။
push_notifications_subtitle,main,Receive alerts for tasks and reports,Recevoir des alertes,接收任务和报告提醒,Recibir alertas,Makatanggap ng mga alerto,Nhận cảnh báo,รับการแจ้งเตือนสำหรับงานและรายงาน,Receber alertas,अलर्ट प्राप्त करें,Pokea arifa za kazi na ripoti,Terima peringatan untuk tugas dan laporan,Resevwa alèt pou travay ak rapò,လုပ်ဆောင်စရာများနှင့် အစီရင်ခံစာများအတွက် သတိပေးချက်များကို လက်ခံပါ။
notif_upcoming,main,Upcoming Activity,Activité à venir,即将进行的活动,Actividad próxima,Darating na Aktibidad,Hoạt động sắp tới,กิจกรรมที่กำลังจะมาถึง,Atividade futura,आगामी गतिविधि,Shughuli Ijayo,Aktivitas Mendatang,Aktivite kap vini,လာမည့် လုပ်ဆောင်ချက်
notif_due_today,main,Activity Due Today,Activité prévue aujourd'hui,今日到期活动,Actividad para hoy,Aktibidad na Nakatakda Ngayon,Hoạt động đến hạn hôm nay,กิจกรรมที่ครบกำหนดวันนี้,Atividade vencendo hoje,गतिविधि आज देय है,Shughuli Inayostahili Leo,Aktivitas Karena Hari Ini,Aktivite pou jodia,ယနေ့ လှုပ်ရှားမှု
notif_overdue,main,PAST-DUE Activity,Activité EN RETARD,逾期活动,Actividad ATRASADA,LAMPAS NA AKTIBIDAD,Hoạt động QUÁ HẠN,กิจกรรมที่เกินกำหนด,Atividade ATRASADA,विलंबित गतिविधि,Shughuli ya PAST-DUE,Aktivitas MASA LALU,Aktivite PAST-DUE,အတိတ်ကာလ လုပ်ဆောင်ချက်
notif_msg_in_2_days,main,Reminder: %s is in 2 days.,Rappel : %s est dans 2 jours.,提醒：%s 将在 2 天后开始。,Recordatorio: %s es en 2 días.,Paalala: Ang %s ay sa loob ng 2 araw.,Nhắc nhở: %s sẽ diễn ra sau 2 ngày.,แจ้งเตือน: %s จะครบกำหนดในอีก 2 วัน,Lembrete: %s é em 2 dias.,अनुस्मारक: %s 2 दिनों में है।,Kikumbusho: %s ni baada ya siku 2.,Pengingat: %s dalam 2 hari.,Rapèl: %s nan 2 jou.,သတိပေးချက်- %s သည် 2 ရက်အတွင်းဖြစ်သည်။
notif_msg_tomorrow,main,Reminder: %s is tomorrow.,Rappel : %s est pour demain.,提醒：%s 将在明天开始。,Recordatorio: %s es mañana.,Paalala: Ang %s ay bukas.,Nhắc nhở: %s là ngày mai.,แจ้งเตือน: %s ครบกำหนดพรุ่งนี้,Lembrete: %s é amanhã.,अनुस्मारक: %s कल है।,Kikumbusho: %s ni kesho.,Pengingat: %s adalah besok.,Rapèl: %s se demen.,သတိပေးချက်- %s သည် မနက်ဖြန်ဖြစ်သည်။
notif_msg_today,main,Reminder: %s is scheduled for today!,Rappel : %s est prévu pour aujourd'hui !,提醒：%s 计划在今天进行！,Recordatorio: ¡%s está programado para hoy!,Paalala: Ang %s ay nakatakda ngayong araw!,Nhắc nhở: %s được lên lịch cho hôm nay!,แจ้งเตือน: %s มีกำหนดการในวันนี้!,Lembrete: %s está programada para hoje!,अनुस्मारक: %s आज के लिए निर्धारित है!,Kikumbusho: %s imeratibiwa kuwa leo!,Pengingat: %s dijadwalkan hari ini!,Rapèl: %s pwograme pou jodi a!,သတိပေးချက်- %s ကို ယနေ့အတွက် စီစဉ်ထားပါသည်။
notif_msg_yesterday,main,Urgent: %s was due yesterday!,Urgent : %s était dû hier !,紧急：%s 昨天已到期！,Urgente: ¡%s venció ayer!,Pangmadalian: Ang %s ay dapat natapos kahapon!,Khẩn cấp: %s đã đến hạn hôm qua!,เร่งด่วน: %s เลยกำหนดเมื่อวานนี้!,Urgente: %s venceu ontem!,तत्काल: %s कल देय था!,Haraka: %s ililipwa jana!,Mendesak: %s sudah jatuh tempo kemarin!,Ijan: %s te dwe yè!,အရေးတကြီး- %s သည် ယမန်နေ့က ပေးဆောင်ရသည်။
notif_msg_overdue,main,Urgent: %s is now 2 days overdue!,Urgent : %s a maintenant 2 jours de retard !,紧急：%s 已逾期 2 天！,Urgente: ¡%s tiene 2 días de retraso!,Pangmadalian: Ang %s ay lampas na ng 2 araw!,Khẩn cấp: %s đã quá hạn 2 ngày!,เร่งด่วน: %s เลยกำหนดมา 2 วันแล้ว!,Urgente: %s está com 2 dias de atraso!,तत्काल: %s अब 2 दिन विलंबित है!,Haraka: %s sasa imechelewa kwa siku 2!,Penting: %s sekarang sudah lewat 2 hari!,Ijan: %s gen 2 jou anreta kounye a!,အရေးပေါ်- %s သည် ယခု 2 ရက် နောက်ကျနေပြီဖြစ်သည်။
notif_summary,main,You have %d farm activities to check.,Vous avez %d activités de ferme à vérifier.,您有 %d 项农场活动需要检查。,Tienes %d actividades de la granja para revisar.,Mayroon kang %d aktibidad sa farm na dapat suriin.,Bạn có %d hoạt động nông trại cần kiểm tra.,คุณมีกิจกรรมในฟาร์ม %d รายการที่ต้องตรวจสอบ,Você tem %d atividades da fazenda para verificar.,आपके पास जाँचने के लिए %d फ़ार्म गतिविधियाँ हैं।,Una shughuli %d za shamba za kuangalia.,Anda memiliki %d aktivitas pertanian untuk diperiksa.,Ou gen %d aktivite fèm pou tcheke.,သင့်တွင် စစ်ဆေးရန် လယ်ယာလုပ်ငန်း %d ခုရှိသည်။
dark_mode,main,Dark Mode,Mode sombre,深色模式,Modo oscuro,Dark Mode,Chế độ tối,โหมดมืด,Modo Escuro,डार्क मोड,Hali ya Giza,Mode Gelap,Mòd nwa,အမှောင်မုဒ်
dark_mode_subtitle,main,Toggle dark theme for the app,Basculer le thème sombre,切换应用深色主题,Cambiar a tema oscuro,I-toggle ang dark theme,Chuyển đổi giao diện tối,สลับธีมมืด,Alternar tema escuro,डार्क थीम बदलें,Geuza mandhari meusi kwa programu,Alihkan tema gelap untuk aplikasi,Deklanche tèm nwa pou aplikasyon an,အက်ပ်အတွက် အမှောင်အပြင်အဆင်ကို ပြောင်းပါ။
weaning,main,Weaning,Sevrage,断奶,Destete,Pawalay,Cai sữa,การหย่านม,Desmame,दूध छुड़ाना,Kuachisha ziwa,Menyapih,Sevre,နို့ဖြတ်သည်။
farrowing,main,Farrowing,Mise bas,分娩,Parto,Pag-anak,Đẻ,การคลอด,Parto,बच्चे देना,Farrowing,Farrowing,Farrowing,ထွားသည်။
iron_injection,main,Iron Injection,Injection de fer,铁剂注射,Inyección de hierro,Iniksyon ng Bakal,Tiêm sắt,การฉีดธาตุเหล็ก,Injeção de Ferro,आयरन इंजेक्शन,Sindano ya Chuma,Injeksi Besi,Piki fè,သံထိုးဆေး
porker_status,main,Porker's Status,Statut des porcs,肉猪状态,Estado del cerdo,Katayuan ng Porker,Trạng thái heo thịt,สถานะสุกรขุน,Status do Suíno,पोर्कर स्थिति,Hali ya Porker,Status Babi,Estati Porker a,ဝက်သား၏ အဆင့်အတန်း
breeder_status,main,Breeder's Status,Statut des reproducteurs,种猪状态,Estado del criador,Katayuan ng Breeder,Trạng thái heo giống,สถานะสุกรพันธุ์,Status do Reprodutor,ब्रीडर स्थिति,Hali ya Mfugaji,Status Peternak,Estati Breeder a,မွေးမြူသူ၏အခြေအနေ
terminology_classification,main,Terminology & Classification,Terminologie et Classification,术语与分类,Terminología y clasificación,Terminolohiya at Klasipikasyon,Thuật ngữ & Phân loại,คำศัพท์และการจัดประเภท,Terminologia e Classificação,शब्दावली और वर्गीकरण,Istilahi na Uainishaji,Terminologi & Klasifikasi,Terminoloji & Klasifikasyon,ဝေါဟာရနှင့် အမျိုးအစားခွဲခြားခြင်း။
currency,main,Currency,Devise,货币,Moneda,Pera,Tiền tệ,สกุลเงิน,Moeda,मुद्रा,Sarafu,Mata uang,Lajan,ငွေကြေး
data_management,main,Data Management,Gestion des données,数据管理,Gestión de datos,Pamamahala ng Datos,Quản lý dữ liệu,การจัดการข้อมูล,Gestão de Dados,डेटा प्रबंधन,Usimamizi wa Data,Manajemen Data,Jesyon Done,ဒေတာစီမံခန့်ခွဲမှု
about,main,About,À propos,关于,Acerca de,Tungkol sa,Giới thiệu,เกี่ยวกับ,Sobre,के बारे में,Kuhusu,Tentang,Konsènan,အကြောင်း
terms_of_service,main,Terms of Service,Conditions d'utilisation,服务条款,Términos de servicio,Mga Tuntunin ng Serbisyo,Điều khoản dịch vụ,ข้อกำหนดการให้บริการ,Termos de Serviço,सेवा की शर्तें,Masharti ya Huduma,Ketentuan Layanan,Regleman Sèvis,ဝန်ဆောင်မှုစည်းမျဉ်းများ
privacy_policy,main,Privacy Policy,Politique de confidentialité,隐私政策,Política de privacidad,Patakaran sa Privacy,Chính sách bảo mật,นโยบายความเป็นส่วนตัว,Política de Privacidade,गोपनीयता नीति,Sera ya Faragha,Kebijakan Privasi,Règleman sou enfòmasyon prive,ကိုယ်ရေးအချက်အလက်မူဝါဒ
wean_at,main,Wean piglets at,Sevrage à,断奶时间,Destetar lechones a los,Iwalay ang mga biik sa,Cai sữa heo con lúc,หย่านมลูกสุกรที่อายุ,Desmamar leitões aos,पिगलेट्स का दूध छुड़ाएं,Waachishe watoto wa nguruwe saa,Menyapih anak babi di,Sevre porsele nan,Wean piglets at
days,main,days,jours,天,días,araw,ngày,วัน,dias,दिन,siku,hari,jou,နေ့ရက်များ
sows_farrow_at,main,Sows farrow at,Mise bas à,母猪分娩时间,Cerdas paren a los,Ang mga inahin ay manganganak sa,Nái đẻ lúc,แม่สุกรคลอดที่อายุ,Porcas parem aos,सूअर बच्चे देते हैं,Hupanda farrow saa,Menabur jauh di,Simen farrow nan,လယ်ကွင်းမှာ ကြဲတယ်။
iron_administered_on,main,Iron administered on day,Fer administré le jour,补铁时间（出生后第几天）,Hierro administrado el día,Bakal na ibinigay sa araw,Tiêm sắt vào ngày,ฉีดธาตุเหล็กในวันที่,Ferro administrado no dia,आयरन दिया गया दिन,Iron kusimamiwa siku,Zat besi diberikan pada hari itu,Iron administre nan jounen an,သံဓာတ်ကို နေ့စဥ်တိုက်သည်။
after_birth,main,after birth,après la naissance,出生后,después del nacimiento,pagkatapos ipanganak,sau khi sinh,หลังคลอด,após o nascimento,जन्म के बाद,baada ya kuzaliwa,setelah lahir,apre nesans,မွေးပြီးနောက်
and,main,and,et,和,y,at,và,และ,e,और,na,Dan,epi,နှင့်
age_weeks,main,Age (weeks),Âge (semaines),年龄（周）,Edad (semanas),Edad (linggo),Tuổi (tuần),อายุ (สัปดาห์),Idade (semanas),आयु (सप्ताह),Umri (wiki),Usia (minggu),Laj (semèn),အသက် (အပတ်)
weight_kg,main,Weight (kg),Poids (kg),体重（公斤）,Peso (kg),Timbang (kg),Cân nặng (kg),น้ำหนัก (กก.),Peso (kg),वजन (किग्रा),Uzito (kg),Berat (kg),Pwa (kg),အလေးချိန် (ကီလိုဂရမ်)
starter,main,Starter,Starter,乳猪料,Iniciador,Starter,Khởi động,อาหารสุกรแรกเกิด,Inicial,स्टार्टर,Mwanzilishi,Starter,Starter,စတင်သူ
grower,main,Grower,Croissance,中猪料,Crecimiento,Grower,Sinh trưởng,อาหารสุกรรุ่น,Crescimento,ग्रोअर,Mkulima,Penanam,Kiltivatè,စိုက်ပျိုးသူ
finisher,main,Finisher,Finition,育肥科,Finalizador,Finisher,Vỗ béo,อาหารสุกรขุน,Terminação,फिनिशर,Mkamilishaji,Penyelesai,Finisher,အချောထည်
above,main,above,au-dessus,以上,por encima de,higit sa,trên,มากกว่า,acima de,से ऊपर,juu,di atas,pi wo a,အထက်
piglet,main,Piglet,Porcelet,仔猪,Lechón,Biik,Heo con,ลูกสุกร,Leitão,पिगलेट,Nguruwe,anak babi,Kochon,ဝက်ကလေး
weaners,main,Weaners,Sevrés,断奶猪,Destetados,Pawalay,Heo cai sữa,สุกรหย่านม,Desmamados,वीनर्स,Wanyonyaji,penyapih,Sevre,နို့ဖြတ်သူများ
boar_gilt,main,Boar/Gilt,Verrat/Cochette,公猪/后备母猪,Verraco/Marrana,Barako/Dumalla,Heo nọc/Hậu bị,พ่อพันธุ์/สุกรสาว,Cachaço/Marrã,नर/मादा सूअर,Nguruwe/Gilt,Babi Hutan/Emas,Kochon/Gilt,ဝက်/ဂျပ်
castrated_male_is_barrow,main,Castrated Male is Barrow,Mâle castré est un barrow,阉割公猪为阉割猪,Macho castrado es barrow,Ang kinapon na lalaki ay Barrow,Heo đực thiến là heo thịt,ตัวผู้ที่ตอนแล้วคือสุกรตอน,Macho castrado é capado,बधिया नर बैरो है,Mwanaume Aliyehasiwa ni Barrow,Laki-laki yang dikebiri adalah Barrow,Gason kastre se Barrow,Castrated Male သည် Barrow ဖြစ်သည်။
automatically_set_barrow,main,Automatically set status to 'Barrow' if castrated,Définir automatiquement comme 'Mâle castré' si castré,阉割后自动设为'阉割猪',Establecer automáticamente como 'Barrow' si se castra,Awtomatikong itakda ang katayuan sa 'Barrow' kung kinapon,Tự động đặt trạng thái thành 'Heo thịt' nếu đã thiến,ตั้งสถานะเป็น 'สุกรตอน' อัตโนมัติหากตอนแล้ว,Definir automaticamente como 'Capado' se castrado,बधिया होने पर स्थिति को स्वचालित रूप से 'बैरो' सेट करें,Weka hali kiotomatiki kuwa 'Barrow' ikiwa imehasiwa,Secara otomatis mengatur status menjadi 'Barrow' jika dikebiri,Otomatikman mete estati a 'Barrow' si kastre,ပိုင်းခြားထားလျှင် အခြေအနေကို 'Barrow' သို့ အလိုအလျောက် သတ်မှတ်ပါ။
farrowing_female_is_sow,main,Farrowing Female is Sow,Femelle qui met bas est une truie,分娩母猪为经产母猪,Hembra que ha parido es cerda,Ang nanganak na babae ay Inahin,Heo cái đã đẻ là heo nái,ตัวเมียที่เคยคลอดแล้วคือแม่สุกร,Fêmea parida é porca,बच्चे देने वाली मादा सॉ (sow) है,Farrowing Female is Sow,Betina yang Menabur adalah Menabur,Fi k ap fè pitit se simen,Farrowing Favale သည် မျိုးစေ့ဖြစ်သည်။
automatically_set_sow,main,Automatically set status to 'Sow' if farrowing history exists,Définir automatiquement comme 'Truie' si historique de mise bas,有分娩史自动设为'经产母猪',Establecer automáticamente como 'Cerda' si tiene historial de parto,Awtomatikong itakda ang katayuan sa 'Inahin' kung may kasaysayan ng pag-anak,Tự động đặt trạng thái thành 'Heo nái' nếu đã có lịch sử đẻ,ตั้งสถานะเป็น 'แม่สุกร' อัตโนมัติหากมีประวัติการคลอด,Definir automaticamente como 'Porca' se houver histórico de parto,जन्म इतिहास होने पर स्थिति को 'सॉ' सेट करें,Weka hali kiotomatiki kuwa 'Panda' ikiwa historia ya kuzaliana ipo,Secara otomatis mengatur status menjadi 'Menabur' jika ada riwayat farrowing,Otomatikman mete estati a 'Simen' si istwa farrowing egziste,ဆူညံသောမှတ်တမ်းရှိလျှင် အခြေအနေကို 'Sow' တွင် အလိုအလျောက်သတ်မှတ်ပါ။
gilt_classification,main,Gilt Classification,Classification des cochettes,后备母猪分类,Clasificación de marranas,Klasipikasyon ng Dumalla,Phân loại heo hậu bị,การจัดประเภทสุกรสาว,Classificação de Marrãs,गिल्ट वर्गीकरण,Uainishaji wa Gilt,Klasifikasi Emas,Klasifikasyon Gilt,Gilt အမျိုးအစားခွဲခြားခြင်း။
gilt_classification_subtitle,main,Female over %s weeks with no birth history,Femelle de plus de %s semaines sans historique,超过 %s 周且无分娩史的母猪,Hembras de más de %s semanas sin historial de parto,Babaeng baboy na lampas sa %s linggo na walang kasaysayan ng pag-anak,Heo cái trên %s tuần tuổi chưa có lịch sử đẻ,สุกรตัวเมียอายุเกิน %s สัปดาห์ที่ยังไม่มีประวัติการคลอด,Fêmea com mais de %s semanas sem histórico de parto,%s सप्ताह से अधिक की मादा जिसका कोई जन्म इतिहास नहीं है,Mwanamke zaidi ya wiki %s bila historia ya kuzaliwa,Wanita selama %s minggu tanpa riwayat kelahiran,Fi plis pase %s semèn ki pa gen istwa nesans,%s ပတ်ကျော်တွင် မွေးဖွားရာဇဝင်မရှိသော အမျိုးသမီး
currency_unit,main,Currency Unit,Unité monétaire,货币单位,Unidad de moneda,Unit ng Pera,Đơn vị tiền tệ,หน่วยสกุลเงิน,Unidade Monetária,मुद्रा इकाई,Kitengo cha Fedha,Satuan Mata Uang,Inite Lajan,ငွေကြေးယူနစ်
currency_display,main,Display currency as %s (%s),Afficher la devise en %s (%s),货币显示为 %s (%s),Mostrar moneda como %s (%s),Ipakita ang pera bilang %s (%s),Hiển thị tiền tệ dưới dạng %s (%s),แสดงสกุลเงินเป็น %s (%s),Exibir moeda como %s (%s),मुद्रा को %s (%s) के रूप में दिखाएं,Onyesha sarafu kama %s (%s),Tampilkan mata uang sebagai %s (%s),Montre lajan kòm %s (%s),ငွေကြေးကို %s (%s) အဖြစ် ပြသပါ
sync_with_cloud,main,Sync with Cloud,Synchroniser avec le cloud,同步到云端,Sincronizar con la nube,I-sync sa Cloud,Đồng bộ với đám mây,ซิงค์กับคลาวด์,Sincronizar com a Nuvem,क्लाउड के साथ सिंक करें,Sawazisha na Cloud,Sinkronisasi dengan Cloud,Senkronize ak Cloud,Cloud နှင့် စင့်ခ်လုပ်ပါ။
syncing,main,Syncing Data...,Synchronisation...,正在同步...,Sincronizando...,Nag-si-sync ng Datos...,Đang đồng bộ dữ liệu...,กำลังซิงค์ข้อมูล...,Sincronizando Dados...,डेटा सिंक हो रहा है...,Inasawazisha Data...,Menyinkronkan Data...,Senkronize done...,ဒေတာစင့်ခ်လုပ်နေသည်...
last_synced,main,Last synced: %s,Dernière synchro: %s,上次同步: %s,Última sincronización: %s,Huling na-sync: %s,Đồng bộ lần cuối: %s,ซิงค์ล่าสุด: %s,Última sincronização: %s,अंतिम बार सिंक किया गया: %s,Mara ya mwisho kusawazishwa: %s,Terakhir disinkronkan: %s,Dènye senkronize: %s,နောက်ဆုံး စင့်ခ်လုပ်ထားသည်- %s
never,main,Never,Jamais,从不,Nunca,Hindi kailanman,Chưa bao giờ,ไม่เคย,Nunca,कभी नहीं,Kamwe,Tidak pernah,Pa janm,ဘယ်တော့မှ
clear_herd_data,main,Clear Herd Data,Effacer données troupeau,清除猪群数据,Borrar datos del ganado,I-clear ang Datos ng Kawan,Xóa dữ liệu đàn,ล้างข้อมูลฝูงสัตว์,Limpar Dados do Rebanho,पशु झुंड डेटा साफ़ करें,Futa Data ya Mifugo,Hapus Data Kawanan,Klè done twoupo yo,ဟာ့ဒ်ဒေတာကို ရှင်းလင်းပါ။
clear_herd_subtitle,main,Remove all active and archived pig records,Supprimer tous les enregistrements de porcs,移除所有活跃和归档的猪只记录,Eliminar registros de cerdos,Alisin ang lahat ng aktibo at naka-archive na rekord,Xóa tất cả hồ sơ heo,ลบประวัติสุกรทั้งหมด,Remover todos os registros de porcos,सभी सूअर रिकॉर्ड हटा दें,Ondoa rekodi zote za nguruwe zilizo hai na zilizohifadhiwa,Hapus semua catatan babi yang aktif dan diarsipkan,Retire tout dosye kochon aktif ak achiv yo,လက်ရှိနှင့် သိမ်းဆည်းထားသော ဝက်မှတ်တမ်းများအားလုံးကို ဖယ်ရှားပါ။
clear_financials,main,Clear Financials,Effacer finances,清除财务数据,Borrar finanzas,I-clear ang Pinansyal,Xóa tài chính,ล้างข้อมูลการเงิน,Limpar Finanças,वित्तीय डेटा साफ़ करें,Wazi wa Fedha,Keuangan yang Jelas,Finansye klè,ငွေရေးကြေးရေးရှင်းပါ။
clear_financials_subtitle,main,Remove all income and expense records,Supprimer revenus et dépenses,移除所有收入和支出记录,Eliminar ingresos y gastos,Alisin ang lahat ng rekord ng kita at gastos,Xóa tất cả hồ sơ thu chi,ลบประวัติรายรับรายจ่ายทั้งหมด,Remover registros de receitas e despesas,सभी आय और व्यय रिकॉर्ड हटा दें,Ondoa rekodi zote za mapato na gharama,Hapus semua catatan pendapatan dan pengeluaran,Retire tout dosye revni ak depans,ဝင်ငွေနှင့် ကုန်ကျစရိတ် မှတ်တမ်းအားလုံးကို ဖယ်ရှားပါ။
clear_feed_data,main,Clear Feed Data,Effacer données alim.,清除饲料数据,Borrar datos alim.,I-clear ang Datos ng Pagkain,Xóa dữ liệu thức ăn,ล้างข้อมูลอาหาร,Limpar Dados de Alimentação,चारा डेटा साफ़ करें,Futa Data ya Milisho,Hapus Data Umpan,Klè done Feed,ဖိဒ်ဒေတာကို ရှင်းလင်းပါ။
clear_feed_subtitle,main,Reset ingredients and requirements,Réinitialiser ingrédients,重置成分和需求,Restablecer ingredientes,I-reset ang mga sangkap at kinakailangan,Đặt lại thành phần và nhu cầu,รีเซ็ตส่วนผสมและความต้องการอาหาร,Redefinir ingredientes e requisitos,सामग्री और आवश्यकताओं को रीसेट करें,Weka upya viungo na mahitaji,Atur ulang bahan dan persyaratan,Reyajiste engredyan ak kondisyon,ပါဝင်ပစ္စည်းများနှင့် လိုအပ်ချက်များကို ပြန်လည်သတ်မှတ်ပါ။
clear_hr_staff,main,Clear HR & Staff,Effacer RH,清除人力资源和员工,Borrar RRHH,I-clear ang HR at Staff,Xóa nhân sự,ล้างข้อมูลทรัพยากรบุคคล,Limpar RH e Equipe,मानव संसाधन और कर्मचारी डेटा साफ़ करें,Wazi HR & Wafanyakazi,Hapus SDM & Staf,Klè HR ak Anplwaye,HR နှင့် ဝန်ထမ်းများကို ရှင်းလင်းပါ။
clear_hr_subtitle,main,Remove all staff records and salary logs,Supprimer personnel,移除所有员工记录和工资日志,Eliminar personal,Alisin ang lahat ng rekord ng staff at logs ng sahod,Xóa tất cả hồ sơ nhân viên và lương,ลบประวัติพนักงานและข้อมูลเงินเดือน,Remover registros de equipe e logs salariais,सभी कर्मचारी रिकॉर्ड हटा दें,Ondoa rekodi zote za wafanyikazi na kumbukumbu za mishahara,Hapus semua catatan staf dan log gaji,Retire tout dosye anplwaye yo ak jounal salè yo,ဝန်ထမ်းမှတ်တမ်းများနှင့် လစာမှတ်တမ်းအားလုံးကို ဖယ်ရှားပါ။
factory_reset,main,Factory Reset,Réinitialisation d'usine,恢复出厂设置,Restablecimiento de fábrica,Factory Reset,Khôi phục cài đặt gốc,รีเซ็ตจากโรงงาน,Redefinição de Fábrica,फ़ैक्टरी रीसेट,Rudisha Kiwanda,Reset Pabrik,Reset faktori,Factory Reset ပြုလုပ်ခြင်း။
factory_reset_subtitle,main,Wipe all farm data and start fresh,Tout effacer,清除所有农场数据并重新开始,Borrar todo,Burahin ang lahat ng datos ng farm,Xóa sạch dữ liệu trang trại,ล้างข้อมูลฟาร์มทั้งหมดและเริ่มใหม่,Limpar todos os dados da fazenda,सभी फार्म डेटा मिटा दें,Futa data yote ya shamba na uanze upya,Hapus semua data pertanian dan mulai dari awal,Siye tout done fèm yo epi kòmanse fre,လယ်ယာဒေတာအားလုံးကို ဖျက်ပြီး အသစ်ပြန်စပါ။
app_version,main,App Version %s,Version %s,应用版本 %s,Versión %s,Bersyon ng App %s,Phiên bản ứng dụng %s,เวอร์ชันแอป %s,Versão do App %s,ऐप संस्करण %s,Toleo la Programu %s,Versi Aplikasi %s,Vèsyon aplikasyon %s,အက်ပ်ဗားရှင်း %s
no_upcoming_activities,main,No upcoming activities,Aucune activité à venir,没有即将进行的活动,No hay actividades próximas,Walang darating na aktibidad,Không có hoạt động sắp tới,ไม่มีกิจกรรมที่กำลังจะมาถึง,Nenhuma atividade próxima,कोई आगामी गतिविधि नहीं,Hakuna shughuli zijazo,Tidak ada aktivitas mendatang,Pa gen aktivite k ap vini yo,လာမည့်လှုပ်ရှားမှုများမရှိပါ။
your_farm,main,Your Farm,Votre Ferme,您的农场,Tu granja,Iyong Bukid,Trang trại của bạn,ฟาร์มของคุณ,Sua Fazenda,आपका फ़ार्म,Shamba Lako,Peternakan Anda,Fèm ou a,မင်းရဲ့ခြံ
user,main,User,Utilisateur,用户,Usuario,User,Người dùng,ผู้ใช้งาน,Usuário,उपयोगकर्ता,Mtumiaji,Pengguna,Itilizatè,အသုံးပြုသူ
general,main,General,Général,通用,General,Pangkalahatan,Chung,ทั่วไป,Geral,सामान्य,Mkuu,Umum,Jeneral,အထွေထွေ
general_task,main,General Task,Tâche Générale,普通任务,Tarea general,Pangkalahatang Gawain,Nhiệm vụ chung,งานทั่วไป,Tarefa Geral,सामान्य कार्य,Kazi ya Jumla,Tugas Umum,Travay jeneral,အထွေထွေအလုပ်
feed_pigs,main,Feed Pigs,Nourrir les Cochons,喂猪,Alimentar cerdos,Pakainin ang mga Baboy,Cho heo ăn,ให้อาหารหมู,Alimentar Porcos,सुअरों को खिलाना,Lisha Nguruwe,Beri Makan Babi,Manje kochon,ဝက်စာကျွေးပါ။
good_morning,main,Good morning,Bonjour,早上好,Buenos días,Magandang umaga,Chào buổi sáng,อรุณสวัสดิ์,Bom dia,सुप्रभात,Habari za asubuhi,Selamat pagi,Bon maten,မင်္ဂလာနံနက်ခင်းပါ
good_afternoon,main,Good afternoon,Bon après-midi,下午好,Buenas tardes,Magandang hapon,Chào buổi chiều,สวัสดีตอนบ่าย,Boa tarde,नमस्कार,Habari za mchana,Selamat siang,Bon apremidi,မင်္ဂလာနေ့လည်ခင်းပါ
good_evening,main,Good evening,Bonsoir,晚上好,Buenas noches,Magandang gabi,Chào buổi tối,สวัสดีตอนเย็น,Boa noite,शुभ संध्या,Habari za jioni,Selamat malam,Bonswa,မင်္ဂလာညနေခင်းပါ
subscription,main,Subscription,Abonnement,订阅,Suscripción,Subscription,Gói đăng ký,การสมัครสมาชิก,Assinatura,सदस्यता,Usajili,Berlangganan,Abònman,စာရင်းသွင်းပါ။
profile,main,Profile,Profil,个人资料,Perfil,Profile,Hồ sơ,โปรไฟล์,Perfil,प्रोफ़ाइल,Wasifu,Profil,Profile,ကိုယ်ရေးအကျဉ်း
weeks,main,weeks,semaines,周,semanas,linggo,tuần,สัปดาห์,semanas,सप्ताह,wiki,minggu,semèn,ရက်သတ္တပတ်
kg,main,kg,kg,公斤,kg,kg,kg,กก.,kg,किग्रा,kilo,kg,kg,ကီလိုဂရမ်
herd_data_title,main,HERD DATA,DONNÉES DU TROUPEAU,猪群数据,DATOS DEL GANADO,DATOS NG KAWAN,DỮ LIỆU ĐÀN,ข้อมูลฝูงสัตว์,DADOS DO REBANHO,पशु झुंड डेटा,DATA YA MFUGO,DATA Kawanan,DONE HERD,HERD ဒေတာ
export_pdf,main,Export All PDF,Exporter tout en PDF,导出全部 PDF,Exportar todo PDF,I-export Lahat PDF,Xuất PDF tất cả,ส่งออก PDF ทั้งหมด,Exportar tudo PDF,सभी PDF निर्यात करें,Hamisha PDF Zote,Ekspor Semua PDF,Ekspòte tout PDF,PDF အားလုံးကို ထုတ်ယူပါ။
add_pig_btn,main,Add Pig(s),Ajouter un/des porc(s),添加猪只,Añadir cerdo(s),Magdagdag ng Baboy,Thêm heo,เพิ่มสุกร,Adicionar Porco(s),सूअर जोड़ें,Ongeza Nguruwe,Tambahkan Babi,Ajoute kochon (yo),ဝက်(များ) ထည့်ပါ
no_pigs_yet,main,No pigs in the herd yet.,Pas encore de porcs dans le troupeau.,猪群中还没有猪。,Aún no hay cerdos en el ganado.,Wala pang mga baboy sa kawan.,Chưa có heo trong đàn.,ยังไม่มีสุกรในฝูง,Ainda não há porcos no rebanho.,झुंड में अभी कोई सूअर नहीं है।,Hakuna nguruwe kwenye kundi bado.,Belum ada babi di kawanannya.,Pa gen kochon nan bann bèt la ankò.,နွားမှာ ဝက်မရှိသေးဘူး။
no_matching_pigs,main,No matching pigs found.,Aucun porc correspondant trouvé.,未找到匹配的猪。,No se encontraron cerdos coincidentes.,Walang nahanap na tugmang baboy.,Không tìm thấy heo phù hợp.,ไม่พบสุกรที่ตรงกัน,Nenhum porco correspondente encontrado.,कोई मेल खाने वाला सूअर नहीं मिला।,Hakuna nguruwe wanaolingana waliopatikana.,Tidak ditemukan babi yang cocok.,Pa jwenn kochon ki matche.,တူညီသောဝက်များကိုမတွေ့ပါ။
search_placeholder,main,"Search by Tag, Breed, or Location","Rechercher par étiquette, race ou emplacement",按耳号、品种或位置搜索,"Buscar por etiqueta, raza o ubicación","Maghanap sa Tag, Breed, o Lokasyon","Tìm theo số tai, giống hoặc vị trí",ค้นหาตามเบอร์หู สายพันธุ์ หรือสถานที่,"Buscar por Brinco, Raça ou Local","टैग, नस्ल या स्थान से खोजें","Tafuta kwa Tag, Breed, au Location","Cari berdasarkan Tag, Breed, atau Lokasi","Rechèch pa Tag, Ras, oswa Kote",Tag၊ မျိုးရိုး သို့မဟုတ် တည်နေရာဖြင့် ရှာဖွေပါ။
all_filter,main,All,Tout,全部,Todo,Lahat,Tất cả,ทั้งหมด,Todos,सभी,Wote,Semua,Tout,အားလုံး
archived_pigs_title,main,Archived Pigs,Porcs archivés,已归档的猪,Cerdos archivados,Naka-archive na Baboy,Heo đã lưu trữ,สุกรที่เก็บถาวร,Porcos Arquivados,आर्काइव किए गए सूअर,Nguruwe Zilizohifadhiwa,Babi yang Diarsipkan,Kochon achiv,Archived ဟူသည်မှာ၊
archived_pigs_subtitle,main,View culled or sold animals,Voir les animaux réformés ou vendus,查看淘汰或出售的动物,Ver animales descartados o vendidos,Tingnan ang mga culled o ibinentang hayop,Xem vật nuôi đã loại hoặc bán,ดูสัตว์ที่คัดออกหรือขายแล้ว,Ver animais descartados ou vendidos,हटाए गए या बेचे गए जानवर देखें,Tazama wanyama waliokatwa au kuuzwa,Lihat hewan yang dimusnahkan atau dijual,Gade bèt yo touye oswa vann,သတ်ဖြတ်ထားသော သို့မဟုတ် ရောင်းချထားသော တိရစ္ဆာန်များကို ကြည့်ရှုပါ။
total_pigs,main,Total number of Pigs: %d,Nombre total de porcs : %d,猪只总数: %d,Número total de cerdos: %d,Kabuuang bilang ng Baboy: %d,Tổng số heo: %d,จำนวนสุกรทั้งหมด: %d,Número total de Porcos: %d,सूअरों की कुल संख्या: %d,Jumla ya idadi ya Nguruwe: %d,Jumlah total Babi: %d,Kantite total kochon: %d,စုစုပေါင်းဝက်အရေအတွက်- %d
breeders_porkers_summary,main,Breeders: %d | Porkers: %d,Reproducteurs : %d | Porcs de chair : %d,种猪: %d | 肉猪: %d,Criadores: %d | Porkers: %d,Mga Breeder: %d | Mga Porker: %d,Heo giống: %d | Heo thịt: %d,พ่อแม่พันธุ์: %d | สุกรขุน: %d,Reprodutores: %d | Suínos de Carne: %d,ब्रीडर: %d | पोर्कर: %d,Wafugaji: %d | Nguruwe: %d,Peternak: %d | Daging babi: %d,Elvaj: %d | Porkè: %d,မွေးမြူသူများ- %d | ဝက်သား- %d
total_breeders,main,Total Number of Breeders: %d,Nombre total de reproducteurs : %d,种猪总数: %d,Número total de criadores: %d,Kabuuang Bilang ng mga Breeder: %d,Tổng số heo giống: %d,จำนวนพ่อแม่พันธุ์ทั้งหมด: %d,Número Total de Reprodutores: %d,ब्रीडर्स की कुल संख्या: %d,Jumla ya Idadi ya Wafugaji: %d,Jumlah Total Peternak: %d,Kantite total elve: %d,စုစုပေါင်းမွေးမြူသူအရေအတွက်- %d
breeders_stats_detail,main,Piglet: %d | Starter: %d | Grower: %d | Boar: %d | Gilt: %d\nPregnant: %d | Lactating: %d | Sow: %d,Porcelet : %d | Starter : %d | Croissance : %d | Verrat : %d | Cochete : %d\nGestante : %d | Allaitante : %d | Truie : %d,仔猪: %d | 乳猪: %d | 中猪: %d | 公猪: %d | 后备母猪: %d\n怀孕: %d | 哺乳: %d | 经产母猪: %d,Lechón: %d | Iniciador: %d | Crecimiento: %d | Verraco: %d | Cerdita: %d\nPreñada: %d | Lactante: %d | Cerda: %d,Biik: %d | Starter: %d | Grower: %d | Barako: %d | Dumalla: %d\nBuntis: %d | Nagpapasuso: %d | Inahin: %d,Heo con: %d | Khởi động: %d | Sinh trưởng: %d | Đực giống: %d | Hậu bị: %d\nMang thai: %d | Đang nuôi con: %d | Nái đẻ: %d,ลูกสุกร: %d | อนุบาล: %d | รุ่น: %d | พ่อพันธุ์: %d | สุกรสาว: %d\nอุ้มท้อง: %d | เลี้ยงลูก: %d | แม่พันธุ์: %d,Leitão: %d | Inicial: %d | Crescimento: %d | Cachaço: %d | Marrã: %d\nPrenha: %d | Lactante: %d | Porca: %d,पिगलेट: %d | स्टार्टर: %d | ग्रोअर: %d | नर: %d | मादा: %d\nगर्भवती: %d | स्तनपान कराने वाली: %d | सॉ: %d,Nguruwe: %d | Kianzilishi: %d | Mkuzaji: %d | Nguruwe: %d | Gilt: %d\nMjamzito: %d | Kunyonyesha: %d | Sow: %d,Anak Babi: %d | Pemula: %d | Penanam: %d | Babi Hutan: %d | Emas: %d\nHamil: %d | Menyusui: %d | Tabur: %d,Kochon: %d | Kòmanse: %d | Kiltivatè: %d | Kochon: %d | Gilt: %d\nAnsent: %d | Tete: %d | Simen: %d,ဝက်ကလေး- %d | စတင်သူ- %d | စိုက်ပျိုးသူ- %d | ဝက်- %d | Gilt- %d\nကိုယ်ဝန်ဆောင်- %d | နို့တိုက်ခြင်း- %d | မျိုးစေ့- %d
total_porkers,main,Total Number of Porkers: %d,Nombre total de porcs de chair : %d,肉猪总数: %d,Número total de porkers: %d,Kabuuang Bilang ng mga Porker: %d,Tổng số heo thịt: %d,จำนวนสุกรขุนทั้งหมด: %d,Número Total de Suínos de Carne: %d,पोर्कर्स की कुल संख्या: %d,Jumla ya Idadi ya Nguruwe: %d,Jumlah Total Daging Babi: %d,Kantite Total Porkè: %d,ဝက်သား စုစုပေါင်း အရေအတွက်- %d
porkers_stats_detail,main,Starter: %d | Grower: %d | Finisher: %d,Starter : %d | Croissance : %d | Finition : %d,乳猪: %d | 中猪: %d | 育肥猪: %d,Iniciador: %d | Crecimiento: %d | Finalizador: %d,Starter: %d | Grower: %d | Finisher: %d,Khởi động: %d | Sinh trưởng: %d | Vỗ béo: %d,อนุบาล: %d | รุ่น: %d | ขุน: %d,Inicial: %d | Crescimento: %d | Terminação: %d,स्टार्टर: %d | ग्रोअर: %d | फिनिशर: %d,Kianzilishi: %d | Mkuzaji: %d | Kikamilishaji: %d,Pemula: %d | Penanam: %d | Penyelesai: %d,Kòmanse: %d | Kiltivatè: %d | Finisyon: %d,စတင်သူ- %d | စိုက်ပျိုးသူ- %d | အပြီးသတ်သူ- %d
no_archived_pigs,main,No archived pigs found.,Aucun porc archivé trouvé.,未找到已归档的猪。,No se encontraron cerdos archivados.,Walang nahanap na naka-archive na baboy.,Không tìm thấy heo lưu trữ.,ไม่พบสุกรที่เก็บถาวร,Nenhum porco arquivado encontrado.,कोई आर्काइव किया गया सूअर नहीं मिला।,Hakuna nguruwe waliohifadhiwa kwenye kumbukumbu waliopatikana.,Tidak ada babi yang diarsipkan ditemukan.,Pa gen kochon achiv yo jwenn.,သိမ်းဆည်းထားသောဝက်များကိုမတွေ့ပါ။
add_multiple_pigs,main,Add Multiple Pigs,Ajouter plusieurs porcs,添加多只猪,Añadir múltiples cerdos,Magdagdag ng Maraming Baboy,Thêm nhiều heo,เพิ่มสุกรหลายตัว,Adicionar Múltiplos Porcos,एक साथ कई सूअर जोड़ें,Ongeza Nguruwe Wengi,Tambahkan Beberapa Babi,Ajoute plizyè kochon,ဝက်မျိုးစုံထည့်ပါ။
add_new_pig,main,Add New Pig,Ajouter un nouveau porc,添加新猪,Añadir nuevo cerdo,Magdagdag ng Bagong Baboy,Thêm heo mới,เพิ่มสุกรตัวใหม่,Adicionar Novo Porco,नया सूअर जोड़ें,Ongeza Nguruwe Mpya,Tambahkan Babi Baru,Ajoute nouvo kochon,ဝက်အသစ်ထည့်ပါ။
single,main,Single,Seul,单只,Único,Isa,Đơn,ตัวเดียว,Único,एकल,Mtu mmoja,Lajang,Selibatè,လူပျို
multiple,main,Multiple,Plusieurs,多只,Múltiple,Marami,Nhiều,หลายตัว,Múltiplo,एकाधिक,Nyingi,Banyak,Plizyè,မျိုးစုံ
tag_number,main,Tag Number,Numéro d'étiquette,耳号,Número de etiqueta,Numero ng Tag,Số tai,เบอร์หู,Número do Brinco,टैग नंबर,Nambari ya Tag,Nomor Tag,Nimewo Tag,Tag နံပါတ်
dob,main,Date of Birth,Date de naissance,出生日期,Fecha de nacimiento,Petsa ng Kapanganakan,Ngày sinh,วันเกิด,Data de Nascimento,जन्म तिथि,Tarehe ya Kuzaliwa,Tanggal lahir,Dat nesans,မွေးနေ့
breed,main,Breed,Race,品种,Raza,Lahi,Giống,สายพันธุ์,Raça,नस्ल,Kuzaliana,Keturunan,Kwaze,ဖောက်
gender,main,Gender,Genre,性别,Género,Kasarian,Giới tính,เพศ,Gênero,लिंग,Jinsia,Jenis kelamin,Sèks,ကျား၊
male,main,Male,Mâle,公,Macho,Lalaki,Đực,ผู้,Macho,नर,Mwanaume,Pria,Gason,အထီး
female,main,Female,Femelle,母,Hembra,Babae,Cái,เมีย,Fêmea,मादा,Mwanamke,Perempuan,Fi,အပျို
castrated_q,main,Castrated?,Castré ?,是否阉割？,¿Castrado?,Kapon?,Đã thiến?,ตอนแล้ว?,Castrado?,बधिया किया गया?,Amehasiwa?,Dikebiri?,Kastre?,သင်းကွပ်?
castrated_label,main,(Castrated),(Castré),(已阉割),(Castrado),(Kapon),(Đã thiến),(ตอนแล้ว),(Castrado),(बधिया),(Imetupwa),(Dikebiri),(kastre),(ခွဲထားသည်)
yes,main,Yes,Oui,是,Sí,Oo,Có,ใช่,Sim,हाँ,Ndiyo,Ya,Wi,ဟုတ်ကဲ့
no,main,No,Non,否,No,Hindi,Không,ไม่ใช่,Não,नहीं,Hapana,TIDAK,Non,မရှိ
castration_date,main,Date of Castration,Date de castration,阉割日期,Fecha de castración,Petsa ng Pagkakapon,Ngày thiến,วันที่ตอน,Data de Castração,बधिया करने की तिथि,Tarehe ya Kuhasiwa,Tanggal Pengebirian,Dat kastrasyon,Castration ရက်စွဲ
has_farrowed,main,Has Farrowed? (Sow),A mis bas ? (Truie),是否有分娩史？ (经产母猪),¿Ha parido? (Cerda),Nanganak na? (Inahin),Đã đẻ? (Nái),เคยคลอดแล้ว? (แม่พันธุ์),Já pariu? (Porca),बच्चे दे चुकी है? (सॉ),"Je, Farrowed? (Panda)",Sudah Farrowed? (Menabur),Èske Farrowed? (Simen),Farrowed ရှိပါသလား။ (ကြဲ)
weight_kg_label,main,Weight (kg),Poids (kg),体重 (公斤),Peso (kg),Timbang (kg),Cân nặng (kg),น้ำหนัก (กก.),Peso (kg),वजन (किग्रा),Uzito (kg),Berat (kg),Pwa (kg),အလေးချိန် (ကီလိုဂရမ်)
purpose,main,Purpose,Objectif,用途,Propósito,Layunin,Mục đích,วัตถุประสงค์,Propósito,उद्देश्य,Kusudi,Tujuan,Objektif,ရည်ရွယ်ချက်
breeder,main,Breeder,Reproducteur,种猪,Criador,Breeder,Heo giống,พ่อแม่พันธุ์,Reprodutor,ब्रीडर,Mfugaji,Peternak,Elvaj,မွေးမြူသူ
porker,main,Porker,Porc de chair,肉猪,Porker,Porker,Heo thịt,สุกรขุน,Suíno de Carne,पोर्कर,Nyama ya nguruwe,daging babi,Porker,ဝက်သား
sow_tag,main,Sow Tag,Étiquette truie,母猪耳号,Etiqueta cerda,Tag ng Inahin,Số tai nái,เบอร์หูแม่,Brinco da Porca,सॉ टैग,Panda Lebo,Tabur Tag,Sow Tag,Tag ကြဲပါ။
boar_tag,main,Boar Tag,Étiquette verrat,公猪耳号,Etiqueta verraco,Tag ng Barako,Số tai nọc,เบอร์หูพ่อ,Brinco do Cachaço,बोअर टैग,Lebo ya Boar,Tag Babi Hutan,Kochon Tag,ဝက်ထီးကန်
location_pen,main,Location (Pen #),Emplacement (Enclos #),位置 (圈舍 #),Ubicación (Enclosure #),Lokasyon (Kulungan #),Vị trí (Chuồng #),สถานที่ (คอก #),Localização (Baia #),स्थान (बाड़ा #),Mahali (Kalamu #),Lokasi (Pena #),Kote (plim #),တည်နေရာ (ဘောပင် #)
source,main,Source,Source,来源,Origen,Pinagmulan,Nguồn gốc,ที่มา,Origem,स्रोत,Chanzo,Sumber,Sous,အရင်းအမြစ်
born_on_farm,main,Born on farm,Né à la ferme,场内出生,Nacido en granja,Ipinanganak sa farm,Sinh tại trại,เกิดในฟาร์ม,Nascido na fazenda,फार्म पर पैदा हुआ,Mzaliwa wa shambani,Lahir di pertanian,Fèt nan fèm,လယ်ကွင်းမှာမွေးတယ်။
brought_to_farm,main,Brought to farm,Amené à la ferme,外购,Traído a granja,Dinala sa farm,Nhập về trại,ซื้อมา,Comprado,फार्म पर लाया गया,Imeletwa kulima,Dibawa ke peternakan,Pote nan fèm,လယ်ယာသို့ ပို့ဆောင်ခဲ့သည်။
purchase_price,main,Purchase Price,Prix d'achat,购买价格,Precio de compra,Presyo ng Pagbili,Giá mua,ราคาซื้อ,Preço de Compra,खरीद मूल्य,Bei ya Kununua,Harga Pembelian,Pri Achte,ဝယ်ယူသောစျေးနှုန်း
qty,main,Qty,Qté,数量,Cant.,Dami,SL,จำนวน,Qtd,मात्रा,Kiasi,Jumlah,Kte,အရေအတွက်
tag_hash,main,Tag #,Étiquette #,耳号 #,Etiqueta #,Tag #,Số tai #,เบอร์หู #,Brinco #,टैग #,Lebo #,Tanda #,Tag #,Tag #
weight,main,Weight,Poids,体重,Peso,Timbang,Cân nặng,น้ำหนัก,Peso,वजन,Uzito,Berat,Pwa,အလေးချိန်
pen_hash,main,Pen #,Enclos #,圈舍 #,Enclosure #,Kulungan #,Chuồng #,คอก #,Baia #,बाड़ा #,Kalamu #,Pena #,plim #,ကလောင် #
males,main,Males,Mâles,公猪,Machos,Mga Lalaki,Heo đực,เพศผู้,Machos,नर,Wanaume,Laki-laki,Gason,အထီး
females,main,Females,Femelles,母猪,Hembras,Mga Babae,Heo cái,เพศเมีย,Fêmeas,मादा,Wanawake,Betina,Fi,မိန်းမတွေ
notes,main,Notes,Notes,备注,Notas,Mga Tala,Ghi chú,บันทึก,Notas,नोट्स,Vidokezo,Catatan,Nòt,မှတ်စုများ
ok,main,OK,OK,确定,Aceptar,OK,OK,ตกลง,OK,ठीक है,SAWA,OKE,OK,အိုကေ
cancel,main,Cancel,Annuler,取消,Cancelar,I-cancel,Hủy,ยกเลิก,Cancelar,रद्द करें,Ghairi,Membatalkan,Anile,မလုပ်တော့
add,main,Add,Ajouter,添加,Añadir,Idagdag,Thêm,เพิ่ม,Adicionar,जोड़ें,Ongeza,Menambahkan,Ajoute,ထည့်ပါ။
dismiss,main,Dismiss,Ignorer,关闭,Cerrar,I-dismiss,Đóng,ปิด,Fechar,खारिज करें,Ondoa,Membubarkan,Ranvwaye,ပယ်ရန်
future_birth,main,Future Birth,Naissance future,未来出生,Nacimiento futuro,Darating na Kapanganakan,Sắp sinh,รอการเกิด,Nascimento Futuro,भविष्य का जन्म,Kuzaliwa Baadaye,Kelahiran di Masa Depan,Nesans nan lavni,အနာဂတ်မွေးဖွား
less_than_1_month,main, < 1 month, < 1 mois, < 1 个月, < 1 mes, < 1 buwan, < 1 tháng, < 1 เดือน, < 1 mês, < 1 महीना,< mwezi 1,< 1 bulan,<1 mwa,< 1 လ
months,main,months,mois,个月,meses,buwan,tháng,เดือน,meses,महीने,miezi,bulan,mwa,လ
years_abbr,main,yr,an,岁,añ,taon,n,ปี,ano,वर्ष,mwaka,tahun,ane,နှစ်
months_abbr,main,mo,mois,月,mes,buwan,th,ด.,mês,माह,mo,bulan,mwa,mo
age,main,Age,Âge,年龄,Edad,Edad,Tuổi,อายุ,Idade,आयु,Umri,Usia,Laj,အသက်
tag,main,Tag,Étiquette,耳号,Etiqueta,Tag,Số tai,เบอร์หู,Brinco,टैग,Lebo,Menandai,Tag,တက်ဂ်
back,main,Back,Retour,返回,Atrás,Bumalik,Quay lại,กลับ,Voltar,पीछे,Nyuma,Kembali,Retounen,ကျော
archived_pigs_upper,main,ARCHIVED PIGS,PORCS ARCHIVÉS,已归档猪只,CERDOS ARCHIVADOS,NAKA-ARCHIVE NA BABOY,HEO ĐÃ LƯU TRỮ,สุกรที่เก็บถาวร,PORCOS ARQUIVADOS,आर्काइव किए गए सूअर,NGURUWE WA NDANI,BABI YANG DIARsipkan,KOchon ACHIVIVE,သိမ်းထားသောဝက်များ
filter,main,Filter,Filtrer,筛选,Filtrer,Salain,Lọc,กรอง,Filtrar,फ़िल्टर,Chuja,Menyaring,Filtre,ဇကာ
select_date,main,Select Date,Choisir la date,选择日期,Seleccionar fecha,Pumili ng Petsa,Chọn ngày,เลือกวันที่,Selecionar Data,तिथि चुनें,Chagua Tarehe,Pilih Tanggal,Chwazi Dat,ရက်စွဲကို ရွေးပါ။
feed_inventory,main,Feed Inventory,Inventaire des aliments,饲料库存,Inventario de alimentos,Imbentaryo ng Pagkain,Kho thức ăn,คลังอาหารสัตว์,Estoque de ração,चारा सूची,Malisho ya Malipo,Inventarisasi Pakan,Envantè manje,Feed Inventory
inventory_status,main,Inventory Status,Statut de l'inventaire,库存状态,Estado del inventario,Katayuan ng Inventory,Tình trạng kho,สถานะคลังสินค้า,Status do Estoque,स्टॉक की स्थिति,Hali ya Malipo,Status Persediaan,Estati Envantè,Inventory Status
add_to_stock,main,Add to Stock,Ajouter au stock,添加到库存,Añadir a existencias,Idagdag sa Stock,Thêm vào kho,เพิ่มเข้าคลัง,Adicionar ao Estoque,स्टॉक में जोड़ें,Ongeza kwenye Hisa,Tambahkan ke Stok,Ajoute nan Stock,စတော့ထဲထည့်ပါ။
ingredient,main,Ingredient,Ingrédient,成分,Ingrediente,Sangkap,Thành phần,วัตถุดิบ,Ingrediente,सामग्री,Kiungo,Bahan,Engredyan,ပါဝင်ပစ္စည်း
actions,main,Actions,Actions,操作,Acciones,Mga Aksyon,Thao tác,การดำเนินการ,Ações,कार्रवाई,Vitendo,Tindakan,Aksyon,လုပ်ဆောင်ချက်များ
no_ingredients_selected,main,No ingredients selected. Click 'Add to Stock' to select ingredients.,Aucun ingrédient sélectionné. Cliquez sur 'Ajouter au stock' pour en choisir.,未选择成分。点击“添加到库存”以选择成分。,No se seleccionaron ingredientes. Haga clic en 'Añadir a existencias' para seleccionar ingredientes.,Walang napiling sangkap. I-click ang 'Idagdag sa Stock' para pumili ng mga sangkap.,Chưa chọn thành phần. Nhấn 'Thêm vào kho' để chọn thành phần.,ยังไม่ได้เลือกวัตถุดิบ คลิก 'เพิ่มเข้าคลัง' เพื่อเลือกวัตถุดิบ,Nenhum ingrediente selecionado. Clique em 'Adicionar ao Estoque' para selecionar.,कोई सामग्री नहीं चुनी गई। सामग्री चुनने के लिए 'स्टॉक में जोड़ें' पर क्लिक करें।,Hakuna viungo vilivyochaguliwa. Bofya 'Ongeza kwenye Hisa' ili kuchagua viungo.,Tidak ada bahan yang dipilih. Klik 'Tambahkan ke Stok' untuk memilih bahan.,Pa gen engredyan chwazi. Klike sou 'Ajoute nan Stock' pou chwazi engredyan.,ပါဝင်ပစ္စည်းများကို ရွေးချယ်ထားခြင်းမရှိပါ။ ပါဝင်ပစ္စည်းများကိုရွေးချယ်ရန် 'Add to Stock' ကိုနှိပ်ပါ။
update_inventory,main,Update Inventory,Mettre à jour l'inventaire,更新库存,Actualizar inventario,I-update ang Inventory,Cập nhật kho,อัปเดตคลังสินค้า,Atualizar Estoque,स्टॉक अपडेट करें,Sasisha Mali,Perbarui Inventaris,Mizajou Envantè,စာရင်းကို အပ်ဒိတ်လုပ်ပါ။
remove_from_list,main,Remove from list,Retirer de la liste,从列表中移除,Eliminar de la lista,Alisin sa listahan,Xóa khỏi danh sách,นำออกจากรายการ,Remover da lista,सूची से हटाएँ,Ondoa kwenye orodha,Hapus dari daftar,Retire nan lis la,စာရင်းမှ ဖယ်ရှားပါ။
run_formulator,main,Run Formulator,Lancer le formulateur,运行配方器,Ejecutar formulador,Patakbuhin ang Formulator,Chạy bộ lập công thức,รันโปรแกรมคำนวณสูตร,Executar Formulador,फॉर्मुलेटर चलाएं,Endesha Kiundaji,Jalankan Perumus,Kouri Formulator,ဖော်မြူလာကိုဖွင့်ပါ။
feed_calculator,main,Feed Calculator,Calculateur d'aliments,饲料计算器,Calculadora de alimentos,Kalkulator ng Pagkain,Máy tính thức ăn,เครื่องคำนวณอาหาร,Calculadora de Alimentação,चारा कैलकुलेटर,Kikokotoo cha Kulisha,Kalkulator Umpan,Feed Calculator,Feed Calculator
feed_formulator,main,Feed Formulator,Formulateur d'aliments,饲料配方器,Formulador de alimentos,Tagabuo ng Pagkain,Bộ lập công thức thức ăn,โปรแกรมคำนวณสูตรอาหาร,Formulador de Alimentação,चारा फॉर्मुलेटर,Kiunda Kulisha,Perumus Pakan,Feed Formulator,ဖော်မြူလာကို ကျွေးပါ။
export_feed_data,main,Export Feed Data,Exporter données aliments,导出饲料数据,Exportar datos de alimentación,I-export ang Datos ng Pagkain,Xuất dữ liệu thức ăn,ส่งออกข้อมูลอาหารสัตว์,Exportar Dados de Alimentação,चारा डेटा निर्यात करें,Hamisha Data ya Milisho,Ekspor Data Umpan,Ekspòtasyon Done Feed,ဖိဒ်ဒေတာကို ထုတ်ယူပါ။
select_range,main,Select Range:,Choisir la période :,选择范围：,Seleccionar rango:,Pumili ng Saklaw:,Chọn khoảng thời gian:,เลือกช่วงเวลา:,Selecionar Período:,रेंज चुनें:,Chagua Masafa:,Pilih Rentang:,Chwazi ranje:,အပိုင်းကို ရွေးပါ-
options,main,Options:,Options :,选项：,Opciones:,Mga Opsyon:,Tùy chọn:,ตัวเลือก:,Opções:,विकल्प:,Chaguo:,Pilihan:,Opsyon:,ရွေးချယ်စရာများ-
export_visible_only,main,Export Visible Ingredients Only,Exporter uniquement les visibles,仅导出可见成分,Exportar solo ingredientes visibles,I-export ang Nakikitang Sangkap Lang,Chỉ xuất các thành phần đang hiển thị,ส่งออกเฉพาะวัตถุดิบที่แสดงเท่านั้น,Exportar Apenas Ingredientes Visíveis,केवल दिखाई देने वाली सामग्री निर्यात करें,Hamisha Viungo Vinavyoonekana Pekee,Ekspor Bahan yang Terlihat Saja,Ekspòte engredyan vizib sèlman,မြင်သာသောပါဝင်ပစ္စည်းများကိုသာ တင်ပို့ပါ။
current_month,main,Current Month,Mois actuel,本月,Mes actual,Kasalukuyang Buwan,Tháng này,เดือนปัจจุบัน,Mês Atual,वर्तमान माह,Mwezi wa Sasa,Bulan berjalan,Mwa aktyèl la,လက်ရှိလ
last_3_months,main,Last 3 Months,3 derniers mois,最近 3 个月,Últimos 3 meses,Huling 3 Buwan,3 tháng qua,3 เดือนล่าสุด,Últimos 3 Meses,पिछले 3 महीने,Miezi 3 iliyopita,3 Bulan Terakhir,3 Dènye Mwa,ပြီးခဲ့သည့် 3 လ
custom,main,Custom,Personnalisé,自定义,Personalizado,Custom,Tùy chỉnh,กำหนดเอง,Personalizado,कस्टम,Desturi,Kebiasaan,Custom,စိတ်ကြိုက်
from_date,main,From Date,Date de début,开始日期,Desde fecha,Mula sa Petsa,Từ ngày,จากวันที่,Data de Início,इस तिथि से,Kuanzia Tarehe,Dari Tanggal,Soti nan Dat,Date မှ
to_date,main,To Date,Date de fin,结束日期,Hasta fecha,Hanggang sa Petsa,Đến ngày,ถึงวันที่,Data de Término,इस तिथि तक,Hadi Sasa,Hingga saat ini,Pou dat,ယနေ့အထိ
export,main,Export,Exporter,导出,Exportar,I-export,Xuất,ส่งออก,Exportar,निर्यात,Hamisha,Ekspor,Ekspòtasyon,တင်ပို့ခြင်း။
animal_inventory,main,Animal Inventory,Inventaire des animaux,动物清点,Inventario de animales,Inventory ng Hayop,Kiểm kê vật nuôi,จำนวนสัตว์ในคลัง,Inventário de Animais,पशु गणना,Malipo ya wanyama,Inventarisasi Hewan,Envantè bèt,တိရစ္ဆာန်စာရင်း
calculation_period,main,Calculation Period,Période de calcul,计算周期,Periodo de cálculo,Panahon ng Kalkulasyon,Giai đoạn tính toán,ระยะเวลาการคำนวณ,Período de Cálculo,गणना की अवधि,Kipindi cha Kuhesabu,Periode Perhitungan,Peryòd kalkil,တွက်ချက်မှုကာလ
verify_animal_counts,main,Verify animal counts to calculate accurate feed requirements.,Vérifiez le nombre d'animaux pour des calculs précis.,核实动物数量以计算准确的饲料需求。,Verifique el recuento de animales para calcular requisitos precisos.,I-verify ang bilang ng hayop para makalkula ang tamang kinakailangang pagkain.,Xác minh số lượng vật nuôi để tính toán nhu cầu thức ăn chính xác.,ตรวจสอบจำนวนสัตว์เพื่อคำนวณความต้องการอาหารที่แม่นยำ,Verifique a contagem de animais para calcular os requisitos exatos.,सटीक चारा आवश्यकताओं की गणना के लिए पशुओं की संख्या सत्यापित करें।,Thibitisha hesabu za wanyama ili kukokotoa mahitaji sahihi ya malisho.,Verifikasi jumlah hewan untuk menghitung kebutuhan pakan yang akurat.,Verifye konte bèt yo pou kalkile egzijans manje egzat.,တိကျသောအစာလိုအပ်ချက်များကိုတွက်ချက်ရန် တိရစ္ဆာန်အရေအတွက်ကို စစ်ဆေးပါ။
duration_projections,main,Duration of Projections,Durée des projections,预测时长,Duración de proyecciones,Tagal ng mga Proyeksyon,Thời gian dự báo,ระยะเวลาที่คาดการณ์,Duração das Projeções,अनुमान की अवधि,Muda wa Makadirio,Durasi Proyeksi,Dire Pwojeksyon,ပရောဂျက်များ၏ကြာချိန်
how_many_days,main,How many days should this calculation cover?,Combien de jours ce calcul doit-il couvrir ?,此计算应涵盖多少天？,¿Cuántos días debe cubrir este cálculo?,Ilang araw dapat saklawin ng kalkulasyong ito?,Tính toán này bao gồm bao nhiêu ngày?,การคำนวณนี้ควรครอบคลุมกี่วัน?,Quantos dias este cálculo deve cobrir?,यह गणना कितने दिनों के लिए होनी चाहिए?,"Je, hesabu hii inapaswa kuchukua siku ngapi?",Berapa hari yang harus dicakup oleh perhitungan ini?,Konbyen jou kalkil sa a ta dwe kouvri?,ဤတွက်ချက်မှုတွင် ရက်မည်မျှကြာသင့်သနည်း။
number_of_days,main,Number of Days,Nombre de jours,天数,Número de días,Bilang ng Araw,Số ngày,จำนวนวัน,Número de Dias,दिनों की संख्या,Idadi ya Siku,Jumlah hari,Kantite Jou,ရက်အရေအတွက်
next,main,Next,Suivant,下一步,Siguiente,Susunod,Tiếp theo,ถัดไป,Próximo,अगला,Inayofuata,Berikutnya,Next,နောက်တစ်ခု
generate_report,main,Generate Report,Générer le rapport,生成报告,Generar informe,Gumawa ng Report,Tạo báo cáo,สร้างรายงาน,Gerar Relatório,रिपोर्ट तैयार करें,Tengeneza Ripoti,Hasilkan Laporan,Jenere Rapò,အစီရင်ခံစာထုတ်ပါ။
previous,main,Previous,Précédent,上一步,Anterior,Nakaraan,Quay lại,ก่อนหน้า,Anterior,पिछला,Iliyotangulia,Sebelumnya,Previous,အရင်
select_target_stage,main,1. Select Target Growth Stage:,1. Choisir le stade de croissance :,1. 选择目标生长阶段：,1. Seleccione etapa de crecimiento:,1. Pumili ng Target na Stage ng Paglaki:,1. Chọn giai đoạn tăng trưởng mục tiêu:,1. เลือกช่วงการเจริญเติบโตที่ต้องการ:,1. Selecione a Etapa de Crescimento:,1. लक्षित विकास चरण चुनें:,1. Chagua Hatua ya Ukuaji Unayolenga:,1. Pilih Tahap Pertumbuhan Target:,1. Chwazi Etap Kwasans Sib:,1. ပစ်မှတ်ကြီးထွားမှုအဆင့်ကို ရွေးပါ-
select_available_ingredients,main,2. Select Available Ingredients:,2. Choisir les ingrédients disponibles :,2. 选择可用成分：,2. Seleccione ingredientes disponibles:,2. Pumili ng mga Available na Sangkap:,2. Chọn các thành phần có sẵn:,2. เลือกวัตถุดิบที่มีอยู่:,2. Selecione Ingredientes Disponíveis:,2. उपलब्ध सामग्री चुनें:,2. Chagua Viungo Vinavyopatikana:,2. Pilih Bahan yang Tersedia:,2. Chwazi engredyan ki disponib:,2. ရနိုင်သော ပါဝင်ပစ္စည်းများကို ရွေးပါ-
growth_stage,main,Growth Stage,Stade de croissance,生长阶段,Etapa de crecimiento,Stage ng Paglaki,Giai đoạn tăng trưởng,ช่วงการเจริญเติบโต,Etapa de Crescimento,विकास का चरण,Hatua ya Ukuaji,Tahap Pertumbuhan,Etap Kwasans,ကြီးထွားမှုအဆင့်
automatic_additives_note,main,"Note: 1% Mycotoxin Binder, 0.5% Salt, and 1% Premix will be automatically added.","Note : 1 % de liant de mycotoxines, 0,5 % de sel et 1 % de prémélange seront ajoutés automatiquement.",注意：将自动添加 1% 霉菌毒素吸附剂、0.5% 食盐和 1% 预混料。,"Nota: Se añadirán automáticamente 1% Aglutinante de micotoxinas, 0.5% Sal y 1% Premezcla.","Tala: Ang 1% Mycotoxin Binder, 0.5% Asin, at 1% Premix ay awtomatikong idadagdag.","Lưu ý: 1% chất hấp phụ độc tố, 0,5% muối và 1% Premix sẽ được tự động thêm vào.","หมายเหตุ: สารจับสารพิษจากเชื้อรา 1%, เกลือ 0.5% และพรีมิกซ์ 1% จะถูกเพิ่มโดยอัตโนมัติ","Nota: 1% Sequestrante de Micotoxinas, 0,5% Sal e 1% Premix serão adicionados automaticamente.","नोट: 1% मायकोटॉक्सिन बाइंडर, 0.5% नमक और 1% प्रीमिक्स स्वचालित रूप से जोड़ा जाएगा।","Kumbuka: 1% ya Mycotoxin Binder, 0.5% Chumvi, na 1% Premix itaongezwa kiotomatiki.","Catatan: 1% Pengikat Mikotoksin, 0,5% Garam, dan 1% Premix akan ditambahkan secara otomatis.","Remak: 1% Mycotoxin Binder, 0.5% Sèl, ak 1% Premix pral otomatikman ajoute.",မှတ်ချက်- 1% Mycotoxin Binder၊ 0.5% Salt နှင့် 1% Premix ကို အလိုအလျောက် ပေါင်းထည့်ပါမည်။
select_ingredients_for_inventory,main,Select Ingredients for Inventory,Choisir les ingrédients pour l'inventaire,为库存选择成分,Seleccionar ingredientes para inventario,Pumili ng mga Sangkap para sa Inventory,Chọn thành phần cho kho,เลือกวัตถุดิบสำหรับคลังสินค้า,Selecionar Ingredientes para Estoque,स्टॉक के लिए सामग्री चुनें,Chagua Viungo kwa Malipo,Pilih Bahan untuk Inventaris,Chwazi engredyan pou envantè,စာရင်းအင်းအတွက် ပါဝင်ပစ္စည်းများကို ရွေးပါ။
update_label,main,Update %s,Mettre à jour %s,更新 %s,Actualizar %s,I-update ang %s,Cập nhật %s,อัปเดต %s,Atualizar %s,%s अपडेट करें,Sasisha %s,Perbarui %s,Mete ajou %s,%s ကို အပ်ဒိတ်လုပ်ပါ။
restock,main,Restock,Réapprovisionner,进货,Reabastecer,Mag-restock,Nhập kho,เพิ่มสต็อก,Reabastecer,नया स्टॉक जोड़ें,Hifadhi tena,Memperlengkapi,Restock,ပြန်စတော့
use,main,Use (-),Utiliser (-),使用 (-),Usar (-),Gamitin (-),Sử dụng (-),ใช้ไป (-),Usar (-),उपयोग करें (-),Tumia (-),Menggunakan (-),Sèvi ak (-),(-) သုံးပါ
amount_kg,main,Amount (kg),Quantité (kg),数量 (公斤),Cantidad (kg),Dami (kg),Số lượng (kg),จำนวน (กก.),Quantidade (kg),मात्रा (किग्रा),Kiasi (kg),Jumlah (kg),Kantite (kg),ပမာဏ (ကီလိုဂရမ်)
new_cost_per_kg,main,New Cost per kg,Nouveau coût par kg,新单价 (每公斤),Nuevo costo por kg,Bagong Presyo bawat kg,Giá mới trên mỗi kg,ราคาใหม่ต่อกก.,Novo Custo por kg,नया प्रति किग्रा मूल्य,Gharama Mpya kwa kilo,Biaya Baru per kg,Nouvo Pri pou chak kg,ကီလိုဂရမ်အတွက် ကုန်ကျစရိတ်အသစ်
done,main,Done,Terminé,完成,Listo,Tapos na,Xong,เสร็จสิ้น,Concluído,हो गया,Imekamilika,Selesai,Fè,ပြီးပြီ။
new_feed_ingredient,main,New Feed Ingredient,Nouvel ingrédient,新饲料成分,Nuevo ingrediente,Bagong Sangkap ng Pagkain,Thành phần thức ăn mới,วัตถุดิบอาหารสัตว์ใหม่,Novo Ingrediente,चारे की नई सामग्री,Kiungo Kipya cha Kulisha,Bahan Pakan Baru,Nouvo Engredyan Manje,ပါဝင်ပစ္စည်းအသစ်
ingredient_name,main,Ingredient Name,Nom de l'ingrédient,成分名称,Nombre del ingrediente,Pangalan ng Sangkap,Tên thành phần,ชื่อวัตถุดิบ,Nome do ingrediente,सामग्री का नाम,Jina la kiungo,Nama Bahan,Non engredyan,ပါဝင်ပစ္စည်းအမည်
crude_protein_pct,main,Crude Protein (%),Protéine brute (%),粗蛋白 (%),Proteína cruda (%),Crude Protein (%),Đạm thô (%),โปรตีนดิบ (%),Proteína Bruta (%),कच्चा प्रोटीन (%),Protini ghafi (%),Protein Kasar (%),Pwoteyin brit (%),ပရိုတင်းအစိမ်း (%)
me_kcal_kg,main,ME (kcal/kg),EM (kcal/kg),代谢能 (kcal/kg),EM (kcal/kg),ME (kcal/kg),ME (kcal/kg),พลังงานใช้ประโยชน์ได้ (kcal/kg),EM (kcal/kg),एमई (kcal/kg),ME (kcal/kg),SAYA (kkal/kg),ME (kcal/kg),ME (kcal/kg)
crude_fiber_pct,main,Crude Fiber (%),Fibre brute (%),粗纤维 (%),Fibra cruda (%),Crude Fiber (%),Xơ thô (%),เยื่อใยดิบ (%),Fibra Bruta (%),कच्चा फाइबर (%),Fiber ghafi (%),Serat Kasar (%),Fib brit (%),ဖိုက်ဘာကြမ်း (%)
calcium_pct,main,Calcium (%),Calcium (%),钙 (%),Calcio (%),Calcium (%),Canxi (%),แคลเซียม (%),Cálcio (%),कैल्शियम (%),Kalsiamu (%),Kalsium (%),Kalsyòm (%),ကယ်လ်စီယမ် (%)
phosphorus_pct,main,Phosphorus (%),Phosphore (%),磷 (%),Fósforo (%),Phosphorus (%),Phốt pho (%),ฟอสฟอรัส (%),Fósforo (%),फास्फोरस (%),Fosforasi (%),Fosfor (%),Fosfò (%),ဖော့စဖရပ် (%)
salt_pct,main,Salt (%),Sel (%),盐 (%),Sal (%),Asin (%),Muối (%),เกลือ (%),Sal (%),नमक (%),Chumvi (%),Garam (%),Sèl (%),ဆား (%)
lysine_pct,main,Lysine (%),Lysine (%),赖氨酸 (%),Lisina (%),Lysine (%),Lysine (%),ไลซีน (%),Lisina (%),लाइसिन (%),Lysine (%),Lisin (%),Lizin (%),Lysine (%)
methionine_pct,main,Methionine (%),Méthionine (%),蛋氨酸 (%),Metionina (%),Methionine (%),Methionine (%),เมไทโอนีน (%),Metionina (%),मेथियोनिन (%),Methionine (%),Metionin (%),Metionin (%),Methionine (%)
save_ingredient,main,Save Ingredient,Enregistrer l'ingrédient,保存成分,Guardar ingrediente,I-save ang Sangkap,Lưu thành phần,บันทึกวัตถุดิบ,Salvar Ingrediente,सामग्री सहेजें,Hifadhi Kiungo,Simpan Bahan,Sove engredyan,ပါဝင်ပစ္စည်းသိမ်းဆည်းပါ။
formulation_results,main,FORMULATION RESULTS,RÉSULTATS DE FORMULATION,配方结果,RESULTADOS DE FORMULACIÓN,MGA RESULTA NG FORMULATION,KẾT QUẢ LẬP CÔNG THỨC,ผลลัพธ์การคำนวณสูตร,RESULTADOS DA FORMULAÇÃO,फॉर्मुलेशन के परिणाम,MATOKEO YA UTENGENEZAJI,HASIL FORMULASI,REZILTA FÒMILASYON,ဖော်မြူလာရလဒ်များ
formula_incomplete,main,Formula Incomplete (%s%%): The selected ingredients cannot produce a full formula without exceeding maximum inclusion levels.,Formule incomplète (%s %%) : Les ingrédients ne permettent pas une formule complète sans dépasser les limites.,配方不完整 (%s%%)：所选成分无法在不超过最大添加量的情况下生成完整配方。,Fórmula incompleta (%s%%): Los ingredientes ne permettent pas une formule complète sans dépasser les limites.,Incomplete ang Formula (%s%%): Ang mga napiling sangkap ay hindi makakagawa ng buong formula nang hindi lumalampas sa limitasyon.,Công thức chưa hoàn chỉnh (%s%%): Các thành phần đã chọn không thể tạo ra công thức đầy đủ mà không vượt quá giới hạn.,สูตรไม่สมบูรณ์ (%s%%): วัตถุดิบที่เลือกไม่สามารถทำสูตรให้ครบถ้วนได้โดยไม่เกินขีดจำกัดสูงสุด,Fórmula Incompleta (%s%%): Os ingredientes selecionados não permitem uma fórmula completa sem exceder os limites.,फॉर्मूला अधूरा है (%s%%): चुनी गई सामग्री अधिकतम सीमा पार किए बिना पूरा फॉर्मूला नहीं बना सकती।,Fomula Haijakamilika (%s%%): Viungo vilivyochaguliwa haviwezi kutoa fomula kamili bila kuzidi viwango vya juu zaidi vya mjumuisho.,Formula Tidak Lengkap (%s%%): Bahan-bahan yang dipilih tidak dapat menghasilkan formula lengkap tanpa melampaui tingkat penyertaan maksimum.,Fòmil Enkonplè (%s%%): Engredyan yo chwazi yo pa ka pwodwi yon fòmil konplè san yo pa depase nivo maksimòm enklizyon.,ဖော်မြူလာ မပြည့်စုံ (%s%%)- ရွေးချယ်ထားသော ပါဝင်ပစ္စည်းများသည် အများဆုံးပါဝင်မှုအဆင့်ထက် မကျော်လွန်ဘဲ ဖော်မြူလာ အပြည့်အစုံကို မထုတ်လုပ်နိုင်ပါ။
best_mix_formulation,main,Best-Mix Formulation,Formulation optimale,最佳混合配方,Formulación óptima,Best-Mix Formulation,Công thức phối trộn tối ưu,สูตรอาหารผสมที่เหมาะสมที่สุด,Formulação de Melhor Mistura,बेस्ट-मिक्स फॉर्मुलेशन,Uundaji Bora-Mchanganyiko,Formulasi Campuran Terbaik,Fòmasyon pi bon melanj,အကောင်းဆုံး-ပေါင်းစပ်ဖော်မြူလာ
recalculate_formulation,main,Recalculate Formulation,Recalculer la formulation,重新计算配方,Recalcular formulación,Muling Kalkulahin ang Formulation,Tính toán lại công thức,คำนวณสูตรใหม่,Recalcular Formulação,फॉर्मुलेशन की पुनर्गणना करें,Kuhesabu upya Uundaji,Hitung Ulang Formulasi,Rekalkile fòmilasyon,ဖော်မြူလာကို ပြန်လည်တွက်ချက်ပါ။
nutritional_comparison,main,Nutritional Comparison (%s),Comparaison nutritionnelle (%s),营养对比 (%s),Comparación nutricional (%s),Paghahambing ng Nutrisyon (%s),So sánh dinh dưỡng (%s),การเปรียบเทียบคุณค่าทางโภชนาการ (%s),Comparação Nutricional (%s),पोषण संबंधी तुलना (%s),Ulinganisho wa Lishe (%s),Perbandingan Nutrisi (%s),Konparezon nitrisyonèl (%s),အာဟာရ နှိုင်းယှဉ်မှု (%s)
nutrient,main,Nutrient,Nutriment,营养素,Nutriente,Nutrient,Chất dinh dưỡng,สารอาหาร,Nutriente,पोषक तत्व,Virutubisho,Gizi,Eleman nitritif,အာဟာရ
target,main,Target,Cible,目标,Objetivo,Target,Mục tiêu,เป้าหมาย,Alvo,लक्ष्य,Lengo,Target,Sib,ပစ်မှတ်
actual,main,Actual,Réel,实际,Actual,Tunay,Thực tế,ค่าจริง,Real,वास्तविक,Halisi,Sebenarnya,Aktyèl,မောင်မင်း
disclaimer_feed,main,DISCLAIMER: This formulation is based on average nutritional values. Consult a veterinary nutritionist for precise feeding regimes tailored to your specific conditions.,AVERTISSEMENT : Cette formulation est basée sur des valeurs moyennes. Consultez un nutritionniste vétérinaire.,免责声明：此配方基于平均营养值。请咨询兽医营养师以获得精确的喂养方案。,AVISO: Esta formulación se basa en valores nutricionales promedio. Consulte a un nutricionista veterinario.,DISCLAIMER: Ang formulation na ito ay batay sa average na nutritional values. Kumonsulta sa isang veterinary nutritionist.,MIỄN TRỪ TRÁCH NHIỆM: Công thức này dựa trên các giá trị dinh dưỡng trung bình. Hãy tham vấn chuyên gia dinh dưỡng thú y.,คำสงวนสิทธิ์: สูตรนี้อ้างอิงจากค่าโภชนาการเฉลี่ย ควรปรึกษานักโภชนาการสัตว์เพื่อความแม่นยำ,AVISO: Esta formulação baseia-se em valores nutricionais médios. Consulte um nutricionista veterinário.,अस्वीकरण: यह फॉर्मुलेशन औसत पोषण मूल्यों पर आधारित है। सटीक आहार के लिए पशु पोषण विशेषज्ञ से परामर्श लें।,KANUSHO: Muundo huu unatokana na wastani wa thamani za lishe. Wasiliana na mtaalamu wa lishe ya mifugo kwa ajili ya njia sahihi za ulishaji zinazolingana na hali yako mahususi.,PENOLAKAN: Formulasi ini didasarkan pada nilai gizi rata-rata. Konsultasikan dengan ahli gizi hewan untuk mendapatkan pola makan yang tepat dan disesuaikan dengan kondisi spesifik Anda.,DISCLAIMER: fòmilasyon sa a baze sou valè nitrisyonèl mwayèn. Konsilte yon nitrisyonis veterinè pou rejim alimantè egzak ki adapte ak kondisyon espesifik ou yo.,ငြင်းဆိုချက်- ဤဖော်မြူလာသည် ပျမ်းမျှ အာဟာရတန်ဖိုးများအပေါ် အခြေခံထားသည်။ သင်၏သတ်သတ်မှတ်မှတ်အခြေအနေများနှင့်အံဝင်ခွင်ကျဖြစ်စေသောတိကျသောအစာကျွေးမှုစနစ်များအတွက်တိရစ္ဆာန်ဆေးကုဆရာဝန်နှင့်တိုင်ပင်ပါ။
no_formulation_results,main,No formulation results available.,Aucun résultat de formulation disponible.,无可用配方结果。,No hay resultados de formulación disponibles.,Walang available na mga resulta ng formulation.,Không có kết quả lập công thức.,ไม่มีข้อมูลผลลัพธ์การคำนวณสูตร,Nenhum resultado de formulação disponível.,कोई फॉर्मुलेशन परिणाम उपलब्ध नहीं है।,Hakuna matokeo ya uundaji yanayopatikana.,Tidak ada hasil formulasi yang tersedia.,Pa gen rezilta fòmilasyon ki disponib.,ဖော်မြူလာရလဒ်များ မရရှိနိုင်ပါ။
export_formulation_pdf,main,Export Formulation PDF,Exporter formulation PDF,导出配方 PDF,Exportar formulación PDF,I-export ang Formulation PDF,Xuất công thức PDF,ส่งออกสูตรเป็น PDF,Exportar Formulação PDF,फॉर्मुलेशन PDF निर्यात करें,Hamisha Uundaji wa PDF,Ekspor Formulasi PDF,Ekspòtasyon fòmilasyon PDF,ဖော်မြူလာ PDF ကို ထုတ်ယူပါ။
calculation_results,main,CALCULATION RESULTS,RÉSULTATS DE CALCUL,计算结果,RESULTADOS DE CÁLCULO,MGA RESULTA NG KALKULASYON,KẾT QUẢ TÍNH TOÁN,ผลลัพธ์การคำนวณ,RESULTADOS DO CÁLCULO,गणना के परिणाम,MATOKEO YA HESABU,HASIL PERHITUNGAN,REZILTA KALKILASYON,တွက်ချက်မှုရလဒ်များ
daily_requirements,main,Daily Requirements,Besoins quotidiens,每日需求,Requisitos diarios,Mga Kinakailangan Araw-araw,Nhu cầu hàng ngày,ความต้องการรายวัน,Requisitos Diários,दैनिक आवश्यकताएं,Mahitaji ya kila siku,Persyaratan Harian,Kondisyon chak jou,နေ့စဉ်လိုအပ်ချက်များ
feed_requirements_days,main,Feed Requirements (%d Days),Besoins alimentaires (%d jours),饲料需求 (%d 天),Requisitos de alimentación (%d días),Mga Kinakailangan sa Pagkain (%d Araw),Nhu cầu thức ăn (%d ngày),ความต้องการอาหาร (%d วัน),Requisitos de Alimentação (%d Dias),चारा आवश्यकताएं (%d दिन),Mahitaji ya Milisho (Siku %d),Persyaratan Pakan (%d Hari),Kondisyon pou manje (%d jou),အစားအသောက်လိုအပ်ချက်များ (%d ရက်)
total_daily_requirement,main,Total Daily Requirement,Besoin quotidien total,每日总需求,Requisito diario total,Kabuuang Kinakailangan Araw-araw,Tổng nhu cầu hàng ngày,ความต้องการรวมรายวัน,Requisito Diário Total,कुल दैनिक आवश्यकता,Jumla ya Mahitaji ya Kila Siku,Jumlah Kebutuhan Harian,Total egzijans chak jou,စုစုပေါင်းနေ့စဉ်လိုအပ်ချက်
daily_total,main,Daily Total,Total quotidien,每日合计,Total diario,Kabuuang Araw-araw,Tổng mỗi ngày,รวมรายวัน,Total Diário,दैनिक कुल,Jumla ya Kila Siku,Jumlah Harian,Total chak jou,နေ့စဉ် စုစုပေါင်း
total_for_days,main,Total for %d Days,Total pour %d jours,%d 天合计,Total por %d días,Kabuuan para sa %d Araw,Tổng cho %d ngày,รวมสำหรับ %d วัน,Total para %d Dias,%d दिनों के लिए कुल,Jumla ya Siku %d,Total untuk %d Hari,Total pou %d jou,စုစုပေါင်း %d ရက်
no_calculation_results,main,No calculation results available.,Aucun résultat de calcul disponible.,无可用计算结果。,No hay resultados de cálculo disponibles.,Walang available na mga resulta ng kalkulasyon.,Không có kết quả tính toán.,ไม่มีข้อมูลผลลัพธ์การคำนวณ,Nenhum resultado de cálculo disponível.,कोई गणना परिणाम उपलब्ध नहीं है।,Hakuna matokeo ya hesabu yanayopatikana.,Tidak ada hasil penghitungan yang tersedia.,Pa gen rezilta kalkil ki disponib.,တွက်ချက်မှုရလဒ်များ မရရှိနိုင်ပါ။
export_requirements_pdf,main,Export Requirements PDF,Exporter besoins PDF,导出需求 PDF,Exportar requisitos PDF,I-export ang mga Kinakailangan sa PDF,Xuất nhu cầu PDF,ส่งออกความต้องการเป็น PDF,Exportar Requisitos PDF,आवश्यकताएं PDF निर्यात करें,Hamisha Mahitaji ya PDF,Persyaratan Ekspor PDF,Ekspòtasyon Kondisyon PDF,လိုအပ်ချက်များ PDF ကို ထုတ်ယူပါ။
protein,main,Protein,Protéines,蛋白质,Proteína,Protina,Đạm,โปรตีน,Proteína,प्रोटीन,Protini,Protein,Pwoteyin,ပရိုတင်း
energy,main,Energy,Énergie,能量,Energía,Enerhiya,Năng lượng,พลังงาน,Energia,ऊर्जा,Nishati,Energi,Enèji,စွမ်းအင်
vitamins_minerals_salt,main,"Vitamins, Minerals & Salt","Vitamines, Minéraux et Sel",维生素、矿物质和盐,"Vitaminas, Minerales y Sal","Mga Bitamina, Mineral at Asin","Vitamin, Khoáng chất & Muối",วิตามิน แร่ธาตุ และเกลือ,"Vitaminas, Minerais e Sal","विटामिन, खनिज और नमक","Vitamini, Madini na Chumvi","Vitamin, Mineral & Garam","Vitamin, mineral ak sèl",ဗီတာမင်၊ သတ္တုဓာတ်နှင့် ဆား
other,main,Other,Autre,其他,Otro,Iba pa,Khác,อื่นๆ,Outro,अन्य,Nyingine,Lainnya,Lòt,တခြား
feed_requirements_report,main,Feed Requirements Report,Rapport des besoins alimentaires,饲料需求报告,Informe de requisitos de alimentación,Report ng mga Kinakailangan sa Pagkain,Báo cáo nhu cầu thức ăn,รายงานความต้องการอาหารสัตว์,Relatório de Requisitos de Alimentação,चारा आवश्यकता रिपोर्ट,Ripoti ya Mahitaji ya Milisho,Laporan Persyaratan Pakan,Rapò Kondisyon pou Manje,Feed လိုအပ်ချက်များ အစီရင်ခံစာ
generated_on,main,Generated on: %s,Généré le : %s,生成时间：%s,Generado el: %s,Ginawa noong: %s,Được tạo lúc: %s,สร้างเมื่อ: %s,Gerado em: %s,तैयार किया गया: %s,Ilizalishwa mnamo: %s,Dibuat pada: %s,Jenere sou: %s,ထုတ်ပေးသည်- %s
daily,main,Daily,Quotidien,每日,Diario,Araw-araw,Hàng ngày,รายวัน,Diário,दैनिक,Kila siku,Sehari-hari,Chak jou,နေ့စဉ်
total,main,TOTAL,TOTAL,总计,TOTAL,KABUUAN,TỔNG CỘNG,รวมทั้งหมด,TOTAL,कुल,JUMLA,TOTAL,TOTAL,စုစုပေါင်း
disclaimer_vet,main,Disclaimer: Consult a Vet before use,Avertissement : Consultez un vétérinaire avant utilisation,免责声明：使用前请咨询兽医,Aviso: Consulte a un veterinario antes de usar,Disclaimer: Kumonsulta sa Vet bago gamitin,Miễn trừ trách nhiệm: Hãy tham vấn bác sĩ thú y trước khi dùng,คำสงวนสิทธิ์: ควรปรึกษาสัตวแพทย์ก่อนใช้,Aviso: Consulte um veterinário antes de usar,अस्वीकरण: उपयोग से पहले पशु चिकित्सक से परामर्श लें,Kanusho: Wasiliana na Daktari wa mifugo kabla ya kutumia,Penafian: Konsultasikan dengan Dokter Hewan sebelum digunakan,Limit responsabilite nou: Konsilte yon Veterinè anvan ou itilize,ရှင်းလင်းချက်- အသုံးမပြုမီ တိရစ္ဆာန်ဆေးကုဆရာဝန်နှင့် တိုင်ပင်ပါ။
feed_formulation_report,main,Feed Formulation Report,Rapport de formulation alimentaire,饲料配方报告,Informe de formulación de alimentos,Report ng Formulation ng Pagkain,Báo cáo công thức thức ăn,รายงานสูตรอาหารสัตว์,Relatório de Formulação de Alimentação,चारा फॉर्मुलेशन रिपोर्ट,Ripoti ya Uundaji wa Milisho,Laporan Formulasi Pakan,Rapò fòmilasyon manje,Feed Formulation အစီရင်ခံစာ
ingredients_composition,main,Ingredients Composition,Composition des ingrédients,成分组成,Composición de ingredientes,Komposisyon ng mga Sangkap,Thành phần cấu tạo,องค์ประกอบของวัตถุดิบ,Composição dos Ingredientes,सामग्री की संरचना,Muundo wa Viungo,Komposisi Bahan,Engredyan Konpozisyon,ပါဝင်ပစ္စည်းများဖွဲ့စည်းမှု
percentage_pct,main,Percentage (%),Pourcentage (%),百分比 (%),Porcentaje (%),Bahagdan (%),Phần trăm (%),เปอร์เซ็นต์ (%),Porcentagem (%),प्रतिशत (%),Asilimia (%),Persentase (%),Pousantaj (%),ရာခိုင်နှုန်း (%)
qty_batch_size,main,Qty (based on Batch Size),Qté (selon la taille du lot),数量 (基于批次大小),Cant (según tamaño del lote),Dami (batay sa Batch Size),Số lượng (theo quy mô lô),จำนวน (ตามขนาดชุดการผลิต),Qtd (baseada no Tamanho do Lote),मात्रा (बैच आकार के आधार पर),Ukubwa (kulingana na Ukubwa wa Kundi),Kuantitas (berdasarkan Ukuran Batch),Kantite (ki baze sou gwosè pakèt),အရေအတွက် (Batch Size ကိုအခြေခံ၍)
nutritional_analysis,main,Nutritional Analysis,Analyse nutritionnelle,营养分析,Análisis nutricional,Pagsusuri ng Nutrisyon (Nutritional Analysis),Phân tích dinh dưỡng,การวิเคราะห์คุณค่าทางโภชนาการ,Análise Nutricional,पोषण विश्लेषण,Uchambuzi wa lishe,Analisis Gizi,Analiz nitrisyonèl,အာဟာရ ဆန်းစစ်ခြင်း။
status,main,Status,Statut,状态,Estado,Katayuan,Trạng thái,สถานะ,Status,स्थिति,Hali,Status,Estati,အဆင့်အတန်း
deficient,main,DEFICIENT,DÉFICIENT,不足,DEFICIENTE,KAPOS,THIẾU,ขาดแคลน,DEFICIENTE,कमी,UPUNGUFU,KURANG,DEFISYAN,DEFICIENT
ok_status,main,OK,OK,达标,OK,OK,ĐẠT,ปกติ,OK,ठीक,SAWA,OKE,OK,အိုကေ
feed_inventory_report,main,Feed Inventory Report,Rapport d'inventaire alimentaire,饲料库存报告,Informe de inventario de alimentos,Report ng Inventory ng Pagkain,Báo cáo kho thức ăn,รายงานคลังอาหารสัตว์,Relatório de Estoque de Alimentação,चारा स्टॉक रिपोर्ट,Ripoti ya Malipo ya Malisho,Laporan Inventaris Pakan,Rapò Envantè Manje,Feed Inventory Report
cost_per_kg,main,Cost/kg,Coût/kg,成本/公斤,Costo/kg,Presyo/kg,Giá/kg,ราคาต่อกก.,Custo/kg,लागत/किग्रा,Gharama/kg,Biaya/kg,Pri/kg,ကုန်ကျစရိတ်/ကီလိုဂရမ်
target_requirements_not_found,main,Target stage requirements not found.,Besoins du stade cible non trouvés.,未找到目标阶段的需求。,No se encontraron requisitos para la etapa objetivo.,Hindi nahanap ang mga kinakailangan para sa target na stage.,Không tìm thấy nhu cầu cho giai đoạn mục tiêu.,ไม่พบข้อมูลความต้องการสำหรับช่วงที่เลือก,Requisitos da etapa alvo não encontrados.,लक्ष्य चरण की आवश्यकताएं नहीं मिलीं।,Mahitaji ya hatua inayolengwa hayajapatikana.,Persyaratan tahap target tidak ditemukan.,Kondisyon etap sib yo pa jwenn.,ပစ်မှတ် အဆင့်သတ်မှတ်ချက်များကို ရှာမတွေ့ပါ။
select_at_least_one,main,Select at least one ingredient for formulation.,Sélectionnez au moins un ingrédient pour la formulation.,请至少选择一种成分进行配方。,Seleccione al menos un ingrediente para la formulación.,Pumili ng kahit isang sangkap para sa formulation.,Chọn ít nhất một thành phần để lập công thức.,กรุณาเลือกวัตถุดิบอย่างน้อยหนึ่งอย่างเพื่อคำนวณสูตร,Selecione pelo menos um ingrediente para formulação.,फॉर्मुलेशन के लिए कम से कम एक सामग्री चुनें।,Chagua angalau kiungo kimoja cha kuunda.,Pilih setidaknya satu bahan untuk formulasi.,Chwazi omwen yon engredyan pou fòmilasyon.,ဖော်မြူလာအတွက် အနည်းဆုံး ပါဝင်ပစ္စည်းတစ်ခုကို ရွေးပါ။
formulation_failed,main,Formulation failed: %s,Échec de la formulation : %s,配方失败：%s,Error de formulación: %s,Bigo ang formulation: %s,Lập công thức thất bại: %s,การคำนวณสูตรล้มเหลว: %s,Falha na formulação: %s,फॉर्मुलेशन विफल रहा: %s,Uundaji haukufaulu: %s,Perumusan gagal: %s,Fòmasyon echwe: %s,ဖော်မြူလာ မအောင်မြင်ပါ- %s
overview,main,Overview,Aperçu,概览,Descripción general,Pangkalahatang-ideya,Tổng quan,ภาพรวม,Visão geral,अवलोकन,Muhtasari,Ringkasan,Apèsi sou lekòl la,ခြုံငုံသုံးသပ်ချက်
history,main,History,Historique,历史,Historial,Kasaysayan,Lịch sử,ประวัติ,Histórico,इतिहास,Historia,Sejarah,Istwa,သမိုင်း
boar,main,Boar,Verrat,公猪,Verraco,Barako,Đực giống,พ่อพันธุ์,Cachaço,नर,Nguruwe,Babi hutan,Kochon,ဝက်
gilt,main,Gilt,Cochette,后备母猪,Cerdita,Dumalla,Hậu bị,สุกรสาว,Marrã,मादा,Gilt,emas,Dore,Gilt
sow,main,Sow,Truie,经产母猪,Cerda,Inahin,Nái,แม่พันธุ์,Porca,सॉ,Panda,Menabur,Simen,ကြဲပါ။
boars,main,Boars,Verrats,公猪,Verracos,Mga Barako,Heo nọc,พ่อสุกร,Cachaços,नर सूअर,Nguruwe,babi hutan,Sangliye,ဝက်
gilts,main,Gilts,Cochettes,后备母猪,Cerditas,Mga Dumalla,Heo hậu bị,สุกรสาว,Marrãs,युवा मादा सूअर,Gilts,emas,Gilts,ဂရိတ်များ
sows,main,Sows,Truies,母猪,Cerdas,Mga Inahin,Heo nái,แม่สุกร,Porcas,मादा सूअर,Hupanda,Menabur,Simen,မျိုးစေ့ကြဲသည်။
maize,main,Maize,Maïs,玉米,Maíz,Mais,Ngô (Bắp),ข้าวโพด,Milho,मक्का,Mahindi,Jagung,Mayi,ပြောင်း
maize_bran,main,Maize bran,Son de maïs,玉米麸,Salvado de maíz,Maize bran (Tapa ng mais),Cám ngô,รำข้าวโพด,Farelo de milho,मक्का का चोकर,Pumba za mahindi,dedak jagung,Bran mayi,ပြောင်းဖွဲနု
soybean_meal,main,Soybean meal,Tourteau de soja,豆粕,Harina de soja,Soybean meal,Khô đậu tương,กากถั่วเหลือง,Farelo de soja,सोयाबीन की खली,Chakula cha soya,Bungkil kedelai,Manje soya,ပဲပုတ်ညက်
fish_meal,main,Fish meal,Farine de poisson,鱼粉,Harina de pescado,Fish Meal (Harina ng Isda),Bột cá,ปลาป่น,Farinha de peixe,मछली का भोजन,Chakula cha samaki,Tepung ikan,Manje pwason,ငါးဟင်း
rice_bran,main,Rice bran,Son de riz,米糠,Salvado de arroz,Darak (Rice bran),Cám gạo,รำละเอียด,Farelo de arroz,चावल की भूसी,Pumba za mchele,Dedak padi,Bran diri,ဖွဲနု
wheat_bran,main,Wheat bran,Son de blé,麦麸,Salvado de trigo,Wheat bran,Cám mì,รำข้าวสาลี,Farelo de trigo,गेहूं का चोकर,Ngano ya ngano,dedak gandum,Bran ble,ဂျုံဖွဲနု
common_salt,main,Common salt,Sel commun,食盐,Sal común,Asin,Muối ăn,เกลือแกง,Sal comum,साधारण नमक,Chumvi ya kawaida,garam biasa,Sèl komen,ဘုံဆား
vitamin_premix,main,Vitamin Premix,Prémélange vitaminique,维生素预混料,Premezcla de vitaminas,Vitamin Premix,Vitamin Premix,วิตามินพรีมิกซ์,Premistura de vitaminas,विटामिन प्रीमिक्स,Vitamini Premix,Vitamin Premiks,Vitamin Premix,ဗီတာမင် အကြို ရောစပ်ပါ။
mycotoxin_binder,main,Mycotoxin Binder,Liant de mycotoxines,霉菌毒素吸附剂,Aglutinante de micotoxinas,Mycotoxin Binder,Chất hấp phụ độc tố,สารจับสารพิษจากเชื้อรา,Sequestrante de micotoxinas,मायकोटॉक्सिन बाइंडर,Binder ya Mycotoxin,Pengikat Mikotoksin,Mikotoksin Binder,Mycotoxin Binder ၊
oyster_shell,main,Oyster Shell,Coquille d'huître,牡蛎壳,Concha de ostra,Oyster Shell,Vỏ hàu,เปลือกหอยนางรม,Casca de ostra,सीप का खोल,Shell ya Oyster,Cangkang Tiram,Oyster Shell,ကမာခွံ
cassava_dehydrated,main,Cassava (dehydrated),Manioc (déshydraté),木薯（脱水）,Yuca (deshidratada),Dehydrated na Kamoteng-kahoy,Sắn khô,มันสำปะหลังแห้ง,Mandioca (desidratada),कसावा (निर्जलीकृत),Muhogo (upungufu wa maji),Singkong (dehidrasi),Manyòk (dezidrate),ပီလောပီနံ (ရေဓာတ်ခန်းခြောက်)
barrow,main,Barrow,Mâle castré,阉割猪,Verraco castrado,Barrow (Kapon),Heo thiến,สุกรตอน,Capado,बधिया नर (बैरो),Barrow,Gerobak dorong,Barrow,ဘားရိုး
pregnant,main,Pregnant,Gestante,怀孕,Preñada,Buntis,Mang thai,อุ้มท้อง,Prenha,गर्भवती,Mjamzito,Hamil,Ansent,ကိုယ်ဝန်
lactating,main,Lactating,Allaitante,哺乳,Lactante,Nagpapasuso,Đang nuôi con,เลี้ยงลูก,Lactante,स्तनपान कराने वाली,Kunyonyesha,Menyusui,Laktasyon,နို့တိုက်
no_history_records,main,No history records found.,Aucun historique trouvé.,未找到历史记录。,No se encontraron registros de historial.,Walang nahanap na kasaysayan.,Không tìm thấy lịch sử.,ไม่พบประวัติ,Nenhum histórico encontrado.,कोई इतिहास नहीं मिला।,Hakuna rekodi za historia zilizopatikana.,Tidak ada catatan sejarah yang ditemukan.,Pa gen okenn dosye istwa yo jwenn.,သမိုင်းမှတ်တမ်းများ မတွေ့ပါ။
delete_pig_title,main,Delete Pig,Supprimer le porc,删除猪只,Eliminar cerdo,Burahin ang Baboy,Xóa heo,ลบสุกร,Excluir Porco,सूअर हटाएँ,Futa Nguruwe,Hapus Babi,Efase kochon,ဝက်ကိုဖျက်ပါ။
delete_pig_confirm,main,Are you sure you want to delete this pig? This action cannot be undone.,Êtes-vous sûr de vouloir supprimer ce porc ? Cette action est irréversible.,您确定要删除这只猪吗？此操作无法撤销。,¿Está seguro de que desea eliminar este cerdo? Esta acción no se puede deshacer.,Sigurado ka bang gusto mong burahin ang baboy na ito? Hindi na ito mababawi.,Bạn có chắc chắn muốn xóa heo này không? Hành động này không thể hoàn tác.,คุณแน่ใจหรือไม่ว่าต้องการลบสุกรตัวนี้? การดำเนินการนี้ไม่สามารถย้อนกลับได้,Tem certeza de que deseja excluir este porco? Esta ação não pode ser desfeita.,क्या आप वाकई इस सूअर को हटाना चाहते हैं? इस कार्रवाई को पूर्ववत नहीं किया जा सकता है।,"Je, una uhakika unataka kufuta nguruwe huyu? Kitendo hiki hakiwezi kutenduliwa.",Apakah Anda yakin ingin menghapus babi ini? Tindakan ini tidak dapat dibatalkan.,Èske w sèten ou vle efase kochon sa a? Aksyon sa a pa ka defèt.,ဤဝက်ကို ဖျက်လိုသည်မှာ သေချာပါသလား။ ဤလုပ်ဆောင်ချက်ကို ပြန်ပြင်၍မရပါ။
delete_record_title,main,Delete Activity,Supprimer l'activité,删除活动,Eliminar actividad,Burahin ang Aktibidad,Xóa hoạt động,ลบกิจกรรม,Excluir Atividade,गतिविधि हटाएँ,Futa Shughuli,Hapus Aktivitas,Efase Aktivite,လုပ်ဆောင်ချက်ကို ဖျက်ပါ။
delete_record_confirm,main,Are you sure you want to delete this recorded activity? This action cannot be undone.,Êtes-vous sûr de vouloir supprimer cette activité ? Cette action est irréversible.,您确定要删除此记录的活动吗？此操作无法撤销。,¿Está seguro de que desea eliminar esta actividad registrada? Esta acción no se puede deshacer.,Sigurado ka bang gusto mong burahin ang aktibidad na ito? Hindi na ito mababawi.,Bạn có chắc chắn muốn xóa hoạt động đã ghi lại này không? Hành động này không thể hoàn tác.,คุณแน่ใจหรือไม่ว่าต้องการลบกิจกรรมที่บันทึกไว้นี้? การดำเนินการนี้ไม่สามารถย้อนกลับได้,Tem certeza de que deseja excluir esta atividade registrada? Esta ação não pode ser desfeita.,क्या आप वाकई इस रिकॉर्ड की गई गतिविधि को हटाना चाहते हैं? इस कार्रवाई को पूर्ववत नहीं किया जा सकता है।,"Je, una uhakika unataka kufuta shughuli hii iliyorekodiwa? Kitendo hiki hakiwezi kutenduliwa.",Apakah Anda yakin ingin menghapus rekaman aktivitas ini? Tindakan ini tidak dapat dibatalkan.,Èske w sèten ou vle efase aktivite ki anrejistre sa a? Aksyon sa a pa ka defèt.,ဤမှတ်တမ်းတင်ထားသော လုပ်ဆောင်ချက်ကို ဖျက်လိုသည်မှာ သေချာပါသလား။ ဤလုပ်ဆောင်ချက်ကို ပြန်ပြင်၍မရပါ။
archive_pig_title,main,Archive Pig,Archiver le porc,归档猪只,Archivar cerdo,I-archive ang Baboy,Lưu trữ heo,เก็บถาวรสุกร,Arquivar Porco,सूअर को आर्काइव करें,Hifadhi nguruwe,Arsip Babi,Achiv kochon,မော်ကွန်းဝက်
reason_for_archiving,main,Reason for archiving:,Raison de l'archivage :,归档原因：,Motivo del archivo:,Dahilan ng pag-archive:,Lý do lưu trữ:,เหตุผลในการเก็บถาวร:,Motivo do arquivamento:,आर्काइव करने का कारण:,Sababu ya kuhifadhi kwenye kumbukumbu:,Alasan pengarsipan:,Rezon pou achiv:,သိမ်းဆည်းရခြင်းအကြောင်းရင်း-
specify_reason,main,Specify Reason,Précisez la raison,指定原因,Especificar motivo,Tukuyin ang Dahilan,Chỉ định lý do,ระบุเหตุผล,Especificar Motivo,कारण बताएं,Bainisha Sababu,Tentukan Alasan,Espesifye Rezon,အကြောင်းပြချက်သတ်မှတ်ပါ။
edit_activity,main,Edit Activity,Modifier l'activité,编辑活动,Editar actividad,I-edit ang Aktibidad,Chỉnh sửa hoạt động,แก้ไขกิจกรรม,Editar Atividade,गतिविधि संपादित करें,Hariri Shughuli,Sunting Aktivitas,Edit Aktivite,လုပ်ဆောင်ချက်ကို တည်းဖြတ်ပါ။
log_activity,main,Log Activity,Enregistrer l'activité,记录活动,Registrar actividad,Itala ang Aktibidad,Ghi lại hoạt động,บันทึกกิจกรรม,Registrar Atividade,गतिविधि लॉग करें,Shughuli ya Kumbukumbu,Catat Aktivitas,Log Aktivite,မှတ်တမ်း လုပ်ဆောင်ချက်
activity_date,main,Activity Date,Date de l'activité,活动日期,Fecha de la actividad,Petsa ng Aktibidad,Ngày hoạt động,วันที่จัดกิจกรรม,Data da Atividade,गतिविधि की तिथि,Tarehe ya Shughuli,Tanggal Kegiatan,Dat Aktivite,လှုပ်ရှားမှုရက်စွဲ
target_animal,main,Target Animal,Animal cible,目标动物,Animal objetivo,Target na Hayop,Vật nuôi mục tiêu,สัตว์เป้าหมาย,Animal Alvo,लक्षित जानवर,Mnyama anayelengwa,Hewan Sasaran,Sib bèt,ပစ်မှတ် တိရစ္ဆာန်
activity_type,main,Activity Type,Type d'activité,活动类型,Tipo de actividad,Uri ng Aktibidad,Loại hoạt động,ประเภทกิจกรรม,Tipo de Atividade,गतिविधि का प्रकार,Aina ya Shughuli,Jenis Aktivitas,Kalite aktivite,လုပ်ဆောင်ချက်အမျိုးအစား
culled,main,Culled,Réformé,淘汰,Descartado,Culled,Loại bỏ,คัดออก,Descartado,हटा दिया गया,Imepigwa,Disingkirkan,Culed,ခုတ်ထစ်သည်။
sold,main,Sold,Vendu,已售,Vendido,Ibinenta,Đã bán,ขายแล้ว,Vendido,बेचा गया,Inauzwa,Terjual,Vann,ရောင်းတယ်။
died,main,Died,Mort,死亡,Muerto,Namatay,Đã chết,ตาย,Morreu,मर गया,Alikufa,Mati,Te mouri,သေတယ်။
edit,main,Edit,Modifier,编辑,Editar,I-edit,Chỉnh sửa,แก้ไข,Editar,संपादित करें,Hariri,Sunting,Edit,တည်းဖြတ်ပါ။
save,main,Save,Enregistrer,保存,Guardar,I-save,Lưu,บันทึก,Salvar,सहेजें,Hifadhi,Menyimpan,Sove,သိမ်းဆည်းပါ။
delete,main,Delete,Supprimer,删除,Eliminar,Burahin,Xóa,ลบ,Excluir,हटाएँ,Futa,Menghapus,Efase,ဖျက်ပါ။
archive,main,Archive,Archiver,归档,Archivar,I-archive,Lưu trữ,เก็บถาวร,Arquivar,आर्काइव करें,Hifadhi,Arsip,Achiv,စုစည်းမှု
update,main,Update,Mettre à jour,更新,Actualizar,I-update,Cập nhật,อัปเดต,Atualizar,अपडेट करें,Sasisha,Memperbarui,Mizajou,အပ်ဒိတ်
medication,main,Medication,Médicament,药物,Medicamento,Gamot,Thuốc,ยา,Medicamento,दवा,Dawa,Pengobatan,Medikaman,ဆေးသောက်တယ်။
cost,main,Cost,Coût,成本,Costo,Halaga,Chi phí,ค่าใช้จ่าย,Custo,लागत,Gharama,Biaya,Pri,ကုန်ကျစရိတ်
edit_pig_title,main,Edit Pig,Modifier le porc,编辑猪只,Editar cerdo,I-edit ang Baboy,Chỉnh sửa heo,แก้ไขสุกร,Editar Porco,सूअर संपादित करें,Badilisha Nguruwe,Sunting Babi,Edit Pig,တည်းဖြတ်ဝက်
not_specified,main,Not specified,Non spécifié,未指定,No especificado,Hindi tinukoy,Chưa xác định,ไม่ได้ระบุ,Não especificado,निर्दिष्ट नहीं,Haijabainishwa,Tidak ditentukan,Pa espesifye,မသတ်မှတ်ထားပါ
vaccination,main,Vaccination,Vaccination,疫苗接种,Vacunación,Pagbabakuna,Tiêm phòng,การฉีดวัคซีน,Vacinação,टीकाकरण,Chanjo,Vaksinasi,Vaksinasyon,ကာကွယ်ဆေးထိုးပါ။
deworming,main,Deworming,Déparasitage,驱虫,Desparasitación,Pagpupurga,Tẩy giun,การถ่ายพยาธิ,Desverminação,कृमि मुक्ति,Dawa ya minyoo,Obat cacing,Deworm,ပိုးသတ်ခြင်း။
weight_check,main,Weight Check,Contrôle du poids,体重检查,Control de peso,Pagtingin ng Timbang,Kiểm tra cân nặng,การตรวจน้ำหนัก,Controle de Peso,वजन की जाँच,Kuangalia Uzito,Pemeriksaan Berat Badan,Tcheke pwa,အလေးချိန်စစ်ဆေးပါ။
culling,main,Culling,Reforme,淘汰,Descarte,Pag-culling,Loại thải,การคัดออก,Descarte,छंटनी,Kukata,Pemusnahan,Culling,သုတ်သင်ခြင်း။
teeth_clipping,main,Teeth Clipping,Coupe des dents,剪牙,Corte de colmillos,Pagputol ng ngipin,Bấm răng,การตัดเขี้ยว,Corte de Dentes,दांत काटना,Kukata meno,Pemotongan Gigi,Koupe dan,သွားညှပ်ခြင်း။
tail_docking,main,Tail Docking,Coupe de la queue,剪尾,Corte de cola,Pagputol ng buntot,Cắt đuôi,การตัดหาง,Corte de Cauda,पूंछ काटना,Kuweka Mkia,Docking Ekor,Tail Docking,အမြီးအထိုင်ချခြင်း။
heat_detection,main,Heat Detection,Détection des chaleurs,发情检测,Detección de celo,Heat Detection,Phát hiện động dục,การตรวจการเป็นสัด,Detecção de Cio,मद का पता लगाना,Ugunduzi wa joto,Deteksi Panas,Deteksyon chalè,အပူထောက်လှမ်းခြင်း။
breeding_mating,main,Breeding/Mating,Saillie,配种,Cruce,Pagpalahi,Phối giống,การผสมพันธุ์,Cruzamento,प्रजनन,Kuzaliana/Kupandana,Berkembang biak/Kawin,Elvaj/Akoupaj,မျိုးပွားခြင်း/မိတ်လိုက်ခြင်း။
pregnancy_check,main,Pregnancy Check,Constat de gestation,妊娠检查,Diagnóstico de gestación,Pregnancy Check,Kiểm tra mang thai,การตรวจการตั้งท้อง,Diagnóstico de Gestação,गर्भावस्था की जाँच,Ukaguzi wa Mimba,Pemeriksaan Kehamilan,Tcheke gwosès,ကိုယ်ဝန်စစ်ဆေးခြင်း။
schedule_preg_check,main,Schedule Pregnancy Check (21 days),Planifier un constat de gestation (21 jours),安排妊娠检查（21天后）,Programar diagnóstico de gestación (21 días),I-schedule ang Pregnancy Check (21 araw),Lên lịch kiểm tra mang thai (21 ngày),กำหนดการตรวจการตั้งท้อง (21 วัน),Agendar diagnóstico de gestação (21 dias),गर्भावस्था की जाँच का समय निर्धारित करें (21 दिन),Ratibu Uchunguzi wa Mimba (Siku 21),Jadwal Pemeriksaan Kehamilan (21 hari),Orè Tcheke Gwosès (21 jou),ကိုယ်ဝန်စစ်ဆေးရန်အချိန်ဇယား (21 ရက်)
vaccine_name,main,Vaccine Name,Nom du vaccin,疫苗名称,Nombre de la vacuna,Pangalan ng Bakuna,Tên vắc xin,ชื่อวัคซีน,Nome da Vacina,टीके का नाम,Jina la Chanjo,Nama Vaksin,Non vaksen an,ကာကွယ်ဆေးအမည်
medication_name,main,Medication Name,Nom du médicament,药物名称,Nombre del medicamento,Pangalan ng Gamot,Tên thuốc,ชื่อยา,Nome do Medicamento,दवा का नाम,Jina la Dawa,Nama Obat,Non Medikaman,ဆေးအမည်
dosage,main,Dosage,Dosage,剂量,Dosis,Dosage (Dosis),Liều lượng,ปริมาณการใช้,Dosagem,खुराक,Kipimo,Dosis,Dòz,ဆေးသောက်ပါ။
new_location,main,New Location,Nouvel emplacement,新位置,Nueva ubicación,Bagong Lokasyon,Vị trí mới,สถานที่ใหม่,Nova Localização,नया स्थान,Mahali Mpya,Lokasi Baru,Nouvo Kote,တည်နေရာအသစ်
reason_sold_disease,main,"Reason (e.g. Sold, Disease)","Raison (ex. Vendu, Maladie)",原因（如：已售、疾病）,"Motivo (ej. Vendido, Enfermedad)","Dahilan (hal. Ibinenta, Sakit)","Lý do (VD: Đã bán, Bệnh)","เหตุผล (เช่น ขายแล้ว, เป็นโรค)","Motivo (ex: Vendido, Doença)","कारण (जैसे बेचा गया, बीमारी)","Sababu (k.m. Kuuzwa, Ugonjwa)","Alasan (misalnya Terjual, Sakit)","Rezon ki fè (egzanp vann, Maladi)",အကြောင်းရင်း (ဥပမာ - ရောင်းစားခြင်း၊ ရောဂါ)
sale_price_currency,main,Sale Price (%s),Prix de vente (%s),销售价格 (%s),Precio de venta (%s),Presyo ng Pagbenta (%s),Giá bán (%s),ราคาขาย (%s),Preço de Venda (%s),बिक्री मूल्य (%s),Bei ya Mauzo (%s),Harga Jual (%s),Pri Vann (%s),ရောင်းဈေး (%s)
track_heat_remind,main,Track Heat (Remind in 21 days),Suivre les chaleurs (Rappel dans 21 jours),追踪发情（21天后提醒）,Seguimiento de celo (Recordar en 21 días),I-track ang Heat (Paalala sa 21 araw),Theo dõi động dục (Nhắc sau 21 ngày),ติดตามการเป็นสัด (เตือนใน 21 วัน),Rastrear Cio (Lembrar em 21 dias),मद ट्रैक करें (21 दिनों में याद दिलाएं),Fuatilia Joto (Kumbusha baada ya siku 21),Lacak Panas (Ingatkan dalam 21 hari),Track Chalè (Rale nan 21 jou),အပူလမ်းကြောင်း (21 ရက်အတွင်း သတိပေးချက်)
preg_confirmed_farrow,main,Pregnancy Confirmed (Schedule Farrowing),Gestation confirmée (Planifier mise bas),确认怀孕（安排分娩）,Gestación confirmada (Programar parto),Buntis (I-schedule ang Pag-anak),Xác nhận mang thai (Lên lịch đẻ),ยืนยันการตั้งท้อง (กำหนดการคลอด),Gestação Confirmada (Agendar Parto),गर्भावस्था की पुष्टि (बच्चे देने का समय निर्धारित करें),Ujauzito Umethibitishwa (Ratibu Uzalishaji),Kehamilan Dikonfirmasi (Jadwal Melahirkan),Gwosès Konfime (Orè Akouchman),ကိုယ်ဝန်အတည်ပြုခဲ့သည် (အချိန်ဇယားဆွဲခြင်း)
activity_name,main,Activity Name,Nom de l'activité,活动名称,Nombre de la actividad,Pangalan ng Aktibidad,Tên hoạt động,ชื่อกิจกรรม,Nome da Atividade,गतिविधि का नाम,Jina la Shughuli,Nama Aktivitas,Non Aktivite,လုပ်ဆောင်ချက်အမည်
notes_details,main,Notes/Details,Notes/Détails,备注/详情,Notas/Détalles,Mga Tala/Detalye,Ghi chú/Chi tiết,บันทึก/รายละเอียด,Notes/Detalhes,नोट्स/विवरण,Vidokezo/Maelezo,Catatan/Rincian,Nòt/Detay,မှတ်ချက်/အသေးစိတ်
castration,main,Castration,Castration,阉割,Castración,Pagkakapon,Thiến,การตอน,Castração,बधियाकरण,Kuhasiwa,Pengebirian,Kastrasyon,သင်းကွပ်ခြင်း။
log,main,Log,Enregistrer,记录,Registrar,Itala,Ghi lại,บันทึก,Registrar,दर्ज करें,Kumbukumbu,Catatan,Log,အလုံးလိုက်
log_activity_title,main,Log %s,Enregistrer %s,记录 %s,Registrar %s,Itala ang %s,Ghi lại %s,บันทึก %s,Registrar %s,%s दर्ज करें,Rekodi %s,Catat %s,Log %s,%s မှတ်တမ်း
save_activity,main,Save Activity,Enregistrer l'activité,保存活动,Guardar actividad,I-save ang Aktibidad,Lưu hoạt động,บันทึกกิจกรรม,Salvar Atividade,गतिविधि सहेजें,Hifadhi Shughuli,Simpan Aktivitas,Sove Aktivite,လုပ်ဆောင်ချက်ကို သိမ်းဆည်းပါ။
log_activity_msg,main,Log activity completion and any notes above.,Enregistrez l'achèvement de l'activité et toutes les notes ci-dessus.,在上方记录活动完成情况和任何备注。,Registre la finalización de la actividad y cualquier nota arriba.,Itala ang pagkumpleto ng aktibidad at anumang mga tala sa itaas.,Ghi lại việc hoàn thành hoạt động và bất kỳ ghi chú nào ở trên.,บันทึกการเสร็จสิ้นกิจกรรมและบันทึกต่างๆ ด้านบน,Registre a conclusão da atividade e quaisquer notas acima.,गतिविधि के पूरा होने और ऊपर किसी भी टिप्पणी को दर्ज करें।,Kukamilika kwa shughuli ya kumbukumbu na madokezo yoyote hapo juu.,Catat penyelesaian aktivitas dan catatan apa pun di atas.,Log aktivite fini ak nenpòt nòt pi wo a.,မှတ်တမ်းလှုပ်ရှားမှု ပြီးစီးမှုနှင့် အထက်ဖော်ပြပါ မှတ်စုများ။
edit_activity_title,main,Edit Activity,Modifier l'activité,编辑活动,Editar actividad,I-edit ang Aktibidad,Chỉnh sửa hoạt động,แก้ไขกิจกรรม,Editar Atividade,गतिविधि संपादित करें,Hariri Shughuli,Sunting Aktivitas,Edit Aktivite,လုပ်ဆောင်ချက်ကို တည်းဖြတ်ပါ။
actual_farrowing_date,main,Actual Farrowing Date,Date de mise bas réelle,实际分娩日期,Fecha real de parto,Tunay na Araw ng Panganganak,Ngày đẻ thực tế,วันคลอดจริง,Data real do parto,वास्तविक प्रसव तिथि,Tarehe Halisi ya Kuzaliwa,Tanggal Melahirkan Sebenarnya,Dat akouchman aktyèl la,အမှန်တကယ် Farrowing Date
expected_farrowing_date,main,Expected Farrowing Date: %s,Date de mise bas prévue : %s,预计分娩日期: %s,Fecha prevista de parto: %s,Inaasahang Araw ng Panganganak: %s,Ngày đẻ dự kiến: %s,วันคลอดที่คาดไว้: %s,Data prevista do parto: %s,प्रत्याशิต प्रसव तिथि: %s,Tarehe Inatarajiwa ya Uzalishaji: %s,Perkiraan Tanggal Melahirkan: %s,Dat akouchman espere: %s,မျှော်လင့်ထားသည့် ဖားပေါက်သည့်ရက်စွဲ- %s
pregnancy_result,main,Pregnancy Result,Résultat de la gestation,妊娠结果,Resultado de gestación,Resulta ng Pagbubuntis,Kết quả mang thai,ผลการตรวจการตั้งครรภ์,Resultado da gestação,गर्भावस्था परिणाम,Matokeo ya Mimba,Hasil Kehamilan,Rezilta Gwosès,ကိုယ်ဝန်ရလဒ်
successful,main,Successful,Réussi,成功,Exitoso,Matagumpay,Thành công,สำเร็จ,Bem-sucedido,सफल,Imefanikiwa,Berhasil,Siksè,အောင်မြင်တယ်။
failed,main,Failed,Échoué,失败,Fallido,Nabigo,Thất bại,ล้มเหลว,Fracassado,विफल,Imeshindwa,Gagal,Echwe,မအောင်မြင်
choose_activity_to_execute,main,Choose Activity to Execute/Schedule,Choisissez l'activité à exécuter/planifier,选择要执行/安排的活动,Elija la actividad para ejecutar/programar,Pumili ng Aktibidad na Isasagawa/I-iskedyul,Chọn hoạt động để thực hiện/lên lịch,เลือกกิจกรรมที่จะดำเนินการ/กำหนดการ,Escolha a Atividade para Executar/Agendar,निष्पादित/निर्धारित करने के लिए गतिविधि चुनें,Chagua Shughuli ya Kutekeleza/Kuratibu,Pilih Aktivitas untuk Dieksekusi/Dijadwalkan,Chwazi Aktivite pou Egzekite/Orè,လုပ်ဆောင်ချက်/အချိန်ဇယားဆွဲရန် လုပ်ဆောင်ချက်ကို ရွေးချယ်ပါ။
heat_detection_desc,main,Monitor sows for breeding readiness,Surveiller les truies pour la reproduction,监测母猪的配种准备情况,Monitorear cerdas para preparación reproductiva,Subaybayan ang mga inahin para sa kahandaan sa pagpalahi,Theo dõi nái để sẵn sàng phối giống,ตรวจสอบแม่สุกรเพื่อเตรียมความพร้อมในการผสมพันธุ์,Monitorar porcas para prontidão reprodutiva,प्रजनन तत्परता के लिए सूअरों की निगरानी करें,Fuatilia nguruwe kwa utayari wa kuzaliana,Pantau induk babi untuk kesiapan berkembang biak,Siveye simen yo pou preparasyon pou elvaj,မျိုးစေ့များ မွေးမြူရန် အဆင်သင့် စောင့်ကြည့်ပါ။
breeding_mating_desc,main,Log successful mating sessions,Enregistrer les sessions de saillie réussies,记录成功的配种过程,Registrar sesiones de apareamiento exitosas,Itala ang matagumpay na mga session ng pagpalahi,Ghi lại các phiên phối giống thành công,บันทึกช่วงเวลาการผสมพันธุ์ที่สำเร็จ,Registrar sessões de acasalamento bem-sucedidas,सफल संभोग सत्र लॉग करें,Rekodi vipindi vya kupandisha vilivyofaulu,Catat sesi kawin yang berhasil,Log sesyon kwazman ki gen siksè,အောင်မြင်သော မိတ်လိုက်ဆက်ရှင်များကို စာရင်းသွင်းပါ။
confirm_pregnancy_desc,main,Record ultrasound or physical checks,Enregistrer les contrôles échographiques ou physiques,记录超声波或物理检查结果,Registrar controles de ultrasonido o físicos,Itala ang mga ultrasound o pisikal na pagsusuri,Ghi lại kết quả siêu âm hoặc kiểm tra thể chất,บันทึกการตรวจอัลตราซาวนด์หรือการตรวจร่างกาย,Registrar ultrassom ou exames físicos,अल्ट्रासाउंड या शारीरिक जांच रिकॉर्ड करें,Rekodi uchunguzi wa ultrasound au wa kimwili,Rekam USG atau pemeriksaan fisik,Ekri ultrason oswa chèk fizik,အာထရာဆောင်း သို့မဟုတ် ရုပ်ပိုင်းဆိုင်ရာစစ်ဆေးမှုများကို မှတ်တမ်းတင်ပါ။
farrowing_desc,main,Log new litters and birth details,Enregistrer les nouvelles portées et les détails de naissance,记录新产仔猪和出生详情,Registrar nuevas camadas y detalles de nacimiento,Itala ang mga bagong biik at detalye ng kapanganakan,Ghi lại các lứa đẻ mới và chi tiết sinh sản,บันทึกครอกใหม่และรายละเอียดการเกิด,Registrar novas leitegadas e detalhes de nascimento,नए झोल और जन्म विवरण लॉग करें,Ingia takataka mpya na maelezo ya kuzaliwa,Catat kelahiran baru dan detail kelahiran,Mete nouvo fatra ak detay nesans,အမှိုက်အသစ်များနှင့် မွေးဖွားမှုအသေးစိတ်အချက်အလက်များကို မှတ်တမ်းတင်ပါ။
weaning_desc,main,Record when piglets leave the sow,Enregistrer quand les porcelets quittent la truie,记录仔猪断奶时间,Registrar cuándo los lechones dejan a la cerda,Itala kung kailan hihiwalay ang mga biik sa inahin,Ghi lại thời điểm heo con rời nái,บันทึกเมื่อลูกสุกรหย่านมจากแม่,Registrar quando os leitões deixam a porca,रिकॉर्ड करें कि पिगलेट्स कब सूअर को छोड़ते हैं,Rekodi watoto wa nguruwe wanapoondoka kwenye nguruwe,Catat kapan anak babi meninggalkan babi,Ekri lè porsele yo kite simen an,ဝက်များသည် မျိုးစေ့ကို ကြဲထားသည့်အခါ မှတ်တမ်းတင်ပါ။
castration_desc,main,Log castration of male piglets,Enregistrer la castration des porcelets mâles,记录公仔猪的阉割情况,Registrar castración de lechones machos,Itala ang pagkakapon ng mga lalaking biik,Ghi lại việc thiến heo con đực,บันทึกการตอนลูกสุกรตัวผู้,Registrar castração de leitões machos,नर पिगलेट्स के बधियाकरण को लॉग करें,Kuhasiwa kwa magogo ya nguruwe wa kiume,Pengebirian kayu terhadap anak babi jantan,Log kastrasyon nan porsele gason,ဝက်အထီးများကို အလုံးလိုက် သုတ်ခြင်း။
teeth_clipping_desc,main,Clip needle teeth of newborn piglets,Couper les dents de lait des porcelets nouveau-nés,为新生仔猪剪牙,Recortar dientes de lechones recién nacidos,Putulin ang mga ngipin ng mga bagong silang na biik,Bấm răng nanh cho heo con mới sinh,ตัดเขี้ยวลูกสุกรแรกเกิด,Cortar dentes de leitões recém-nascidos,नवजात पिगलेट्स के दांत काटें,Clip meno ya sindano ya nguruwe waliozaliwa,Klip jarum gigi anak babi yang baru lahir,Koupe dan zegwi nan ti porsele ki fèk fèt,မွေးကင်းစ ဝက်ကလေးများ၏ သွားများကို အပ်ဖြင့်ညှပ်ပါ။
tail_docking_desc,main,Dock tails to prevent biting and infection,Couper les queues pour prévenir les morsures et les infections,断尾以防止咬尾和感染,Corte de colas para prevenir mordeduras e infecciones,Putulin ang mga buntot upang maiwasan ang kagat at impeksyon,Cắt đuôi để ngăn ngừa cắn nhau và nhiễm trùng,ตัดหางเพื่อป้องกันการกัดและการติดเชื้อ,Cortar caudas para evitar mordidas e infecções,काटने और संक्रमण को रोकने के लिए पूंछ काटें,Weka mikia ili kuzuia kuuma na kuambukizwa,Pasang ekornya untuk mencegah gigitan dan infeksi,Waf ke pou anpeche mòde ak enfeksyon,ကိုက်ခြင်းနှင့် ပိုးဝင်ခြင်းမှ ကာကွယ်ရန် အမြီးများကို အထိုင်ချပါ။
deworming_desc,main,Administer deworming medication,Administrer des médicaments vermifuges,服用驱虫药物,Administrar medicamento desparasitante,Magbigay ng gamot sa pagpupurga,Sử dụng thuốc tẩy giun,ให้ยาถ่ายพยาธิ,Administrar medicação vermífuga,कृमि नाशक दवा दें,Kutoa dawa ya minyoo,Berikan obat cacing,Administre medikaman deworming,ပိုးသတ်ဆေးသောက်ပါ။
iron_injection_desc,main,Give iron shots to prevent anemia,Donner des injections de fer pour prévenir l'anémie,注射铁剂以预防贫血,Dar inyecciones de hierro para prevenir anemia,Magbigay ng iron shots para maiwasan ang anemia,Tiêm sắt để ngăn ngừa thiếu máu,ฉีดธาตุเหล็กเพื่อป้องกันภาวะโลหิตจาง,Dar injeções de ferro para prevenir anemia,एनीमिया को रोकने के लिए आयरन के इंजेक्शन दें,Piga risasi za chuma ili kuzuia anemia,Berikan suntikan zat besi untuk mencegah anemia,Bay vaksen fè pou anpeche anemi,သွေးအားနည်းရောဂါကို ကာကွယ်ရန် သံဓါတ်ထိုးပေးပါ။
vaccination_desc,main,Log routine or emergency shots,Enregistrer les vaccins de routine ou d'urgence,记录常规或紧急疫苗接种,Registrar vacunas de rutina o emergencia,Itala ang mga rutin o pang-emerhensiyang bakuna,Ghi lại các mũi tiêm định kỳ hoặc khẩn cấp,บันทึกการฉีดวัคซีนตามปกติหรือฉุกเฉิน,Registrar vacinas de rotina ou emergência,नियमित या आपातकालीन टीके लॉग करें,Rekodi za kawaida au picha za dharura,Catat pengambilan gambar rutin atau darurat,Mete piki woutin oswa ijans,ပုံမှန်မှတ်တမ်း သို့မဟုတ် အရေးပေါ်ရိုက်ချက်
medication_desc,main,Track treatments for sick animals,Suivre les traitements pour les animaux malades,跟踪患病动物的治疗情况,Seguir tratamientos para animales enfermos,Subaybayan ang mga gamutan para sa mga may sakit na hayop,Theo dõi điều trị cho động vật bị bệnh,ติดตามการรักษาสำหรับสัตว์ที่ป่วย,Acompanhar tratamentos de animais doentes,बीमार जानवरों के उपचार को ट्रैक करें,Fuatilia matibabu kwa wanyama wagonjwa,Lacak perawatan untuk hewan yang sakit,Swiv tretman pou bèt malad,ဖျားနေသောတိရစ္ဆာန်များအတွက် ကုသမှုများကို ခြေရာခံပါ။
weight_check_desc,main,Log growth progress,Enregistrer les progrès de la croissance,记录生长进度,Registrar progreso de crecimiento,Itala ang pag-unlad ng paglaki,Ghi lại tiến trình tăng trưởng,บันทึกความก้าวหน้าของการเจริญเติบโต,Registrar progresso de crescimento,विकास की प्रगति लॉग करें,Maendeleo ya ukuaji wa kumbukumbu,Catat kemajuan pertumbuhan,Log pwogrè kwasans,မှတ်တမ်းတိုးတက်မှု
culling_desc,main,Record removal from herd,Enregistrer le retrait du troupeau,记录从猪群中剔除的情况,Registrar remoción del rebaño,Itala ang pag-alis sa kawan,Ghi lại việc loại khỏi đàn,บันทึกการคัดออกจากฝูง,Registrar remoção do rebanho,झुंड से हटाने का रिकॉर्ड रखें,Rekodi kuondolewa kutoka kwa mifugo,Rekam penghapusan dari kawanan,Dosye retire nan bann bèt,အစုအဝေးမှဖယ်ရှားခြင်းမှတ်တမ်း
custom_activity_desc,main,Log any other farm activity or observation,Enregistrer toute autre activité ou observation de la ferme,记录任何其他农场 activity 或观察结果,Registrar cualquier otra actividad u observación de la granja,Itala ang anumang iba pang aktibidad sa farm o obserbasyon,Ghi lại bất kỳ hoạt động hoặc quan sát trang trại nào khác,บันทึกกิจกรรมในฟาร์มหรือการสังเกตอื่นๆ,Registrar qualquer outra atividade ou observação da fazenda,रिकॉर्ड करें कोई अन्य फार्म गतिविधि या अवलोकन,Rekodi shughuli nyingine yoyote ya shamba au uchunguzi,Catat aktivitas atau observasi pertanian lainnya,Mete nenpòt lòt aktivite agrikòl oswa obsèvasyon,အခြား လယ်ယာ လှုပ်ရှားမှု သို့မဟုတ် လေ့လာကြည့်ရှုမှု တစ်ခုခုကို မှတ်တမ်းတင်ပါ။
mated_sow_with_boar,main,Mated: Sow %s with Boar %s,Saillie : Truie %s avec Verrat %s,交配：母猪 %s 与公猪 %s,Apareado: Cerda %s con Verraco %s,Pinangastahan: Inahing Baboy %s sa Barako %s,Phối giống: Nái %s với Đực %s,ผสมพันธุ์: แม่พันธุ์ %s กับ พ่อพันธุ์ %s,Acoplado: Porca %s com Cachaço %s,संभोग: संभोग मादा %s के साथ नर %s,Imeoana: Panda %s na Nguruwe %s,Dikawinkan: Menabur %s dengan Babi Hutan %s,Matye: Simen %s ak Kochon %s,မိတ်လိုက်သည်- Boar %s ဖြင့် %s မျိုးစေ့ချပါ။
farrowed_males_females,main,"Farrowed: %s Males, %s Females","Mis bas : %s Mâles, %s Femelles",产仔：%s 公，%s 母,"Parto: %s machos, %s hembras","Nanganak: %s Lalaki, %s Babae","Đẻ: %s Đực, %s Cái","คลอด: ตัวผู้ %s ตัว, ตัวเมีย %s ตัว","Paro: %s Machos, %s Fêmeas","प्रसव: %s नर, %s मादा","Imechangiwa: %s Wanaume, %s Wanawake","Farrowed: %s Laki-laki, %s Perempuan","Farrowed: %s Gason, %s Fi",Farrowed- %s အမျိုးသား၊ %s အမျိုးသမီး
weight_updated_to,main,Weight updated to %skg,Poids mis à jour à %s kg,体重已更新为 %s 公斤,Peso actualizado a %skg,Na-update ang timbang sa %skg,Cân nặng được cập nhật thành %skg,อัปเดตน้ำหนักเป็น %skg,Peso atualizado para %skg,वजन %skg तक अद्यतन किया गया,Uzito umesasishwa hadi %skg,Berat diperbarui menjadi %skg,Pwa mete ajou a %skg,အလေးချိန် %skg သို့ အပ်ဒိတ်လုပ်ထားသည်။
weaned_and_moved,main,Weaned and moved to location: %s,Sevré et déplacé vers l'emplacement : %s,已断奶并转移到位置：%s,Destetado y trasladado a ubicación: %s,Nawalay at inilipat sa lokasyon: %s,Đã cai sữa và chuyển đến chuồng: %s,หย่านมและย้ายไปยังคอก: %s,Desmamado e movido para baia: %s,दूध छुड़ाया गया और स्थान पर स्थानांतरित किया गया: %s,Iliachishwa na kuhamishwa hadi eneo: %s,Disapih dan dipindahkan ke lokasi: %s,Sevre ak deplase nan kote: %s,နို့ဖြတ်ပြီး တည်နေရာသို့ ပြောင်းရွှေ့ခဲ့သည်- %s
reason_label,main,Reason: %s,Raison : %s,原因：%s,Motivo: %s,Dahilan: %s,Lý do: %s,เหตุผล: %s,Motivo: %s,कारण: %s,Sababu: %s,Alasan: %s,Rezon ki fè: %s,အကြောင်းပြချက်- %s
sold_for_amount,main,Sold for: %s %s,Vendu pour : %s %s,出售价格：%s %s,Vendido por: %s %s,Naibenta sa halagang: %s %s,Bán với giá: %s %s,ขายได้ราคา: %s %s,Vendido por: %s %s,बेचा गया: %s %s,Inauzwa kwa: %s %s,Dijual seharga: %s %s,Vann pou: %s %s,ရောင်းသည်- %s %s
pregnancy_confirmed,main,Pregnancy Confirmed,Gestation confirmée,确认怀孕,Embarazo confirmado,Kumpirmadong Buntis,Xác nhận mang thai,ยืนยันการตั้งครรภ์,Gestação Confirmada,गर्भावस्था की पुष्टि,Ujauzito Umethibitishwa,Kehamilan Dikonfirmasi,Gwosès Konfime,ကိုယ်ဝန်အတည်ပြုပြီးပါပြီ။
pregnancy_check_failed,main,Pregnancy Check Failed,Échec du constat de gestation,怀孕检查失败,Prueba de embarazo fallida,Bigo ang Pagsusuri ng Pagbubuntis,Kiểm tra thai thất bại,ผลตรวจการตั้งครรภ์ไม่ผ่าน,Falha no diagnóstico de gestação,गर्angerschaft जाँच विफल,Ukaguzi wa Mimba Umeshindwa,Pemeriksaan Kehamilan Gagal,Tcheke Gwosès Echwe,ကိုယ်ဝန်စစ်ဆေးမှု မအောင်မြင်ပါ။
scheduling_preg_check_for,main,Scheduling pregnancy check for %s,Planification du contrôle de gestation pour %s,正在为 %s 安排怀孕检查,Programando control de embarazo para %s,Nagtatakda ng pagsusuri ng pagbubuntis para sa %s,Lên lịch kiểm tra thai cho %s,กำหนดการตรวจการตั้งครรภ์สำหรับ %s,Agendando diagnóstico de gestação para %s,%s के लिए गर्भावस्था जाँच का निर्धारण,Inaratibu ukaguzi wa ujauzito kwa %s,Menjadwalkan pemeriksaan kehamilan untuk %s,Orè pou tcheke gwosès pou %s,%s အတွက် ကိုယ်ဝန်စစ်ဆေးရန် အချိန်ဇယားဆွဲခြင်း။
castrated_successfully,main,Castrated successfully.,Castration réussie.,阉割成功。,Castrado con éxito.,Matagumpay na nakapon.,Thiến thành công.,ตอนสำเร็จแล้ว,Castrado com sucesso.,बधियाकरण सफलतापूर्वक किया गया।,Imehasiwa.,Berhasil dikebiri.,Kastre avèk siksè.,အောင်မြင်စွာ သရုပ်ဖော်ခဲ့ပါသည်။
medication_vaccine_dosage,main,"Medication/Vaccine: %s, Dosage: %s","Médicament/Vaccin : %s, Dosage : %s",药物/疫苗：%s，剂量：%s,"Medicamento/Vacina: %s, Dosis: %s","Gamot/Bakuna: %s, Dosis: %s","Thuốc/Vắc-xin: %s, Liều lượng: %s","ยา/วัคซีน: %s, ปริมาณยา: %s","Medicamento/Vacina: %s, Dosagem: %s","दवा/टीका: %s, खुराक: %s","Dawa/Chanjo: %s, Kipimo: %s","Pengobatan/Vaksin: %s, Dosis: %s","Medikaman/Vaksen: %s, Dòz: %s",ဆေးဝါး/ကာကွယ်ဆေး- %s၊ သောက်သုံးမှု- %s
affected_animals,main,Affected Animals,Animaux concernés,受影响的动物,Animales afectados,Mga apektadong hayop,Động vật bị ảnh hưởng,สัตว์ที่ได้รับผลกระทบ,Animais afetados,प्रभावित जानवर,Wanyama Walioathirika,Hewan yang Terkena Dampak,Bèt ki afekte yo,တိရစ္ဆာန်များ
edit_activity_desc,main,Edit the details of this activity,Modifier les détails de cette activité,编辑此活动的详细信息,Editar los detalles de esta actividad,I-edit ang mga detalye ng gawaing ito,Chỉnh sửa chi tiết hoạt động này,แก้ไขรายละเอียดกิจกรรมนี้,Editar os detalhes desta atividade,इस गतिविधि के विवरण संपादित करें,Hariri maelezo ya shughuli hii,Edit detail aktivitas ini,Edit detay aktivite sa a,ဤလုပ်ဆောင်ချက်အသေးစိတ်ကို တည်းဖြတ်ပါ။
heat_detected,main,Heat,Chaleur,发情,Celo,Naglalandi,Động dục,เป็นสัด,Cio,गर्मी (Mad),Joto,Panas,Chalè,အပူ
no_heat,main,No Heat,Pas de chaleur,未发情,Sin celo,Walang landi,Không động dục,ไม่เป็นสัด,Sem cio,कोई गर्मी नहीं,Hakuna Joto,Tidak Panas,Pa gen Chalè,အပူမရှိပါ။
mating_successful,main,Mating Successful,Accouplement réussi,交配成功,Apareamiento exitoso,Matagumpay ang pagtatalik,Giao phối thành công,ผสมพันธุ์สำเร็จ,Acasalamento bem-sucedido,संभोग सफल,Kuoana Kumefaulu,Perkawinan Berhasil,Mating siksè,မိတ်လိုက်အောင်မြင်မည်။
mating_failed,main,Mating Failed,Accouplement échoué,交配失败,Apareamiento fallido,Bigo ang pagtatalik,Giao phối thất bại,ผสมพันธุ์ล้มเหลว,Acasalamento falhou,संभोग विफल,Kuoana Imeshindwa,Gagal Kawin,Mating echwe,မိတ်လိုက်ခြင်း မအောင်မြင်ပါ။
male_piglets,main,Male Piglets,Porcelets mâles,雄性仔猪,Lechones machos,Mga lalaking biik,Lợn con đực,ลูกหมูตัวผู้,Leitões machos,नर सुअर के बच्चे,Nguruwe wa kiume,Anak Babi Jantan,Gason porsele,ဝက်ကလေးများ
female_piglets,main,Female Piglets,Porcelets femelles,雌性仔猪,Lechones hembras,Mga babaeng biik,Lợn con cái,ลูกหมูตัวเมีย,Leitões fêmeas,मादा सुअर के बच्चे,Nguruwe wa Kike,Anak Babi Betina,Porsele Fi,အပျိုဝက်ကလေးများ
total_sale_price,main,Total Sale Price (%s),Prix de vente total (%s),总销售价格 (%s),Precio total de venta (%s),Kabuuang Presyo ng Pagbebenta (%s),Tổng giá bán (%s),ราคารวมการขาย (%s),Preço total de venda (%s),कुल बिक्री मूल्य (%s),Bei ya Jumla ya Mauzo (%s),Total Harga Jual (%s),Pri Vann Total (%s),စုစုပေါင်းရောင်းစျေး (%s)
select_animals_to_complete,main,Select Animals to Complete,SÉLECTIONNER LES ANIMAUX À COMPLÉTER,选择要完成的动物,SELECCIONAR ANIMALES PARA COMPLETAR,PILIIN ANG MGA HAYOP NA KUKUMPLETUHIN,CHỌN ĐỘNG VẬT ĐỂ HOÀN THÀNH,เลือกสัตว์ที่จะดำเนินการ,SELECIONAR ANIMAIS PARA CONCLUIR,पूरा करने के लिए जानवरों का चयन करें,Chagua Wanyama wa Kukamilisha,Pilih Hewan untuk Diselesaikan,Chwazi bèt pou konplete,ပြီးမြောက်ရန် တိရစ္ဆာန်များကို ရွေးပါ။
select_outcome,main,Select Outcome,SÉLECTIONNER LE RÉSULTAT,选择结果,SELECCIONAR RESULTADO,PILIIN ANG RESULTA,CHỌN KẾT QUẢ,เลือกผลลัพธ์,SELECIONAR RESULTADO,परिणाम चुनें,Chagua Matokeo,Pilih Hasil,Chwazi Rezilta,ရလဒ်ကို ရွေးပါ။
male_tag_numbers,main,Male Tag Numbers (comma separated),Numéros d'étiquettes mâles (séparés par des virgules),公猪耳号（逗号分隔）,Números de etiqueta de machos (separados por comas),Tag Number ng mga Lalaki (hiwalay ng kuwit),Số tai đực (phân cách bằng dấu phẩy),เบอร์หูตัวผู้ (คั่นด้วยเครื่องหมายจุลภาค),Números de brinco de machos (separados por vírgula),नर टैग नंबर (कोमा से अलग),Nambari za Lebo za Kiume (koma zimetenganishwa),Nomor Tag Pria (dipisahkan koma),Nimewo Tag Gason (separe vigil),Male Tag နံပါတ်များ (ကော်မာကို ခွဲခြားထားသည်)
female_tag_numbers,main,Female Tag Numbers (comma separated),Numéros d'étiquettes femelles (séparés par des virgules),母猪耳号（逗号分隔）,Números de etiqueta de hembras (separados por comas),Tag Number ng mga Babae (hiwalay ng kuwit),Số tai cái (phân cách bằng dấu phẩy),เบอร์หูตัวเมีย (คั่นด้วยเครื่องหมายจุลภาค),Números de brinco de fêmeas (separados por vírgula),मादा टैग नंबर (कोमा से अलग),Nambari za Lebo za Kike (koma zimetenganishwa),Nomor Tag Wanita (dipisahkan koma),Nimewo Tag Fi (separe vigil),အမျိုးသမီး တဂ်နံပါတ်များ (ကော်မာ ခြားထားသည်)
tag_help_text,main,"e.g. T001, T002","ex. T001, T002","例如 T001, T002","ej. T001, T002","hal. T001, T002","VD: T001, T002","เช่น T001, T002","ex. T001, T002","जैसे T001, T002","k.m. T001, T002","misalnya T001, T002","pa egzanp T001, T002",ဥပမာ T001၊ T002
select_sow,main,Select Sow,Choisir une truie,选择母猪,Seleccionar cerda,Pumili ng Inahin,Chọn nái,เลือกแม่สุกร,Selecionar porca,मादा सूअर चुनें,Chagua Panda,Pilih Tabur,Chwazi Simen,မျိုးစေ့ကို ရွေးပါ။
sow_tag_help,main,"Sow Tag (Sow, Gilt, Finisher)","Étiquette truie (Truie, Cochete, Finition)","母猪耳号 (经产母猪, 后备母猪, 育肥猪)","Etiqueta cerda (Cerda, Cerdita, Finalizador)","Tag ng Inahin (Sow, Gilt, Finisher)","Số tai nái (Nái, Hậu bị, Vỗ béo)","เบอร์หูแม่สุกร (แม่สุกร, สุกรสาว, สุกรขุน)","Brinco da porca (Porca, Marrã, Terminação)","सॉ टैग (सॉ, युवा मादा, फिनिशर)","Sow Tag (Panda, Gilt, Finisher)","Tabur Tag (Tabur, Emas, Finisher)","Sow Tag (Sow, Gilt, Finisher)",မျိုးစေ့တဂ် (Sow၊ Gilt၊ Finisher)
select_boar,main,Select Boar,Choisir un verrat,选择公猪,Seleccionar verraco,Pumili ng Barako,Chọn đực giống,เลือกพ่อสุกร,Selecionar cachaço,नर सूअर चुनें,Chagua Boar,Pilih Babi Hutan,Chwazi Kochon,ဝက်ထီးရွေး
boar_tag_label,main,Boar Tag,Étiquette verrat,公猪耳号,Etiqueta verraco,Tag ng Barako,Số tai đực giống,เบอร์หูพ่อสุกร,Brinco do cachaço,नर सूअर का टैग,Lebo ya Boar,Tag Babi Hutan,Kochon Tag,ဝက်ထီးကန်
select_pigs,main,Select Pigs,Choisir des porcs,选择猪只,Seleccionar cerdos,Pumili ng mga Baboy,Chọn heo,เลือกสุกร,Selecionar porcos,सूअर चुनें,Chagua Nguruwe,Pilih Babi,Chwazi kochon,ဝက်များကို ရွေးပါ။
pigs_selected,main,%d pigs selected,%d porcs sélectionnés,已选择 %d 只猪,%d cerdos seleccionados,%d baboy ang napili,Đã chọn %d heo,เลือกสุกร %d ตัว,%d porcos selecionados,%d सूअर चुने गए,Nguruwe %d wamechaguliwa,%d babi dipilih,%d kochon yo chwazi,%d ဝက်ကို ရွေးထားသည်။
target_pigs,main,Target Pig(s),Porc(s) cible(s),目标猪只,Cerdo(s) objetivo,Target na (mga) Baboy,Heo mục tiêu,สุกรเป้าหมาย,Porco(s) alvo,लक्षित सूअर,Nguruwe lengwa,Babi Sasaran,Kochon sib (yo),ပစ်မှတ်ဝက်(များ)
more,main,More...,Plus...,更多...,Más...,Iba pa...,Thêm...,เพิ่มเติม...,Mais...,अधिक...,Zaidi...,Lagi...,Plis...,နောက်ထပ်...
enter_new_locations,main,Enter New Pen Locations,Entrer les nouveaux emplacements,输入新圈舍位置,Ingresar nuevas ubicaciones de corrales,Ilagay ang mga Bagong Lokasyon ng Kulungan,Nhập vị trí chuồng mới,ป้อนสถานที่คอกใหม่,Inserir novos locais de baia,नया स्थान दर्ज करें,Ingiza Maeneo Mapya ya Kalamu,Masukkan Lokasi Pena Baru,Antre nan nouvo lokal plim yo,New Pen Locations ကိုထည့်ပါ။
location_for,main,Location for %s,Emplacement pour %s,%s 的位置,Ubicación para %s,Lokasyon para sa %s,Vị trí cho %s,สถานที่สำหรับ %s,Local para %s,%s के लिए स्थान,Mahali pa %s,Lokasi untuk %s,Kote pou %s,%s အတွက် တည်နေရာ
enter_weights,main,Enter Weights (kg),Entrer les poids (kg),输入体重 (kg),Ingresar pesos (kg),Ilagay ang mga Timbang (kg),Nhập cân nặng (kg),ป้อนน้ำหนัก (กก.),Inserir pesos (kg),वजन दर्ज करें (किग्रा),Weka Uzito (kg),Masukkan Berat (kg),Antre pwa (kg),အလေးချိန် (ကီလိုဂရမ်) ထည့်ပါ
weight_for,main,Weight for %s,Poids pour %s,%s 的体重,Peso para %s,Timbang para sa %s,Cân nặng cho %s,น้ำหนักสำหรับ %s,Peso para %s,%s के लिए वजन,Uzito kwa %s,Berat untuk %s,Pwa pou %s,%s အတွက် အလေးချိန်
schedule_second_iron,main,Schedule 2nd Iron Injection (7 days),Planifier 2e injection de fer (7 jours),安排第二次补铁（7天后）,Programar 2ª inyección de hierro (7 días),I-schedule ang Ikalawang Iron Injection (7 araw),Lên lịch tiêm sắt lần 2 (7 ngày),กำหนดการฉีดธาตุเหล็กครั้งที่ 2 (7 วัน),Agendar 2ª injeção de ferro (7 dias),दूसरी आयरन इंजेक्शन निर्धारित करें (7 दिन),Ratibu Sindano ya Pili ya Chuma (Siku 7),Jadwal Suntik Besi ke-2 (7 hari),Orè 2yèm piki fè (7 jou),2nd Iron Injection အစီအစဉ် (7 ရက်)
culling_details,main,Culling Details,Détails de la réforme,淘汰详情,Detalles de descarte,Mga Detalye ng Pag-culling,Chi tiết loại thải,รายละเอียดการคัดออก,Detalhes do descarte,छंटनी विवरण,Maelezo ya Kukata,Detail Pemusnahan,Culling Detay,သုတ်သင်ခြင်းအသေးစိတ်
reason,main,Reason,Raison,原因,Motivo,Dahilan,Lý do,เหตุผล,Motivo,कारण,Sababu,Alasan,Rezon,အကြောင်းပြချက်
reason_natural,main,Natural Causes,Causes naturelles,自然原因,Causas naturales,Natural na Dahilan,Nguyên nhân tự nhiên,สาเหตุธรรมชาติ,Causas naturais,प्राकृतिक कारण,Sababu za asili,Penyebab Alami,Kòz natirèl,သဘာဝအကြောင်းတရားများ
reason_disease,main,Disease,Maladie,疾病,Enfermedad,Sakit,Bệnh tật,โรค,Doença,बीमारी,Ugonjwa,Penyakit,Maladi,ရောဂါ
reason_sold,main,Sold,Vendu,已售,Vendido,Ibinenta,Đã bán,ขายแล้ว,Vendido,बेचा गया,Inauzwa,Terjual,Vann,ရောင်းတယ်။
financials_upper,main,FINANCIALS,FINANCES,财务数据,FINANZAS,PINANSYAL,TÀI CHÍNH,การเงิน,FINANÇAS,वित्तीय,FEDHA,KEUANGAN,FINANSYÈ,ငွေရေးကြေးရေး
add_entry,main,Add Entry,Ajouter une entrée,添加条目,Añadir entrada,Magdagdag ng Entry,Thêm mục mới,เพิ่มรายการ,Adicionar Entrada,एंट्री जोड़ें,Ongeza Ingizo,Tambahkan Entri,Ajoute Antre,ထည့်သွင်းပါ။
financial_summary,main,Financial Summary,Résumé financier,财务摘要,Resumen financiero,Buod ng Pinansyal,Tóm tắt tài chính,สรุปการเงิน,Resumo Financeiro,वित्तीय सारांश,Muhtasari wa Fedha,Ringkasan Keuangan,Rezime finansye,ဘဏ္ဍာရေးအကျဉ်းချုပ်
income,main,Income,Revenu,收入,Ingreso,Kita,Thu Nhập,รายได้,Receita,आय,Mapato,Penghasilan,Revni,ဝင်ငွေ
expense,main,Expense,Dépense,支出,Gasto,Gastos,Chi Phí,ค่าใช้จ่าย,Despesa,खर्च,Gharama,Pengeluaran,Depans,ကုန်ကျစရိတ်
net_profit,main,Net Profit,Bénéfice net,净利润,Beneficio neto,Net na Tubo,Lợi nhuận ròng,กำไรสุทธิ,Lucro Líquido,शुद्ध लाभ,Faida halisi,Laba Bersih,Pwofi nèt,အသားတင်အမြတ်
delete_transaction,main,Delete Transaction,Supprimer la transaction,删除交易,Eliminar transacción,I-delete ang Transaksyon,Xóa giao dịch,ลบรายการธุรกรรม,Excluir Transação,लेनदेन हटाएँ,Futa Muamala,Hapus Transaksi,Efase tranzaksyon,ငွေပေးငွေယူကို ဖျက်ပါ။
delete_transaction_confirm,main,Are you sure you want to delete this %s transaction for %s?,Êtes-vous sûr de vouloir supprimer cette transaction de %s pour %s ?,您确定要删除这笔 %2,¿Está seguro de que desea eliminar esta transacción de %s por %s?,Sigurado ka bang gusto mong i-delete ang transaksyong %s na nagkakahalaga ng %s?,Bạn có chắc chắn muốn xóa giao dịch %s trị giá %s này không?,คุณแน่ใจหรือไม่ว่าต้องการลบรายการ %s จำนวน %s นี้?,Tem certeza de que deseja excluir esta transação de %s no valor de %s?,क्या आप वाकई %2,"Je, una uhakika unataka kufuta muamala huu wa %s kwa %s?",Apakah Anda yakin ingin menghapus transaksi %s ini untuk %s?,Èske w sèten ou vle efase %s tranzaksyon sa a pou %s?,%s အတွက် ဤ %s ငွေပေးငွေယူကို ဖျက်လိုသည်မှာ သေချာပါသလား။
animal_tag,main,Animal: %s,Animal : %s,动物：%s,Animal: %s,Hayop: %s,Vật nuôi: %s,สัตว์: %s,Animal: %s,जानवर: %s,Mnyama: %s,Hewan: %s,Bèt: %s,တိရစ္ဆာန်- %s
add_transaction,main,Add Transaction,Ajouter une transaction,添加交易,Añadir transacción,Magdagdag ng Transaksyon,Thêm giao dịch,เพิ่มรายการธุรกรรม,Adicionar Transação,लेनदेन जोड़ें,Ongeza Muamala,Tambahkan Transaksi,Ajoute Tranzaksyon,ငွေသွင်းငွေထုတ်ထည့်ပါ။
transaction_date,main,Transaction Date,Date de la transaction,交易日期,Fecha de transacción,Petsa ng Transaksyon,Ngày giao dịch,วันที่ทำธุรกรรม,Data da Transação,लेन-देन की तिथि,Tarehe ya Muamala,Tanggal Transaksi,Dat Tranzaksyon,ငွေလွှဲရက်စွဲ
type,main,Type,Type,类型,Type,Uri,Loại,ประเภท,Tipo,प्रकार,Aina,Jenis,Kalite,ရိုက်ပါ။
category,main,Category,Catégorie,类别,Categoría,Kategorya,Danh mục,หมวดหมู่,Categoria,श्रेणी,Kategoria,Kategori,Kategori,အမျိုးအစား
custom_category_name,main,Custom Category Name,Nom de catégorie personnalisé,自定义类别名称,Nombre de categoría personalizada,Pangalan ng Custom na Kategorya,Tên danh mục tùy chỉnh,ชื่อหมวดหมู่ที่กำหนดเอง,Nome da Categoria Personalizada,कस्टम श्रेणी का नाम,Jina Maalum la Kitengo,Nama Kategori Khusus,Non Kategori Custom,စိတ်ကြိုက်အမျိုးအစားအမည်
select_pigs_sold,main,Select Pigs being Sold (will be Archived),Choisir les porcs vendus (seront archivés),选择正在出售的猪（将被归档）,Seleccionar cerdos vendidos (serán archivados),Pumili ng mga baboy na ibinebenta (ilalagay sa archive),Chọn heo đang bán (sẽ được lưu trữ),เลือกสุกรที่ขาย (จะถูกเก็บถาวร),Selecionar porcos vendidos (serão arquivados),बेचे जा रहे सूअर चुनें (आर्काइव कर दिए जाएंगे),Chagua Nguruwe Wanaouzwa (watahifadhiwa),Pilih Babi yang Dijual (akan Diarsipkan),Chwazi kochon yo vann (yo pral achiv),ရောင်းချနေသောဝက်များကို ရွေးပါ (မော်ကွန်းတင်မည်)
pigs_selected_count,main,%d Pigs Selected,%d porcs sélectionnés,已选择 %d 只猪,%d cerdos seleccionados,%d na baboy ang napili,Đã chọn %d heo,เลือกสุกร %d ตัว,%d porcos selecionados,%d सूअर चुने गए,Nguruwe %d Waliochaguliwa,%d Babi Dipilih,%d Kochon Chwazi,%d ဝက်များကို ရွေးထားသည်။
amount,main,Amount,Montant,金额,Cantidad,Halaga,Số tiền,จำนวน,Quantidade,राशि,Kiasi,Jumlah,Kantite lajan,ပမာဏ
description,main,Description,Description,描述,Descripción,Paglalarawan,Mô Tả,รายละเอียด,Descrição,वर्णन,Maelezo,Keterangan,Deskripsyon,ဖော်ပြချက်
all_transactions,main,All Transactions,Toutes les transactions,所有交易,Todas las transacciones,Lahat ng Transaksyon,Tất cả giao dịch,รายการทั้งหมด,Todas as transações,सभी लेनदेन,Miamala Yote,Semua Transaksi,Tout Tranzaksyon,အရောင်းအဝယ်အားလုံး
income_only,main,Income Only,Revenus uniquement,仅收入,Solo ingresos,Kita Lang,Chỉ thu nhập,เฉพาะรายรับ,Somente receitas,केवल आय,Mapato Pekee,Hanya Penghasilan,Revni sèlman,ဝင်ငွေသာ
expenses_only,main,Expenses Only,Dépenses uniquement,仅支出,Solo gastos,Gastos Lang,Chỉ chi phí,เฉพาะรายจ่าย,Somente despesas,केवल व्यय,Gharama Pekee,Hanya Biaya,Depans sèlman,ကုန်ကျစရိတ်များသာ
cat_sale,main,Sale,Vente,销售,Venta,Benta,Bán,ขาย,Venda,बिक्री,Uuzaji,Penjualan,Vann,ရောင်းရန်
cat_other,main,Other,Autre,其他,Otro,Iba pa,Khác,อื่นๆ,Outro,अन्य,Nyingine,Lainnya,Lòt,တခြား
cat_feed,main,Feed,Alimentation,饲料,Alimento,Pagkain,Thức ăn,อาหาร,Ração,चारा,Kulisha,Memberi makan,Manje,ကျွေးပါ။
cat_medicine,main,Medicine,Médicament,药物,Medicina,Gamot,Thuốc,ยา,Medicamento,दवा,Dawa,Obat,Remèd,ဆေးဝါး
cat_equipment,main,Equipment,Équipement,设备,Equipo,Kagamitan,Thiết bị,อุปกรณ์,Equipamento,उपकरण,Vifaa,Peralatan,Ekipman,ပေးရတယ်။
cat_labor,main,Labor,Main-d'œuvre,人工,Mano de obra,Trabaho,Nhân công,แรงงาน,Mão de obra,श्रम,Kazi,Tenaga kerja,Travay,အလုပ်သမား
human_resources_upper,main,HUMAN RESOURCES,RESSOURCES HUMAINES,人力资源,RECURSOS HUMANOS,YAMANG TAO,NHÂN SỰ,ทรัพยากรบุคคล,RECURSOS HUMANOS,मानव संसाधन,RASILIMALI WATU,SUMBER DAYA MANUSIA,RESOUS IMEN,လူ့အင်အားအရင်းအမြစ်
hr_report,main,Human Resources Report,Rapport RH,人力资源报告,Informe de RRHH,Report ng HR,Báo cáo nhân sự,รายงานทรัพยากรบุคคล,Relatório de Recursos Humanos,मानव संसाधन रिपोर्ट,Ripoti ya Rasilimali Watu,Laporan Sumber Daya Manusia,Rapò Resous Imèn,လူ့စွမ်းအားအရင်းအမြစ်အစီရင်ခံစာ
staff_details,main,Staff Details,Détails du personnel,员工详情,Detalles del personal,Detalye ng Staff,Chi tiết nhân viên,รายละเอียดพนักงาน,Detalhes da Equipe,कर्मचारी विवरण,Maelezo ya Wafanyakazi,Detail Staf,Detay anplwaye yo,ဝန်ထမ်းအသေးစိတ်
monthly_payroll,main,Monthly Payroll,Paie mensuelle,每月薪资,Nómina mensual,Buwanang Payroll,Bảng lương hàng tháng,เงินเดือนรายเดือน,Folha de Pagamento Mensal,मासिक पेरोल,Malipo ya kila mwezi,Gaji Bulanan,Pewòl chak mwa,လစဉ်လစာ
staff_name,main,Staff Name,Nom de l'employé,员工姓名,Nombre del empleado,Pangalan ng Staff,Tên nhân viên,ชื่อพนักงาน,Nome do Funcionário,कर्मचारी का नाम,Jina la mfanyakazi,Nama Staf,Non Anplwaye a,ဝန်ထမ်းအမည်
role,main,Role,Poste,职位,Puesto,Tungkulin,Vai trò,บทบาท,Cargo,पद,Jukumu,Peran,Wòl,အခန်းကဏ္ဍ
join_date,main,Join Date,Date d'embauche,入职日期,Fecha de ingreso,Petsa ng Pagsisimula,Ngày vào làm,วันที่เริ่มงาน,Data de Admissão,कार्यभार ग्रहण करने की तिथि,Tarehe ya Kujiunga,Tanggal Bergabung,Antre nan dat,Join Date
payroll_history,main,Payroll History,Historique de paie,薪资历史,Historial de nóminas,Kasaysayan ng Payroll,Lịch sử lương,ประวัติการจ่ายเงินเดือน,Histórico de Pagamentos,पेरोल इतिहास,Historia ya malipo,Sejarah Penggajian,Istwa Pewòl,လစာမှတ်တမ်း
category_label,main,Category,Catégorie,类别,Categoría,Kategorya,Danh mục,หมวดหมู่,Categoria,श्रेणी,Kategoria,Kategori,Kategori,အမျိုးအစား
total_payments_period,main,Total Payments in Selected Period: %s,Total des paiements pour la période : %s,选定期间的总付款：%s,Total de pagos en el período seleccionado: %s,Kabuuang bayad sa napiling panahon: %s,Tổng chi trả trong giai đoạn đã chọn: %s,ยอดชำระรวมในรอบที่เลือก: %s,Total de pagamentos no período selecionado: %s,चयनित अवधि में कुल भुगतान: %s,Jumla ya Malipo katika Kipindi Kilichochaguliwa: %s,Total Pembayaran pada Periode yang Dipilih: %s,Total Peman nan Peryòd Chwazi: %s,ရွေးချယ်ထားသော ကာလအတွင်း စုစုပေါင်းငွေပေးချေမှုများ- %s
export_hr_report,main,Export HR Report,Exporter le rapport RH,导出人力资源报告,Exportar informe de RRHH,I-export ang Report ng HR,Xuất báo cáo nhân sự,ส่งออกรายงาน HR,Exportar Relatório de RH,HR रिपोर्ट निर्यात करें,Hamisha Ripoti ya HR,Ekspor Laporan SDM,Ekspòtasyon Rapò HR,HR အစီရင်ခံစာကို ထုတ်ယူပါ။
all_records,main,All Records,Tous les dossiers,所有记录,Todos los registros,Lahat ng Records,Tất cả hồ sơ,บันทึกทั้งหมด,Todos os registros,सभी रिकॉर्ड,Rekodi Zote,Semua Catatan,Tout Dosye,မှတ်တမ်းအားလုံး
select_date_range,main,Select Date Range,Choisir la période,选择日期范围,Seleccionar rango de fechas,Pumili ng Petsa,Chọn khoảng ngày,เลือกช่วงวันที่,Selecionar Período,तिथि सीमा चुनें,Chagua Masafa ya Tarehe,Pilih Rentang Tanggal,Chwazi Dat,ရက်စွဲအပိုင်းကို ရွေးပါ။
from_date_label,main,From Date,Date de début,开始日期,Desde la fecha,Mula sa Petsa,Từ ngày,จากวันที่,Data Inicial,आरंभ तिथि,Kuanzia Tarehe,Dari Tanggal,Soti nan Dat,Date မှ
to_date_label,main,To Date,Date de fin,结束日期,Hasta la fecha,Hanggang sa Petsa,Đến ngày,ถึงวันที่,Data Final,अंतिम तिथि,Hadi Sasa,Hingga saat ini,Pou dat,ယနေ့အထိ
generate_pdf,main,Generate PDF,Générer le PDF,生成 PDF,Generar PDF,Gumawa ng PDF,Tạo PDF,สร้าง PDF,Gerar PDF,PDF तैयार करें,Tengeneza PDF,Hasilkan PDF,Jenere PDF,PDF ကိုဖန်တီးပါ။
add_employee,main,Add Employee,Ajouter un employé,添加员工,Añadir empleado,Magdagdag ng Empleyado,Thêm nhân viên,เพิ่มพนักงาน,Adicionar Funcionário,कर्मचारी जोड़ें,Ongeza Mfanyakazi,Tambahkan Karyawan,Ajoute Anplwaye,ဝန်ထမ်းထည့်ပါ။
no_staff_found,main,No staff members found. Add your first employee!,Aucun membre du personnel trouvé. Ajoutez votre premier employé !,未找到员工。请添加您的第一位员工！,No se encontró personal. ¡Añade a tu primer empleado!,Walang nahanap na staff. Idagdag ang iyong unang staff!,Không tìm thấy nhân viên. Hãy thêm nhân viên đầu tiên của bạn!,ไม่พบข้อมูลพนักงาน เพิ่มพนักงานคนแรกของคุณเลย!,Nenhum funcionário encontrado. Adicione seu primeiro funcionário!,कोई कर्मचारी नहीं मिला। अपना पहला कर्मचारी जोड़ें!,Hakuna wafanyikazi waliopatikana. Ongeza mfanyakazi wako wa kwanza!,Tidak ada anggota staf yang ditemukan. Tambahkan karyawan pertama Anda!,Okenn anplwaye pa jwenn. Ajoute premye anplwaye ou!,ဝန်ထမ်း မတွေ့ပါ။ သင်၏ ပထမဆုံးဝန်ထမ်းကို ထည့်ပါ။
total_staff,main,Total Staff,Effectif total,员工总数,Total de personal,Kabuuang Staff,Tổng số nhân viên,พนักงานทั้งหมด,Total de Funcionários,कुल कर्मचारी,Jumla ya Wafanyakazi,Jumlah Staf,Total anplwaye,စုစုပေါင်းဝန်ထမ်း
full_name,main,Full Name,Nom complet,全名,Nombre completo,Buong Pangalan,Họ và tên,ชื่อ-นามสกุล,Nome Completo,पूरा नाम,Jina Kamili,Nama Lengkap,Non konplè,နာမည်အပြည့်အစုံ
role_hint,main,"Role (e.g., Farm Manager)",Poste (ex. Gérant de ferme),职位（如：农场经理）,Puesto (ej. Gerente de granja),"Tungkulin (hal., Manager ng Farm)",Vai trò (VD: Quản lý trang trại),บทบาท (เช่น ผู้จัดการฟาร์ม),Cargo (ex: Gerente da Fazenda),"पद (जैसे, फार्म मैनेजर)","Jukumu (k.m., Meneja wa Shamba)","Peran (misalnya, Manajer Pertanian)","Wòl (egzanp, Manadjè Farm)",တာဝန် (ဥပမာ၊ လယ်ယာမန်နေဂျာ)
phone_number,main,Phone Number,Numéro de téléphone,电话号码,Teléfono,Numero ng Telepono,Số điện thoại,เบอร์โทรศัพท์,Número de Telefone,फ़ोन नंबर,Nambari ya Simu,Nomor telepon,Nimewo Telefòn,ဖုန်းနံပါတ်
allow_app_access,main,Allow App Access,Autoriser l'accès,允许应用访问,Permitir acceso a la aplicación,Payagan ang Access sa App,Cho phép truy cập ứng dụng,อนุญาตการเข้าถึงแอป,Permitir Acesso ao App,ऐप एक्सेस की अनुमति दें,Ruhusu Ufikiaji wa Programu,Izinkan Akses Aplikasi,Pèmèt Aksè Aplikasyon an,အက်ပ်အသုံးပြုခွင့်ကို ခွင့်ပြုပါ။
staff_email,main,Staff Email,E-mail professionnel,员工邮箱,Correo del empleado,Email ng Staff,Email nhân viên,อีเมลพนักงาน,E-mail do Funcionário,कर्मचारी ईमेल,Barua pepe ya Wafanyakazi,Email Staf,Imèl anplwaye yo,ဝန်ထမ်းအီးမေးလ်
invitation_note,main,An invitation will be sent to this email to set up their password.,Une invitation sera envoyée à cet e-mail pour définir son mot de passe.,邀请邮件将发送至该地址以设置密码。,Se enviará una invitación a este correo para configurar su contraseña.,Isang imbitasyon ang ipadadala sa email na ito upang i-set up ang kanilang password.,Một lời mời sẽ được gửi đến email này để thiết lập mật khẩu.,คำเชิญจะถูกส่งไปยังอีเมลนี้เพื่อตั้งค่ารหัสผ่าน,Um convite será enviado para este e-mail para configurar a senha.,पासवर्ड सेट करने के लिए इस ईमेल पर एक निमंत्रण भेजा जाएगा।,Mwaliko utatumwa kwa barua pepe hii ili kusanidi nenosiri lao.,Undangan akan dikirim ke email ini untuk mengatur kata sandi mereka.,Y ap voye yon envitasyon nan imel sa a pou mete modpas yo.,၎င်းတို့၏ စကားဝှက်ကို စနစ်ထည့်သွင်းရန် ဖိတ်ကြားချက်တစ်ခုကို ဤအီးမေးလ်သို့ ပေးပို့ပါမည်။
add_staff_member,main,Add Staff Member,Ajouter un membre du personnel,添加员工,Añadir miembro del personal,Magdagdag ng Miyembro ng Staff,Thêm nhân viên,เพิ่มพนักงาน,Adicionar Funcionário,कर्मचारी जोड़ें,Ongeza Mfanyikazi,Tambahkan Anggota Staf,Ajoute Manm Anplwaye,ဝန်ထမ်းအဖွဲ့ဝင်ကို ထည့်ပါ။
edit_staff_member,main,Edit Staff Member,Modifier le membre du personnel,编辑员工,Editar miembro del personal,I-edit ang Miyembro ng Staff,Chỉnh sửa nhân viên,แก้ไขข้อมูลพนักงาน,Editar Funcionário,कर्मचारी संपादित करें,Hariri Mfanyakazi,Sunting Anggota Staf,Edit Staff Member,ဝန်ထမ်းအဖွဲ့ဝင်ကို တည်းဖြတ်ပါ။
delete_staff_member,main,Delete Staff Member,Supprimer le membre du personnel,删除员工,Eliminar miembro del personal,Burahin ang Miyembro ng Staff,Xóa nhân viên,ลบพนักงาน,Excluir Funcionário,कर्मचारी हटाएँ,Futa Mfanyikazi,Hapus Anggota Staf,Efase Manm Anplwaye,ဝန်ထမ်းအဖွဲ့ဝင်ကို ဖျက်ပါ။
delete_staff_confirm,main,Are you sure you want to remove %s from your staff records?,Voulez-vous vraiment supprimer %s de vos dossiers du personnel ?,您确定要从员工记录中移除 %s 吗？,¿Seguro que quieres eliminar a %s de tus registros de personal?,Sigurado ka bang gusto mong alisin si %s sa iyong records?,Bạn có chắc chắn muốn xóa %s khỏi hồ sơ nhân viên không?,คุณแน่ใจหรือไม่ว่าต้องการลบ %s ออกจากบันทึกพนักงาน?,Tem certeza de que deseja remover %s dos seus registros de pessoal?,क्या आप वाकई %s को अपने कर्मचारियों के रिकॉर्ड से हटाना चाहते हैं?,"Je, una uhakika unataka kuondoa %s kutoka kwa rekodi zako za wafanyakazi?",Apakah Anda yakin ingin menghapus %s dari catatan staf Anda?,Èske w sèten ou vle retire %s nan dosye anplwaye w yo?,သင့်ဝန်ထမ်းမှတ်တမ်းများမှ %s ကို ဖယ်ရှားလိုသည်မှာ သေချာပါသလား။
log_salary_payment,main,Log Salary Payment,Enregistrer paie,记录工资发放,Registrar pago de salario,Itala ang Bayad sa Sahod,Ghi nhận trả lương,บันทึกการจ่ายเงินเดือน,Registrar Pagamento de Salário,वेतन भुगतान लॉग करें,Ingia Malipo ya Mshahara,Log Pembayaran Gaji,Log Peman Salè,လစာငွေပေးချေမှုမှတ်တမ်း
payment_details_for,main,Payment details for %s,Détails du paiement pour %s,%s 的付款详情,Detalles de pago de %s,Mga detalye ng bayad para kay %s,Chi tiết thanh toán cho %s,รายละเอียดการชำระเงินของ %s,Detalhes do pagamento para %s,%s के लिए भुगतान विवरण,Maelezo ya malipo ya %s,Detail pembayaran untuk %s,Detay peman pou %s,%s အတွက် ငွေပေးချေမှုအသေးစိတ်
salary_amount_symbol,main,Salary Amount (%s),Montant du salaire (%s),工资金额 (%s),Monto del salario (%s),Halaga ng Sahod (%s),Số tiền lương (%s),จำนวนเงินเดือน (%s),Valor do Salário (%s),वेतन राशि (%s),Kiasi cha Mshahara (%s),Jumlah Gaji (%s),Kantite Salè (%s),လစာပမာဏ (%s)
month,main,Month,Mois,月,Mes,Buwan,Tháng,เดือน,Mês,माह,Mwezi,Bulan,Mwa,လ
year,main,Year,Année,年,Año,Taon,Năm,ปี,Ano,वर्ष,Mwaka,Tahun,Ane,တစ်နှစ်
log_payment_btn,main,Log Payment,Enregistrer,记录付款,Registrar pago,Itala ang Bayad,Ghi nhận thanh toán,บันทึกการชำระเงิน,Registrar Pagamento,भुगतान लॉग करें,Malipo ya logi,Log Pembayaran,Log Peman,ငွေပေးချေမှုမှတ်တမ်း
january,main,January,janvier,一月,enero,Enero,Tháng Một,มกราคม,janeiro,जनवरी,Januari,Januari,Janvye,ဇန်နဝါရီလ
february,main,February,février,二月,febrero,Pebrero,Tháng Hai,กุมภาพันธ์,fevereiro,फ़रवरी,Februari,Februari,Fevriye,ဖေဖော်ဝါရီ
march,main,March,mars,三月,marzo,Marso,Tháng Ba,มีนาคม,março,मार्च,Machi,Berbaris,Mas,မတ်လ
april,main,April,avril,四月,abril,Abril,Tháng Tư,เมษายน,abril,अप्रैल,Aprili,April,Avril,ဧပြီလ
may,main,May,mai,五月,mayo,Mayo,Tháng Năm,พฤษภาคม,maio,मई,Mei,Mungkin,Me,မေ
june,main,June,juin,六月,junio,Hunyo,Tháng Sáu,มิถุนายน,junho,जून,Juni,Juni,jen,ဇွန်လ
july,main,July,juillet,七月,julio,Hulyo,Tháng Bảy,กรกฎาคม,julho,जुलाई,Julai,Juli,Jiyè,ဇူလိုင်လ
august,main,August,août,八月,agosto,Agosto,Tháng Tám,สิงหาคม,agosto,अगस्त,Agosti,Agustus,Out,သြဂုတ်လ
september,main,September,septembre,九月,septiembre,Setyembre,Tháng Chín,กันยายน,setembro,सितम्बर,Septemba,September,Septanm,စက်တင်ဘာ
october,main,October,octobre,十月,octubre,Oktubre,Tháng Mười,ตุลาคม,outubro,अक्टूबर,Oktoba,Oktober,Oktòb,အောက်တိုဘာလ
november,main,November,novembre,十一月,noviembre,Nobyembre,Tháng Mười Một,พฤศจิกายน,novembro,नवम्बर,Novemba,November,Novanm,နိုဝင်ဘာလ
december,main,December,décembre,十二月,diciembre,Disyembre,Tháng Mười Hai,ธันวาคม,dezembro,दिसम्बर,Desemba,Desember,Desanm,ဒီဇင်ဘာ
market_coming_soon,main,Market Coming Soon!,Le marché arrive bientôt !,市场即将上线！,¡Mercado Próximamente!,Malapit na ang Market!,Thị trường sắp ra mắt!,ตลาดกำลังจะมาเร็วๆ นี้!,Mercado em breve!,बाज़ार जल्द ही आ रहा है!,Soko Linakuja Hivi Karibuni!,Pasar Segera Hadir!,Mache ap vini byento!,စျေးကွက်မကြာမီလာမည်။
market_suggestion_desc,main,We are building a comprehensive marketplace for pig farmers. Help us expand by suggesting a service provider near you!,Nous construisons un marché complet pour les éleveurs de porcs. Aidez-nous à nous développer en suggérant un prestataire de services près de chez vous !,我们正在为养猪户建立一个综合市场。建议您附近的服​​务提供商，帮助我们扩大规模！,Estamos construindo um mercado abrangente para suinocultores. Ajude-nos a expandir sugerindo um provedor de serviços perto de você!,Bumubuo kami ng komprehensibong marketplace para sa mga nagbababoy. Tulungan kaming lumawak sa pamamagitan ng pagmumungkahi ng service provider malapit sa iyo!,Chúng tôi đang xây dựng một thị trường toàn diện cho người chăn nuôi heo. Hãy giúp chúng tôi mở rộng bằng cách đề xuất một nhà cung cấp dịch vụ gần bạn!,เรากำลังสร้างตลาดที่ครอบคลุมสำหรับผู้เลี้ยงสุกร ช่วยเราขยายตัวโดยแนะนำผู้ให้บริการใกล้คุณ!,Estamos construindo um mercado abrangente para suinocultores. Ajude-nos a expandir sugerindo um provedor de serviços perto de você!,हम सूअर पालकों के लिए एक व्यापक बाज़ार बना रहे हैं। अपने आस-पास के सेवा प्रदाता का सुझाव देकर विस्तार करने में हमारी मदद करें!,Tunajenga soko la kina kwa wafugaji wa nguruwe. Tusaidie kupanua kwa kupendekeza mtoa huduma aliye karibu nawe!,Kami sedang membangun pasar yang komprehensif untuk peternak babi. Bantu kami berkembang dengan menyarankan penyedia layanan di dekat Anda!,Nou ap konstwi yon mache konplè pou kiltivatè kochon. Ede nou elaji lè w sijere yon founisè sèvis toupre ou!,ကျွန်ုပ်တို့သည် ဝက်မွေးမြူရေးသမားများအတွက် ကျယ်ကျယ်ပြန့်ပြန့် စျေးကွက်တစ်ခု တည်ဆောက်နေပါသည်။ သင့်အနီးနားရှိ ဝန်ဆောင်မှုပေးသူကို အကြံပြုခြင်းဖြင့် ကျွန်ုပ်တို့ကို တိုးချဲ့ကူညီပေးပါ။
suggest_provider,main,"Suggest Vendor, Buyer or Vet","Suggérer un vendeur, acheteur ou vétérinaire",推荐供应商、买家或兽医,"Sugerir vendedor, comprador o veterinario","Magmungkahi ng Vendor, Buyer o Vet","Đề xuất người bán, người mua hoặc bác sĩ thú y",แนะนำผู้ขาย ผู้ซื้อ หรือสัตวแพทย์,"Sugerir vendedor, comprador ou veterinário","विक्रेता, खरीदार या पशु चिकित्सक का सुझाव दें","Pendekeza Muuzaji, Mnunuzi au Daktari wa mifugo","Sarankan Vendor, Pembeli atau Dokter Hewan","Sijere Vandè, Achtè oswa Veterinè",ရောင်းသူ၊ ဝယ်သူ သို့မဟုတ် တိရစ္ဆာန်ဆေးကုပညာကို အကြံပြုပါ။
market_vendors,main,Verified Vendors,Vendeurs vérifiés,认证供应商,Vendedores verificados,Mga Veripikadong Vendor,Nhà cung cấp đã xác minh,ผู้จำหน่ายที่ได้รับการยืนยัน,Vendedores verificados,सत्यापित विक्रेता,Wauzaji Waliothibitishwa,Vendor Terverifikasi,Vandè verifye,စိစစ်ပြီး ရောင်းချသူများ
market_buyers,main,Pork Buyers & Abattoirs,Acheteurs de porc & abattoirs,猪肉买家与屠宰场,Compradores de cerdo y mataderos,Mga Bumibili ng Baboy at Katayan,Người mua thịt lợn & lò mổ,ผู้ซื้อเนื้อหมูและโรงฆ่าสัตว์,Compradores de carne suína e abatedouros,सुअर मांस खरीदार और बूचड़खाने,Wanunuzi wa Nguruwe & Machinjio,Pembeli & Rumah Potong Hewan Babi,Achtè vyann kochon ak abatwa,ဝက်သားဝယ်သူများနှင့် သားသတ်ရုံများ
market_vets,main,Veterinary Services,Services vétérinaires,兽医服务,Servicios veterinarios,Mga Serbisyong Beterinaryo,Dịch vụ thú y,บริการสัตวแพทย์,Serviços veterinários,पशु चिकित्सा सेवाएं,Huduma za Mifugo,Pelayanan Kedokteran Hewan,Sèvis Veterinè,ကုသရေးဝန်ဆောင်မှုများ
provider_name,main,Provider Name,Nom du prestataire,提供商名称,Nome do provedor,Pangalan ng Provider,Tên nhà cung cấp,ชื่อผู้ให้บริการ,Nome do Provedor,प्रदाता का नाम,Jina la Mtoa huduma,Nama Penyedia,Non Founisè a,ပံ့ပိုးသူအမည်
service_type,main,Service Type,Type de service,服务类型,Tipo de serviço,Uri ng Serbisyo,Loại dịch vụ,ประเภทบริการ,Tipo de serviço,सेवा का प्रकार,Aina ya Huduma,Jenis Layanan,Kalite Sèvis,ဝန်ဆောင်မှုအမျိုးအစား
contact_number,main,Contact Number,Numéro de contact,联系电话,Número de contato,Numero ng Telepono,Số điện thoại liên hệ,เบอร์โทรศัพท์ติดต่อ,Número de Contato,संपर्क नंबर,Nambari ya Mawasiliano,Nomor Kontak,Nimewo Kontakte,ဆက်သွယ်ရန်နံပါတ်
email_address,main,Email Address,Adresse e-mail,电子邮件地址,E-mail,Email Address,Địa chỉ email,ที่อยู่อีเมล,Endereço de E-mail,ईमेल पता,Anwani ya Barua Pepe,Alamat Surel,Adrès Imèl,အီးမေးလ်လိပ်စာ
city_town,main,City/Town,Ville,城市/城镇,Cidade/Vila,Lungsod/Bayan,Thành phố/Thị trấn,เมือง/อำเภอ,Cidade/Vila,शहर/कस्बा,Mji/Mji,Kota / Kota,Vil/vil,မြို့/မြို့
submit_suggestion,main,Submit Suggestion,Envoyer la suggestion,提交建议,Enviar sugestão,Isumite ang Mungkahi,Gửi đề xuất,ส่งคำแนะนำ,Enviar Sugestão,सुझाव सबमिट करें,Pendekeza Pendekezo,Kirim Saran,Soumèt sijesyon,အကြံပြုချက် တင်ပြပါ။
suggestion_success_title,main,Success,Succès,成功,Sucesso,Tagumpay,Thành công,สำเร็จ,Sucesso,सफलता,Mafanikio,Kesuksesan,Siksè,အောင်မြင်မှု
suggestion_success_msg,main,Thank you for your suggestion,Merci pour votre suggestion,感谢您的建议,Obrigado pela sua sugestão,Salamat sa iyong mungkahi,Cảm ơn bạn đã đề xuất,ขอบคุณสำหรับคำแนะนำของคุณ,Obrigado pela sua sugestão,आपके सुझाव के लिए धन्यवाद,Asante kwa pendekezo lako,Terima kasih atas saran Anda,Mèsi pou sijesyon ou,သင့်အကြံပြုချက်အတွက် ကျေးဇူးတင်ပါသည်။
butcher,main,Butcher,Boucher,屠夫,Açougueiro,Butcher (Magkakatay),Người bán thịt,เขียงหมู,Açougueiro,कसाई,Mchinjaji,Tukang daging,Bouche,အသားရောင်းသူ
meat_processor,main,Meat Processor,Transformateur de viande,肉类加工商,Processador de carne,Tagaproseso ng Karne,Cơ sở chế biến thịt,โรงงานแปรรูปเนื้อสัตว์,Processador de Carne,मांस प्रसंस्करणकर्ता,Kichakataji nyama,Pengolah Daging,Processeur vyann,အသားပရိုဆက်ဆာ
abattoir,main,Abattoir,Abattoir,屠宰场,Abatedouro,Katayan,Lò mổ,โรงฆ่าสัตว์,Abatedouro,बूचड़खाना,Machinjio,Tempat pemotongan,Abatwa,သားသတ်ရုံ
feed_supplier,main,Feed Supplier,Fournisseur d'aliments,饲料供应商,Fornecedor de ração,Supplier ng Pagkain,Nhà cung cấp thức ăn,ผู้จัดจำหน่ายอาหารสัตว์,Fornecedor de Ração,चारा आपूर्तिकर्ता,Mtoa Malisho,Pemasok Pakan,Founisè Manje,Feed Supplier
tools_supplier,main,Tools Supplier,Fournisseur d'outils,工具供应商,Fornecedor de ferramentas,Supplier ng mga Kagamitan,Nhà cung cấp dụng cụ,ผู้จัดจำหน่ายอุปกรณ์,Fornecedor de Ferramentas,उपकरण आपूर्तिकर्ता,Mtoa Zana,Pemasok Alat,Founisè zouti,ကိရိယာများ ပေးသွင်းသူ
vet_shop,main,Veterinary Shop,Magasin vétérinaire,兽医店,Loja veterinária,Tindahan ng Gamot-Hayop,Cửa hàng thú y,ร้านขายยาสัตว์,Loja Veterinária,पशु चिकित्सा दुकान,Duka la Mifugo,Toko Hewan,Boutik Veterinè,တိရစ္ဆာန်ဆေးဆိုင်
vet_services,main,Veterinary Services,Services vétérinaires,兽医服务,Serviços veterinários,Serbisyong Beterinaryo,Dịch vụ thú y,บริการทางสัตวแพทย์,Serviços Veterinários,पशु चिकित्सा सेवाएँ,Huduma za Mifugo,Pelayanan Kedokteran Hewan,Sèvis Veterinè,ကုသရေးဝန်ဆောင်မှုများ
weight_checker_title,main,WEIGHT CHECKER,VÉRIFICATEUR DE POIDS,体重检查器,VERIFICADOR DE PESO,TAGASURI NG TIMBANG,KIỂM TRA CÂN NẶNG,ตรวจสอบน้ำหนัก,VERIFICADOR DE PESO,वजन जाँचकर्ता,KUKAGUA UZITO,PEMERIKSA BERAT BADAN,CHEKÈ PWA,အလေးချိန်စစ်ဆေးသူ
important_notes_title,main,Important Notes,Notes importantes,重要提示,Notas importantes,Mahahalagang Paalala,Lưu ý quan trọng,ข้อควรระวังสำคัญ,Notas Importantes,महत्वपूर्ण नोट,Vidokezo Muhimu,Catatan Penting,Nòt enpòtan,အရေးကြီးသောမှတ်စုများ
weight_checker_notes,main,• Heart Girth: Measure the thorax (just behind the front legs) making sure the tape is fit along the body and meets tightly (Point B).\n• Body Length: Measure from the base of the ears to the base of the tail making sure the tape is firm on the body and not lose (Point A).\n• Ensure the pig is standing squarely on level ground for the most accurate result.\n,• Périmètre thoracique : Mesurez le thorax (juste derrière les pattes avant) en vous assurant que le ruban est ajusté le long du corps et se rejoint étroitement (Point B).\n• Longueur du corps : Mesurez de la base des oreilles à la base de la queue en vous assurant que le ruban est ferme sur le corps et non lâche (Point A).\n• Assurez-vous que le porc se tient d'aplomb sur un sol plat pour obtenir le résultat le plus précis.\n,• 胸围：测量胸部（紧靠前腿后部），确保卷尺紧贴身体并紧密结合（B点）。\n• 体长：从耳根部测量到尾根部，确保卷尺紧贴身体且不松动（A点）。\n• 确保猪正立在平坦的地面上，以获得最准确的结果。\n,"• Perímetro torácico: Meça o tórax (logo atrás das patas dianteiras), garantindo que a fita esteja ajustada ao corpo e se encontre firmemente (Ponto B).\n• Comprimento do corpo: Meça da base das orelhas à base da cauda, garantindo que a fita esteja firme no corpo e não frouxa (Ponto A).\n• Certifique-se de que o porco esteja parado corretamente em solo nivelado para obter o resultado mais preciso.\n",• Heart Girth: Sukatin ang thorax (sa likod lang ng mga harapang binti) siguraduhing ang tape ay lapat sa katawan at mahigpit ang pagtatagpo (Point B).\n• Body Length: Sukatin mula sa base ng mga tainga hanggang sa base ng buntot siguraduhing ang tape ay lapat sa katawan at hindi maluwag (Point A).\n• Siguraduhing ang baboy ay nakatayo nang maayos sa patag na lupa para sa pinakatumpak na resulta.\n,"• Vòng ngực: Đo lồng ngực (ngay sau hai chân trước), đảm bảo thước dây ôm sát cơ thể và khít nhau (Điểm B).\n• Chiều dài thân: Đo từ gốc tai đến gốc đuôi, đảm bảo thước dây áp sát vào cơ thể và không bị lỏng (Điểm A).\n• Đảm bảo heo đứng thẳng trên mặt đất bằng phẳng để có kết quả chính xác nhất.\n",• รอบอก: วัดบริเวณหน้าอก (หลังขาหน้าพอดี) โดยให้สายวัดแนบสนิทกับลำตัวและดึงให้ตึงพอดี (จุด B)\n• ความยาวลำตัว: วัดจากโคนหูไปจนถึงโคนหาง โดยให้สายวัดแนบไปตามแผ่นหลังและไม่หย่อน (จุด A)\n• ตรวจสอบให้แน่ใจว่าสุกรยืนตัวตรงบนพื้นราบเพื่อให้ได้ผลลัพธ์ที่แม่นยำที่สุด\n,"• Perímetro Torácico: Meça o tórax (logo atrás das patas dianteiras), garantindo que a fita esteja ajustada ao corpo e se encontre firmemente (Ponto B).\n• Comprimento do Corpo: Meça da base das orelhas à base da cauda, garantindo que a fita esteja firme no corpo e não frouxa (Ponto A).\n• Certifique-se de que o porco esteja parado corretamente em solo nivelado para obter o resultado mais preciso.\n","• सीने का घेरा: छाती (ठीक सामने के पैरों के पीछे) को मापें, यह सुनिश्चित करते हुए कि टेप शरीर के साथ फिट है और कसकर मिलता है (बिंदु B)।\n• शरीर की लंबाई: कानों के आधार से पूंछ के आधार तक मापें, यह सुनिश्चित करते हुए कि टेप शरीर पर मजबूत है और ढीला नहीं है (बिंदु A)।\n• सबसे सटीक परिणाम के लिए सुनिश्चित करें कि सुअर समतल जमीन पर सीधे खड़ा है।\n",• Mshipi wa Moyo: Pima thorax (nyuma tu ya miguu ya mbele) ili kuhakikisha kuwa mkanda unafaa kando ya mwili na unakutana kwa uthabiti (Pointi B).\n• Urefu wa Mwili: Pima kutoka sehemu ya chini ya masikio hadi sehemu ya chini ya mkia ili kuhakikisha kuwa tepi ni thabiti kwenye mwili na haipotei (Pointi A).\n• Hakikisha kwamba nguruwe imesimama kwa usahihi zaidi kwenye ardhi.\n,"• Lingkar Jantung: Ukur bagian dada (tepat di belakang kaki depan) dan pastikan selotip menempel erat di badan dan rapat (Titik B).\n• Panjang Badan: Ukur dari pangkal telinga hingga pangkal ekor, pastikan selotip menempel erat pada badan dan tidak hilang (Titik A).\n• Pastikan babi berdiri tegak di permukaan tanah untuk mendapatkan hasil yang paling akurat.\n",• Sikonstans kè: Mezire towòks (jis dèyè janm devan yo) pou asire ke kasèt la anfòm sou kò a epi li byen sere (Pwen B).\n• Longè kò a: Mezire soti nan baz zòrèy yo rive nan baz ke a pou asire ke kasèt la byen fèm sou kò a epi li pa pèdi (Pwen A).,• Heart Girth- တိပ်သည် ခန္ဓာကိုယ်တစ်လျှောက် အံကိုက်ဖြစ်ပြီး တင်းကျပ်စွာ ကိုက်ညီကြောင်း သေချာစေရန် ရင်ဘတ်ကို တိုင်းတာပြီး (Point B)။\n• ကိုယ်ထည်အရှည်- နားရွက်ခြေရင်းမှ အမြီးခြေရင်းအထိ တိပ်သည် ခန္ဓာကိုယ်ပေါ်တွင် ခိုင်မြဲပြီး (အမှတ် A) မဆုံးရှုံးကြောင်း သေချာစေရန် တိုင်းတာခြင်း\n• ဝက်သည် ရလဒ်အတိကျဆုံး မြေပြင်ပေါ်တွင် လေးထောင့်ပုံနေကြောင်း သေချာပါစေ။\n
converter_title,main,Converter,Convertisseur,转换器,Conversor,Converter,Bộ chuyển đổi,เครื่องมือแปลงหน่วย,Conversor,कनवर्टर,Kigeuzi,Konverter,Konvètè,ပြောင်းပေးသည်။
unit_lbs,main,Lbs,Lbs,磅,Lbs,Lbs,Lbs,ปอนด์,Lbs,पाउंड,Lbs,pon,Lbs,ပေါင်
unit_kgs,main,Kgs,Kgs,公斤,Kgs,Kgs,Kgs,กก.,Kgs,किग्रा,Kg,kg,Kgs,ကီလိုဂရမ်
weigh_with_tape_title,main,Weigh with Tape,Peser avec ruban,用卷尺称重,Pesar com fita,Timbangin Gamit ang Tape,Cân bằng thước dây,วัดน้ำหนักด้วยสายวัด,Pesar com Fita,टेप से वजन करें,Pima kwa Tape,Timbang dengan Tape,Peze ak tep,တိပ်ဖြင့် ချိန်ပါ။
weigh_with_tape_subtitle,main,Estimate weight with measuring tape.,Estimer le poids avec un ruban à mesurer.,用皮尺估算重量。,Estimar o peso com fita métrica.,Tantiyahin ang timbang gamit ang measuring tape.,Ước tính trọng lượng bằng thước dây.,ประเมินน้ำหนักด้วยสายวัด,Estimar o peso com fita métrica.,मापने वाले टेप के साथ वजन का अनुमान लगाएं।,Kadiria uzito kwa mkanda wa kupimia.,Perkirakan berat badan dengan pita pengukur.,Estime pwa ak tep pou mezire.,တိပ်ဖြင့်တိုင်းတာသောအလေးချိန်ကို ခန့်မှန်းပါ။
label_length,main,Length (%1,Longueur (%1,长度 (%1,Comprimento (%1,Haba (%1,Chiều dài (%1,ความยาว (%1,Comprimento (%1,लंबाई (%1,Urefu (%1,Panjang (%1,Longè (% 1,အရှည် (%1
label_girth,main,Girth (%1,Circonférence (%1,胸围 (%1,Perímetro (%1,Girth (%1,Vòng ngực (%1,รอบอก (%1,Perímetro (%1,घेरा (%1,Girth (%1,Ketebalan (%1,Gwosè (% 1,လုံးပတ် (%1
unit_cm,main,cm,cm,厘米,cm,cm,cm,ซม.,cm,सेमी,cm,cm,cm,စင်တီမီတာ
unit_in,main,in,in,英寸,in,in,in,นิ้ว,in,इंच,katika,di dalam,nan,၌
placeholder_a,main,A,A,A,A,A,A,A,A,A,A,A,A,တစ်
placeholder_b,main,B,B,B,B,B,B,B,B,B,B,B,B,ခ
label_estimated_live_weight,main,Estimated Live Weight,Poids vif estimé,估算活重,Peso vivo estimado,Tantiyadong Live Weight,Trọng lượng hơi ước tính,น้ำหนักมีชีวิตโดยประมาณ,Peso Vivo Estimado,अनुमानित जीवित वजन,Inakadiriwa Uzito wa Moja kwa Moja,Perkiraan Berat Hidup,Estimasyon Pwa Viv,ခန့်မှန်းခြေ တိုက်ရိုက်အလေးချိန်
label_estimated_carcass_weight,main,Estimated Carcass Weight,Poids de carcasse estimé,估算胴体重,Peso de carcaça estimado,Tantiyadong Carcass Weight,Trọng lượng thịt xẻ ước tính,น้ำหนักซากโดยประมาณ,Peso de Carcaça Estimado,अनुमानित शव वजन,Uzito Unaokadiriwa wa Mzoga,Perkiraan Berat Karkas,Estimasyon Pwa Kadav,ခန့်မှန်းခြေ အသေကောင်အလေးချိန်
msg_enter_measurements,main,Enter measurements on diagram to calculate,Saisir les mesures sur le schéma pour calculer,在图表上输入测量值以进行计算,Insira as medidas no diagrama para calcular,Ipasok ang mga sukat sa diagram para makalkula,Nhập các số đo trên sơ đồ để tính toán,ป้อนค่าการวัดในแผนภาพเพื่อคำนวณ,Insira as medidas no diagrama para calcular,गणना करने के लिए चित्र पर माप दर्ज करें,Weka vipimo kwenye mchoro ili kuhesabu,Masukkan pengukuran pada diagram untuk menghitung,Antre mezi sou dyagram pou kalkile,တွက်ချက်ရန် ပုံတွင် အတိုင်းအတာများကို ထည့်သွင်းပါ။
pig_diagram_content_description,main,Pig measurement guide,Guide de mesure du porc,猪只测量指南,Guia de medição de porcos,Gabay sa pagsukat ng baboy,Hướng dẫn đo heo,คู่มือการวัดตัวสุกร,Guia de medição de porcos,सुअर माप गाइड,Mwongozo wa kupima nguruwe,Panduan pengukuran babi,Gid mezi kochon,ဝက်တိုင်းတာခြင်းလမ်းညွှန်
weight_format,main,%1$.1f Kg / %2$.1f Lbs,%1$.1f Kg / %2$.1f Lbs,%1$.1f 公斤 / %2$.1f 磅,%1$.1f Kg / %2$.1f Lbs,%1$.1f Kg / %2$.1f Lbs,%1$.1f Kg / %2$.1f Lbs,%1$.1f กก. / %2$.1f ปอนด์,%1$.1f Kg / %2$.1f Lbs,%1$.1f किग्रा / %2$.1f पाउंड,%1$.1f Kg / %2$.1f Lbs,%1$.1f Kg / %2$.1f Pon,%1$.1f Kg / %2$.1f Lbs,%1$.1f Kg / %2$.1f Lbs
estimated_results,main,Estimated Results,Résultats estimés,估算结果,Resultados estimados,Tantiyadong Resulta,Kết quả ước tính,ผลลัพธ์โดยประมาณ,Resultados estimados,अनुमानित परिणाम,Matokeo Yanayokadiriwa,Perkiraan Hasil,Estimasyon rezilta yo,ခန့်မှန်းရလဒ်များ
diag_reset,main,Reset,Réinitialiser,重置,Restablecer,I-reset,Đặt lại,รีเซ็ต,Redefinir,रीसेट,Weka upya,Mengatur ulang,Reyajiste,ပြန်လည်သတ်မှတ်ပါ။
diag_intro,main,Select the symptoms you observe in your pigs to narrow down potential diseases.,Sélectionnez les symptômes que vous observez chez vos porcs pour identifier les maladies potentielles.,选择您在猪身上观察到的症状，以缩小潜在疾病的范围。,Seleccione los síntomas que observa en sus cerdos para identificar posibles enfermedades.,Pumili ng mga sintomas na nakikita mo sa iyong mga baboy upang malaman ang posibleng sakit.,Chọn các triệu chứng bạn quan sát thấy ở heo để thu hẹp các bệnh tiềm ẩn.,เลือกอาการที่คุณสังเกตเห็นในสุกรเพื่อคัดกรองโรคที่อาจเกิดขึ้น,Selecione os sintomas que observa em seus porcos para identificar possíveis doenças.,अपने सूअरों में दिखने वाले लक्षणों को चुनें ताकि संभावित बीमारियों की पहचान की जा सके।,Chagua dalili unazoziona kwa nguruwe wako ili kupunguza magonjwa yanayoweza kutokea.,Pilih gejala yang Anda amati pada babi untuk mempersempit potensi penyakit.,Chwazi sentòm ou obsève nan kochon ou yo pou diminye maladi potansyèl yo.,ဖြစ်နိုင်ချေရှိသော ရောဂါများကို ကျဉ်းမြောင်းစေရန် သင့်ဝက်များတွင် သင်တွေ့ရသော လက္ခဏာများကို ရွေးချယ်ပါ။
diag_observed_symptoms,main,Observed Symptoms,Symptômes observés,观察到的症状,Síntomas observados,Mga Nakitang Sintomas,Triệu chứng quan sát được,อาการที่สังเกตเห็น,Sintomas Observados,देखे गए लक्षण,Dalili Zilizozingatiwa,Gejala yang Diamati,Sentòm Obsève yo,စောင့်ကြည့်လက္ခဏာများ
diag_analyze_btn,main,Analyze Symptoms,Analyser les symptômes,分析症状,Analizar síntomas,Suriin ang mga Sintomas,Phân tích triệu chứng,วิเคราะห์อาการ,Analisar Sintomas,लक्षणों का विश्लेषण करें,Chambua Dalili,Analisis Gejala,Analize sentòm yo,ရောဂါလက္ခဏာများကိုခွဲခြမ်းစိတ်ဖြာပါ။
diag_potential_matches,main,Potential Matches,Correspondances potentielles,潜在匹配,Posibles coincidencias,Mga Posibleng Sakit,Các kết quả phù hợp tiềm năng,โรคที่อาจเป็นไปได้,Possíveis Correspondências,संभावित मेल,Mechi Zinazowezekana,Potensi Kecocokan,Matche potansyèl,ဖြစ်နိုင်ချေရှိသော ပွဲစဉ်များ
diag_no_matches,main,No strong matches found based on current symptoms. Please consult a veterinarian for a thorough checkup.,Aucune correspondance forte trouvée sur la base des symptômes actuels. Veuillez consulter un vétérinaire pour un examen approfondi.,根据当前症状未发现明显的匹配。请咨询兽医进行全面检查。,No se encontraron coincidencias claras basadas en los síntomas actuales. Consulte a un veterinario para un examen completo.,Walang nahanap na tugmang sakit base sa mga sintomas. Mangyaring kumonsulta sa beterinaryo para sa pagsusuri.,Không tìm thấy kết quả phù hợp nào dựa trên các triệu chứng hiện tại. Vui lòng tham khảo ý kiến bác sĩ thú y để kiểm tra kỹ lưỡng.,ไม่พบโรคที่ตรงกับอาการปัจจุบัน โปรดปรึกษาสัตวแพทย์เพื่อรับการตรวจอย่างละเอียด,Nenhuma correspondência forte encontrada com base nos sintomas atuais. Consulte um veterinário para um check-up completo.,वर्तमान लक्षणों के आधार पर कोई सटीक मेल नहीं मिला। कृपया विस्तृत जाँच के लिए पशु चिकित्सक से परामर्श करें।,Hakuna ulinganifu thabiti uliopatikana kulingana na dalili za sasa. Tafadhali wasiliana na daktari wa mifugo kwa uchunguzi wa kina.,Tidak ditemukan kecocokan kuat berdasarkan gejala saat ini. Silakan berkonsultasi dengan dokter hewan untuk pemeriksaan menyeluruh.,Pa gen alimèt solid ki baze sou sentòm aktyèl yo. Tanpri konsilte yon veterinè pou yon tchèkòp konplè.,လက်ရှိရောဂါလက္ခဏာများပေါ်အခြေခံ၍ ပြင်းထန်သောကိုက်ညီမှုမတွေ့ပါ။ သေချာစွာစစ်ဆေးရန်အတွက် တိရစ္ဆာန်ဆေးဆရာနှင့် တိုင်ပင်ပါ။
diag_disclaimer,main,Disclaimer: This AI tool is powered by veterinary research for educational assistance. It is NOT a substitute for professional veterinary diagnosis.,Avertissement : Cet outil d'IA est basé sur la recherche vétérinaire pour l'aide éducative. Il ne remplace PAS un diagnostic vétérinaire professionnel.,免责声明：此 AI 工具由兽医研究提供支持，用于教学辅助。它不能替代专业的兽医诊断。,Descargo de responsabilidad: Esta herramienta de IA se basa en la investigación veterinaria para asistencia educativa. NO sustituye el diagnóstico veterinario profesional.,Disclaimer: Ang AI tool na ito ay base sa veterinary research para sa edukasyon. HINDI ito kapalit ng propesyonal na diagnosis ng beterinaryo.,Miễn trừ trách nhiệm: Công cụ AI này được hỗ trợ bởi nghiên cứu thú y để hỗ trợ giáo dục. Nó KHÔNG thay thế cho chẩn đoán thú y chuyên nghiệp.,คำสงวนสิทธิ์: เครื่องมือ AI นี้อ้างอิงจากงานวิจัยทางสัตวแพทย์เพื่อช่วยในการศึกษาเท่านั้น ไม่สามารถใช้แทนการวินิจฉัยโดยสัตวแพทย์มืออาชีพได้,Aviso: Esta ferramenta de IA é baseada em pesquisas veterinárias para assistência educacional. NÃO substitui o diagnóstico veterinário profissional.,अस्वीकरण: यह एआई टूल शैक्षिक सहायता के लिए पशु चिकित्सा अनुसंधान पर आधारित है। यह पेशेवर पशु चिकित्सा निदान का विकल्प नहीं है।,Kanusho: Zana hii ya AI inaendeshwa na utafiti wa mifugo kwa usaidizi wa kielimu. SI kibadala cha uchunguzi wa kitaalamu wa mifugo.,Penafian: Alat AI ini didukung oleh penelitian kedokteran hewan untuk bantuan pendidikan. Ini BUKAN pengganti diagnosis dokter hewan profesional.,Limit responsabilite nou: Zouti AI sa a mache ak rechèch veterinè pou asistans edikasyon. Li PA yon ranplasan pou dyagnostik veterinè pwofesyonèl.,မသက်ဆိုင်ကြောင်းရှင်းလင်းချက်- ဤ AI ကိရိယာသည် ပညာရေးဆိုင်ရာအကူအညီအတွက် တိရစ္ဆာန်ဆေးပညာသုတေသနမှ စွမ်းဆောင်ထားသည်။ ၎င်းသည် ပရော်ဖက်ရှင်နယ်တိရစ္ဆာန်ဆေးကုသရေးရောဂါရှာဖွေခြင်းအတွက် အစားထိုးမဟုတ်ပါ။
diag_match_accuracy,main,Match Accuracy: %d symptom(s) detected,Précision de la correspondance : %d symptôme(s) détecté(s),匹配准确度：检测到 %d 个症状,Precisión de coincidencia: %d síntoma(s) detectado(s),Accuracy: %d (na) sintomas ang nakita,Độ chính xác: Phát hiện %d triệu chứng,ความแม่นยำ: พบ %d อาการ,Precisão da Correspondência: %d sintoma(s) detectado(s),मिलान सटीकता: %d लक्षण पाए गए,Usahihi wa Ulinganifu: Dalili %d zimetambuliwa,Akurasi Pencocokan: %d gejala terdeteksi,Presizyon Match: %d sentòm (yo) detekte,ကိုက်ညီမှု တိကျမှု- %d လက္ခဏာ(s) ကို တွေ့ရှိခဲ့သည်။
diag_prevention_plan,main,Prevention & Action Plan:,Plan de prévention et d'action :,预防和行动计划：,Plan de prevención y acción:,Plano sa Pag-iwas at Aksyon:,Kế hoạch phòng ngừa & hành động:,แผนการป้องกันและดำเนินการ:,Plano de Prevenção e Ação:,रोकथाम और कार्य योजना:,Kinga na Mpango wa Kitendo:,Rencana Pencegahan & Tindakan:,Prevansyon ak Plan Aksyon:,ကြိုတင်ကာကွယ်ရေးနှင့် လုပ်ဆောင်ချက်အစီအစဉ်-
sg_skin_coat,main,Skin & Coat,Peau et pelage,皮肤和被毛,Piel y pelaje,Balat at Balahibo,Da & Lông,ผิวหนังและขน,Pele e Pelagem,त्वचा और बाल,Ngozi na Kanzu,Kulit & Mantel,Po ak rad,Skin & Coat
sg_digestive_stool,main,Digestive & Stool,Digestif et selles,消化和粪便,Digestivo y heces,Digestion at Dumi,Tiêu hóa & Phân,ระบบย่อยอาหารและอุจจาระ,Digestivo e Fezes,पाचन और मल,Usagaji chakula na kinyesi,Pencernaan & Kotoran,Dijestif ak poupou,အစာခြေ & ဝမ်း
sg_respiratory,main,Respiratory,Respiratoire,呼吸系统,Respiratorio,Paghinga,Hô hấp,ระบบหายใจ,Respiratório,श्वसन,Kupumua,Pernafasan,Respiratwa,အသက်ရှူလမ်းကြောင်း
sg_behavioral_nervous,main,Behavioral & Nervous,Comportemental et nerveux,行为和神经系统,Comportamiento y nervioso,Pag-uugali at Nerbyos,Hành vi & Thần kinh,พฤติกรรมและระบบประสาท,Comportamental e Nervoso,व्यवहार और तंत्रिका,Tabia & Neva,Perilaku & Gugup,Konpòtman ak nève,အပြုအမူနှင့် အာရုံကြော
sg_reproduction,main,Reproduction,Reproduction,生殖系统,Reproducción,Pagpaparami,Sinh sản,การสืบพันธุ์,Reprodução,प्रजनन,Uzazi,Reproduksi,Repwodiksyon,မျိုးပွားခြင်း။
sg_general_limbs,main,General & Limbs,Général et membres,全身和肢体,General y extremidades,Pangkalahatan at Paa,Tổng quát & Chi,ทั่วไปและรยางค์,Geral e Membros,सामान्य और अंग,Mkuu & Viungo,Umum & Anggota Badan,Jeneral & Manb,အထွေထွေနှင့် ခြေလက်များ
sev_low,main,LOW,FAIBLE,低,BAJA,MABABA,THẤP,ต่ำ,BAIXA,कम,CHINI,RENDAH,BAS,နိမ့်သည်။
sev_moderate,main,MODERATE,MODÉRÉ,中,MODERADA,KATAMTAMAN,TRUNG BÌNH,ปานกลาง,MODERADA,मध्यम,WAKATI,SEDANG,MODERE,အလယ်အလတ်
sev_high,main,HIGH,ÉLEVÉ,高,ALTA,MATAAS,CAO,สูง,ALTA,उच्च,JUU,TINGGI,HIGH,မြင့်မားသော
sev_critical,main,CRITICAL,CRITIQUE,危急,CRÍTICA,KRITIKAL,NGUY KẤP,วิฤต,CRÍTICA,गंभीर,MUHIMU,KRITIS,KRITIK,အရေးပါတဲ့
sym_skin_discoloration,main,Skin Discoloration (Red/Purple),Décoloration de la peau (rouge/violet),皮肤变色（发红/发紫）,Decoloración de la piel (rojo/púrpura),Pagbabago ng kulay ng balat (Pula/Lila),Da đổi màu (Đỏ/Tím),ผิวหนังเปลี่ยนสี (แดง/ม่วง),Descoloração da pele (Vermelho/Roxo),त्वचा का रंग बदलना (लाल/नीला),Kubadilika kwa Ngozi (Nyekundu/Zambarau),Perubahan Warna Kulit (Merah/Ungu),Dekolorasyon po (wouj / koulè wouj violèt),အရေပြားအရောင်ပြောင်းခြင်း (အနီရောင်/ခရမ်းရောင်)
sym_diamond_lesions,main,Diamond-shaped Skin Lesions,Lésions cutanées en forme de diamant,菱形皮肤病变,Lésiones cutáneas en forma de diamante,Hugis-diyamanteng sugat sa balat,Thương tổn da hình kim cương,แผลที่ผิวหนังรูปสี่เหลี่ยมขนมเปียกปูน,Lesões cutâneas em forma de diamante,हीरे के आकार के त्वचा के घाव,Vidonda vya Ngozi yenye umbo la Almasi,Lesi Kulit Berbentuk Berlian,Dyaman ki gen fòm blesi po,စိန်ပုံသဏ္ဍာန် အရေပြားရောဂါများ
sym_itching,main,Itching,Démangeaisons,瘙痒,Picazón,Pangangati,Ngứa,คัน,Coceira,खुजली,Kuwasha,Gatal,Grate,ယားယံခြင်း။
sym_hair_loss,main,Hair Loss,Perte de poils,脱毛,Pérdida de pelo,Pagkalagas ng balahibo,Rụng lông,ขนร่วง,Perda de pelos,बालों का झड़ना,Kupoteza Nywele,Rambut Rontok,Pèt cheve,ဆံပင်ကျွတ်ခြင်း။
sym_pale_skin,main,Pale Skin,Peau pâle,皮肤苍白,Piel pálida,Maputlang balat,Da nhợt nhạt,ผิวซีด,Pele pálida,पीली त्वचा,Ngozi Nyeupe,Kulit Pucat,Po pal,အသားအရောင်ဖျော့ခြင်း။
sym_jaundice,main,Jaundice,Jaunisse,黄疸,Ictericia,Paninilaw (Jaundice),Vàng da,ตัวเหลือง,Icterícia,पीलिया,Ugonjwa wa manjano,Penyakit kuning,Lajònis,အသားဝါခြင်း။
sym_skin_crusts,main,Skin Crusts,Croûtes cutanées,皮肤结痂,Costras en la piel,Pangangaliskis ng balat,Vảy da,ผิวหนังตกสะเก็ด,Crostas na pele,त्वचा पर पपड़ी,Ngozi ya Ngozi,Kerak Kulit,Kwout po,အရေပြားအပေါ်ယံလွှာ
sym_rough_hair,main,Rough Hair Coat,Pelage rugueux,被毛粗乱,Pelaje áspero,Magaspang na balahibo,Lông xù xì,ขนหยาบกร้าน,Pelagem áspera,खुरदरे बाल,Koti mbaya ya nywele,Mantel Rambut Kasar,Rad cheve ki graj,ကြမ်းတမ်းသောဆံပင်အင်္ကျီ
sym_sunburn,main,Sunburn,Coup de soleil,晒伤,Quemadura solar,Sunburn,Cháy nắng,ผิวไหม้จากแดด,Queimadura solar,धूप से झुलसना,Kuchomwa na jua,Terbakar sinar matahari,Sunburn,နေလောင်ခြင်း။
sym_ear_necrosis,main,Ear Necrosis,Nécrose de l'oreille,耳朵坏死,Necrosis de la oreja,Pagkabulok ng tenga,Hoại tử tai,หูตาย,Necrose de orelha,कान का गलना (Necrosis),Necrosis ya sikio,Nekrosis Telinga,Necrosis nan zòrèy,နား Necrosis
sym_blisters_snout_feet,main,Blisters on Snout/Feet,Ampoules sur le groin/les pieds,鼻镜/足部水泡,Ampollas en el hocico/pies,Paltos sa nguso/paa,Mụn nước trên mũi/chân,ตุ่มน้ำบริเวณจมูก/เท้า,Bolhas no focinho/pés,थूथन/पैरों पर छाले,Malengelenge kwenye pua/miguu,Lepuh di Moncong/Kaki,Anpoul sou Djòl/Pye,နှာခေါင်း/ခြေဖဝါးတွင် အရည်ကြည်ဖုများ
sym_diarrhea,main,Diarrhea,Diarrhée,腹泻,Diarrea,Pagtatae,Tiêu chảy,ท้องเสีย,Diarreia,दस्त,Kuhara,Diare,Dyare,ဝမ်းပျက်
sym_vomiting,main,Vomiting,Vomissements,呕吐,Vómitos,Pagsusuka,Nôn mửa,อาเจียน,Vômitos,उल्टी,Kutapika,Muntah,Vomisman,အန်ခြင်း။
sym_bloody_diarrhea,main,Bloody Diarrhea,Diarrhée sanglante,血性腹泻,Diarrea con sangre,Pagtataeng may dugo,Tiêu chảy ra máu,ท้องเสียเป็นเลือด,Diarreia com sangue,खूनी दस्त,Kuhara kwa damu,Diare Berdarah,Dyare san,သွေးထွက်လွန်ရောဂါ
sym_blood_in_stool,main,Blood in Stool,Sang dans les selles,粪便带血,Sangre en las heces,Dugo sa dumi,Máu trong phân,อุจจาระมีเลือดปน,Sangue nas fezes,मल में खून,Damu kwenye kinyesi,Darah di Kotoran,San nan poupou,ဝမ်းတွင်းသွေး
sym_rectal_prolapse,main,Rectal Prolapse,Prolapsus rectal,直肠脱垂,Prolapso rectal,Paglabas ng bituka (Rectal Prolapse),Sa trực tràng,ทวารหนักทะลัก,Prolapso retal,कांच निकलना (Rectal Prolapse),Prolapse ya Rectal,Prolaps rektum,Rektal Prolaps,Rectal Prolapse
sym_bloat,main,Bloat,Ballonnement,胀气,Hinchazón,Kabag,Chướng bụng,ท้องอืด,Inchaço abdominal,पेट फूलना (Afara),Kuvimba,Mengasapi,Gonfle,ဝမ်းပျက်
sym_dehydration,main,Dehydration,Déshydratation,脱水,Deshidratación,Dehydration,Mất nước,ภาวะขาดน้ำ,Desidratação,पानी की कमी (Dehydration),Upungufu wa maji mwilini,Dehidrasi,Dezidratasyon,ရေဓာတ်ခန်းခြောက်ခြင်း။
sym_loss_of_appetite,main,Loss of Appetite,Perte d'appétit,食欲不振,Pérdida de apetito,Kawalan ng gana kumain,Chán ăn,เบื่ออาหาร,Perda de apetite,भूख न लगना,Kupoteza Hamu ya Kula,Hilangnya Nafsu Makan,Pèt Apeti,အစားအသောက်ပျက်ခြင်း။
sym_weight_loss,main,Weight Loss,Perte de poids,体重下降,Pérdida de peso,Pagbaba ng timbang,Sụt cân,น้ำหนักลด,Perda de peso,वजन कम होना,Kupunguza Uzito,Penurunan Berat Badan,Pèt pwa,ကိုယ်အလေးချိန်ကျခြင်း။
sym_coughing,main,Coughing,Toux,咳嗽,Tos,Pag-ubo,Ho,ไอ,Tosse,खांसी,Kukohoa,Batuk,Touse,ချောင်းဆိုးခြင်း။
sym_difficulty_breathing,main,Difficulty Breathing,Difficulté à respirer,呼吸困难,Dificultad para respirar,Hirap sa paghinga,Khó thở,หายใจลำบาก,Dificuldade respiratória,सांस लेने में कठिनाई,Ugumu wa Kupumua,Kesulitan Bernafas,Difikilte pou respire,အသက်ရှူရခက်ခဲခြင်း။
sym_nasal_discharge,main,Nasal Discharge,Écoulement nasal,鼻液,Secreción nasal,Sipon,Dịch mũi,น้ำมูกไหล,Secreção nasal,नाक से स्राव,Kutokwa kwa Pua,Keluarnya Hidung,Egzeyat nan nen,Nasal Discharge
sym_sneezing,main,Sneezing,Éternuements,喷嚏,Estornudos,Pagbahing,Hắt hơi,จาม,Espirros,छींक आना,Kupiga chafya,Bersin,Etènye,နှာချေခြင်း။
sym_thumping,main,Thumping (Abdominal Breathing),Respiration abdominale,腹式呼吸,Respiración abdominal,Mabilis na paghinga (Abdominal Breathing),Thở gấp (Thở bụng),หายใจแรง (หายใจทางช่องท้อง),Respiração abdominal,तेज सांस लेना (पेट से सांस लेना),Kuvuta pumzi (kupumua kwa tumbo),Berdebar (Pernapasan Perut),Souf (respirasyon nan vant),ရင်ခုန်ခြင်း (ဝမ်းဗိုက် အသက်ရှူခြင်း)
sym_nose_bleeds,main,Nose Bleeds,Saignements de nez,鼻出血,Hemorragia nasal,Balinguyngoy,Chảy máu cam,เลือดกำเดาไหล,Hemorragia nasal,नाक से खून आना,Kutokwa na damu puani,Pendarahan Hidung,Nen senyen,နှာခေါင်းသွေးယိုခြင်း။
sym_frothing,main,Frothing at Mouth,Mousse à la bouche,口吐白沫,Espuma por la boca,Pagbubula ng bibig,Sùi bọt mép,น้ำลายฟูมปาก,Espuma na boca,मुंह से झाग आना,Kutokwa na povu mdomoni,Mulut Berbusa,Kimen nan bouch,ပါးစပ်တွင် ပွက်ပွက်ဆူနေသည်။
sym_excessive_salivation,main,Excessive Salivation,Salivation excessive,流涎过多,Salivación excesiva,Sobrang laway,Tiết nước bọt quá mức,น้ำลายไหลมากเกินไป,Salivação excessiva,बहुत अधिक लार आना,Kutokwa na mate kupindukia,Air liur berlebihan,Salivasyon twòp,အလွန်အကျွံ Salivation
sym_lethargy,main,Lethargy,Léthargie,嗜睡,Letargo,Panghihina,Lờ đờ,ซึม,Letargia,सुस्ती,Ulegevu,Kelesuan,Letaji,ထုံထိုင်းခြင်း။
sym_seizures,main,Seizures,Convulsions,癫痫发作,Convulsiones,Kombulsyon,Co giật,อาการชัก,Convulsões,दौरे पड़ना,Mishtuko ya moyo,Kejang,Kriz,တက်ခြင်း။
sym_muscle_stiffness,main,Muscle Stiffness,Raideur musculaire,肌肉僵硬,Rigidez muscular,Paninigas ng kalamnan,Cứng cơ,กล้ามเนื้อเกร็ง,Rigidez muscular,मांसपेशियों में अकड़न,Ugumu wa Misuli,Kekakuan Otot,Rèd nan misk,ကြွက်သားတောင့်တင်းခြင်း။
sym_trembling,main,Trembling,Tremblements,发抖,Temblores,Panginginig,Run rẩy,ตัวสั่น,Tremores,कांपना,Kutetemeka,Gemetaran,tranble,တုန်လှုပ်ခြင်း။
sym_blindness,main,Blindness,Cécité,失明,Ceguera,Pagkabulag,Mù lòa,ตาบอด,Cegueira,अंधापन,Upofu,Kebutaan,Avèg,မျက်စိကွယ်ခြင်း။
sym_paralysis,main,Paralysis,Paralysie,瘫痪,Parálisis,Paralisis,Liệt,เป็นอัมพาต,Paralisia,लकवा,Kupooza,Kelumpuhan,Paralezi,လေငန်းရောဂါ
sym_incoordination,main,Incoordination,Incoordination,运动失调,Incoordinación,Kawalan ng balanse,Mất phối hợp vận động,ทรงตัวไม่อยู่,Incoordenação,संतुलन की कमी,Uratibu,Ketiadaan koordinasi,Enkowòdinasyon,ညှိနှိုင်းဆောင်ရွက်ခြင်း
sym_circling,main,Circling,Marche en cercle,转圈运动,Caminar en círculos,Pag-ikot-ikot,Đi vòng quanh,เดินวนเป็นวงกลม,Andar em círculos,गोल-गोल घूमना,Kuzunguka,Berputar,Fè wonn,လှည့်ပတ်နေသည်။
sym_convulsions,main,Convulsions,Convulsions,抽搐,Convulsiones,Kombulsyon,Co giật mạnh,ชักเกร็ง,Convulsões fortes,मरोड़ (Convulsions),Degedege,Kejang,Konvulsyon,တက်ခြင်း။
sym_nervousness,main,Nervousness,Nervosité,紧张不安,Nerviosismo,Pagkabalisa,Bồn chồn,อาการตื่นตระหนก,Nervosismo,घबराहट,Wasiwasi,Gugup,Nèveuz,အာရုံကြော
sym_twitching,main,Twitching,Contractions musculaires,抽动,Espasmos,Panginginig ng kalamnan,Co giật nhẹ,กล้ามเนื้อกระตุก,Contrações musculares,फड़कना,Kutetemeka,Berkedut,Twitching,တုန်လှုပ်ခြင်း။
sym_tail_biting,main,Tail Biting,Morsure de queue,咬尾,Mordedura de cola,Pagkagat ng buntot,Cắn đuôi,กัดหาง,Canibalismo de cauda,पूंछ काटना,Kuuma Mkia,Menggigit Ekor,Ke mòde,အမြီးကိုက်ခြင်း။
sym_abortion,main,Abortion,Avortement,流产,Aborto,Pagkalaglag (Abortion),Sảy thai,แท้ง,Aborto,गर्भपात,Utoaji mimba,Abortus,Avòtman,ကိုယ်ဝန်ဖျက်ချခြင်း။
sym_infertility,main,Infertility,Infertilité,不育,Infertilidad,Pagkabaog,Vô sinh,เป็นหมัน,Infertilidade,बांझपन,Ugumba,Infertilitas,Sterilite,မျိုးမပွားနိုင်ခြင်း
sym_mummified_piglets,main,Mummified Piglets,Porcelets momifiés,木乃伊胎,Lechones momificados,Mummified na mga biik,Thai chết lưu (xác mummified),ลูกสุกรมัมมี่,Leitões mumificados,ममीकृत पिगलेट्स,Vitoto vya Nguruwe Vilivyonyonywa,Anak Babi yang Dimumikan,Porsele momifye,သွေ့သောဝက်ကလေးများ
sym_small_litter,main,Small Litter Size,Petite taille de portée,产仔数少,Tamaño de camada pequeño,Kaunting bilang ng biik,Số con trên lứa ít,จำนวนลูกต่อครอกน้อย,Ninhada pequena,कम बच्चे पैदा होना,Ukubwa wa Takataka Ndogo,Ukuran Sampah Kecil,Ti Fatra Size,သေးငယ်သောအမှိုက်အရွယ်အစား
sym_swollen_vulva,main,Swollen Vulva,Vulve enflée,阴户红肿,Vulva hinchada,Pamamaga ng ari (Vulva),Sưng âm hộ,อวัยวะเพศเมียบวม,Vulva inchada,योनि (Vulva) में सूजन,Vulva iliyovimba,Vulva bengkak,Vulv anfle,Vulva ရောင်ခြင်း။
sym_enlarged_scrotum,main,Enlarged Scrotum,Scrotum élargi,阴囊肿大,Escroto agrandado,Pamamaga ng bayag,Sưng bìu,อัณฑะบวมใหญ่,Escroto aumentado,अंडकोष में सूजन,Scrotum iliyopanuliwa,Skrotum membesar,Scrotum elaji,ကပ်ပယ်အိတ်ကျယ်ခြင်း။
sym_high_fever,main,High Fever,Fievre élevée,高烧,Fiebre alta,Mataas na lagnat,Sốt cao,ไข้สูง,Febre alta,तेज बुखार,Homa kali,Demam tinggi,Gwo Lafyèv,အဖျားကြီးတယ်။
sym_lameness,main,Lameness,Boiterie,跛行,Cojera,Pagkapilay,Què,ขาเจ็บ/เดินกะเผลก,Claudicação (mancar),लंगड़ापन,Ulemavu,Ketimpangan,Bwete,ငိုကြွေးခြင်း။
sym_sudden_death,main,Sudden Death,Mort soudaine,猝死,Muerte súbita,Biglaang pagkamatay,Chết đột ngột,ตายกะทันหัน,Morte súbita,अचानक मृत्यु,Kifo cha Ghafla,Kematian Mendadak,Lanmò toudenkou,ရုတ်တရက်သေဆုံးခြင်း။
sym_swollen_joints,main,Swollen Joints,Articulations enflées,关节肿胀,Articulaciones hinchadas,Pamamaga ng mga kasukasuan,Sưng khớp,ข้อบวม,Articulações inchadas,जोड़ों में सूजन,Viungo Vilivyovimba,Sendi Bengkak,Jwenti anfle,အဆစ်များ ရောင်ရမ်းခြင်း။
sym_swollen_navel,main,Swelling of Navel,Gonflement du nombril,脐部肿胀,Hinchazón del ombligo,Pamamaga ng pusod,Sưng rốn,สะดือบวม,Umbigo inchado,नाभि में सूजन,Kuvimba kwa Kitovu,Pembengkakan Pusar,Anfle nan lonbrit,Navel ရောင်ရမ်းခြင်း။
sym_leg_weakness,main,Leg Weakness,Faiblesse des pattes,腿部无力,Debilidad en las piernas,Panghihina ng paa,Yếu chân,ขาอ่อนแรง,Fraqueza nas pernas,पैरों की कमजोरी,Udhaifu wa Mguu,Kelemahan Kaki,Janm feblès,ခြေထောက် အားနည်းခြင်း။
sym_swollen_eyelids,main,Swollen Eyelids,Paupières enflées,眼睑肿胀,Párpados hinchados,Pamamaga ng talukap ng mata,Sưng mí mắt,เปลือกตาบวม,Pálpebras inchadas,पलकों में सूजन,Kope za Kuvimba,Kelopak Mata Bengkak,Po je yo anfle,မျက်ခွံများ ရောင်ရမ်းခြင်း။
sym_stunted_growth,main,Stunted Growth,Retard de croissance,生长停滞,Crecimiento atrofiado,Pagkabansot,Còi cọc,แคระแกร็น,Crescimento retardado,विकास रुकना (Stunted growth),Ukuaji uliodumaa,Pertumbuhan Terhambat,Kwasans rachitik,လှီထွား
sym_pale_mucous,main,Pale Mucous Membranes,Muqueuses pâles,黏膜苍白,Mucosas pálidas,Maputlang gilagid,Niêm mạc nhợt nhạt,เยื่อบุซีด,Mucosas pálidas,मसूड़ों का पीलापन,Utando wa Ute Nyepesi,Membran Lendir Pucat,Pale mikez manbràn,ဖျော့တော့သော Mucous Membranes
sym_bleeding_orifices,main,Bleeding from Orifices,Saignement des orifices,孔口出血,Sangrado por los orificios,Pagdurugo sa mga butas ng katawan,Chảy máu từ các lỗ tự nhiên,เลือดออกตามทวาร,Sangramento pelos orifícios,शरीर के अंगों से खून बहना,Kutokwa na damu kutoka Orifices,Pendarahan dari Lubang,Senyen nan orifis yo,Orifices မှသွေးထွက်ခြင်း။
sym_watery_diarrhea,main,Watery Diarrhea,Diarrhée aqueuse,水样腹泻,Diarrea acuosa,Malabnaw na pagtatae,Tiêu chảy phân lỏng,ท้องเสียเป็นน้ำ,Diarreia aquosa,पतले दस्त,Kuhara kwa Majimaji,Diare Berair,Dyare dlo,ဝမ်းလျှောခြင်း။
sym_abscesses,main,Abscesses,Abcès,脓肿,Abscesos,Pigsá,Áp xe,ฝี,Abscessos,फोड़ा (Abscess),Majipu,Abses,Absè,ပြည်တည်နာ
sym_anemia,main,Anemia,Anémie,贫血,Anemia,Anemia,Thiếu máu,ภาวะโลหิตจาง,Anemia,खून की कमी (Anemia),Upungufu wa damu,Anemia,Anemi,သွေးအားနည်းရောဂါ
sym_thirst,main,Thirst,Soif,口渴,Sed,Pagkauhaw,Khát nước,กระหายน้ำ,Sede,प्यास लगना,Kiu,Haus,Swaf dlo,ရေငတ်တယ်။
sym_fractures,main,Fractures,Fractures,骨折,Fracturas,Bali,Gãy xương,กระดูกหัก,Fraturas,हड्डी टूटना,Mipasuko,Fraktur,Frakti,ကျိုးတယ်။
dis_asf,main,African Swine Fever (ASF),Peste porcine africaine (PPA),非洲猪瘟 (ASF),Peste Porcina Africana (PPA),African Swine Fever (ASF),Dịch tả heo Châu Phi (ASF),โรคอหิวาต์แอฟริกาในสุกร (ASF),Peste Suína Africana (PSA),अफ्रीकी स्वाइन फीवर (ASF),Homa ya Nguruwe ya Kiafrika (ASF),Demam Babi Afrika (ASF),Lafyèv pòsin Afriken (ASF),အာဖရိကဝက်အပြင်းဖျားရောဂါ (ASF)
dis_asf_desc,main,A highly contagious and deadly viral disease prevalent in West Africa. No vaccine exists.,Une maladie virale hautement contagieuse et mortelle répandue en Afrique de l'Ouest. Aucun vaccin n'existe.,一种在西非流行的具有高度传染性和致命性的病毒性疾病。目前尚无疫苗。,Una enfermedad viral altamente contagiosa y mortal prevalente en África Occidental. No existe vacuna.,Isang nakakahawa at nakamamatay na viral na sakit na laganap sa Kanlurang Africa. Walang bakuna para rito.,"Một bệnh truyền nhiễm do virus cực kỳ nguy hiểm và gây tử vong cao, phổ biến ở Tây Phi. Hiện chưa có vắc xin.",โรคไวรัสที่ติดต่อร้ายแรงและมีอัตราการตายสูง ระบาดในแถบแอฟริกาตะวันตก ปัจจุบันยังไม่มีวัคซีน,Uma doença viral altamente contagiosa e mortal prevalente na África Ocidental. Não existe vacina.,पश्चिम अफ्रीका में प्रचलित एक अत्यधिक संक्रामक और घातक वायरल बीमारी। इसका कोई टीका मौजूद नहीं है।,Ugonjwa wa virusi unaoambukiza sana na hatari ambao umeenea Afrika Magharibi. Hakuna chanjo iliyopo.,Penyakit virus yang sangat menular dan mematikan yang umum terjadi di Afrika Barat. Tidak ada vaksin yang ada.,Yon maladi viral trè kontajye ak ki ka touye moun ki gen anpil moun nan Afrik Lwès. Pa gen vaksen ki egziste.,အနောက်အာဖရိကတွင် အလွန်ပျံ့နှံ့ပြီး သေစေတတ်သော ဗိုင်းရပ်စ်ရောဂါတစ်မျိုးဖြစ်သည်။ ကာကွယ်ဆေးမရှိပါ။
dis_asf_prev,main,Strict biosecurity and restrict farm access.,Biosécurité stricte et restriction de l'accès à la ferme.,严格的生物安全措施并限制人员进入农场。,Bioseguridad estricta y restricción del acceso a la granja.,Mahigpit na biosecurity at limitahan ang access sa farm.,Thực hiện nghiêm ngặt an toàn sinh học và hạn chế người ra vào trang trại.,เข้มงวดเรื่องความปลอดภัยทางชีวภาพและจำกัดการเข้าออกฟาร์ม,Biosseguridade rigorosa e restrição de acesso à fazenda.,सख्त जैव सुरक्षा (Biosecurity) और फार्म तक पहुंच को सीमित करें।,Ulinzi mkali wa kibayolojia na zuia ufikiaji wa shamba.,Ketat biosekuriti dan membatasi akses peternakan.,Biosekirite strik ak mete restriksyon sou aksè nan fèm.,တင်းကျပ်သောဇီဝလုံခြုံရေးနှင့် လယ်ယာဝင်ရောက်ခွင့်ကို ကန့်သတ်ပါ။
dis_fmd,main,Foot and Mouth Disease (FMD),Fièvre aphteuse (FA),口蹄疫 (FMD),Fiebre Aftosa (FA),Foot and Mouth Disease (FMD),Bệnh lở mồm long móng (FMD),โรคปากและเท้าเปื่อย (FMD),Febre Aftosa,खुरपका-मुंहपका रोग (FMD),Ugonjwa wa Miguu na Midomo (FMD),Penyakit Mulut dan Kuku (PMK),Maladi pye ak bouch (FMD),ခြေနှင့်ခံတွင်းရောဂါ (FMD)
dis_fmd_desc,main,Viral disease causing blisters on the mouth and feet.,Maladie virale provoquant des ampoules sur la bouche et les pieds.,在口腔和足部引起水疱的病毒性疾病。,Enfermedad viral que causa ampollas en la boca y los pies.,Sakit na dulot ng virus na nagiging sanhi ng mga paltos sa bibig at paa.,Bệnh do virus gây ra các mụn nước ở miệng và chân.,โรคจากไวรัสที่ทำให้เกิดตุ่มน้ำในปากและที่เท้า,Doença viral que causa bolhas na boca e nos pés.,मुंह और पैरों पर छाले पैदा करने वाली वायरल बीमारी।,Ugonjwa wa virusi unaosababisha malengelenge kwenye mdomo na miguu.,Penyakit virus menyebabkan lecet pada mulut dan kaki.,Maladi viral ki lakòz ti anpoul sou bouch ak pye yo.,ဗိုင်းရပ်စ်ပိုးကြောင့် ပါးစပ်နဲ့ ခြေဖဝါးမှာ အရည်ကြည်ဖုတွေ ဖြစ်တတ်ပါတယ်။
dis_fmd_prev,main,Vaccination and movement control.,Vaccination et contrôle des mouvements.,疫苗接种和移动控制。,Vacunación y control de movimientos.,Pagbabakuna at kontrol sa paggalaw ng mga hayop.,Tiêm phòng vắc xin và kiểm soát việc vận chuyển heo.,การฉีดวัคซีนและควบคุมการเคลื่อนย้ายสัตว์,Vacinação e controle de movimentação.,टीकाकरण और आवाजाही नियंत्रण।,Udhibiti wa chanjo na harakati.,Vaksinasi dan pengendalian pergerakan.,Vaksen ak kontwòl mouvman.,ကာကွယ်ဆေးထိုးခြင်းနှင့် လှုပ်ရှားမှုထိန်းချုပ်ခြင်း။
dis_prrs,main,PRRS (Blue Ear),SDRP (Oreille bleue),猪繁殖与呼吸综合征 (PRRS / 蓝耳病),PRRS (Oreja Azul),PRRS (Blue Ear),Hội chứng rối loạn hô hấp và sinh sản (Tai xanh),โรคหูน้ำเงิน (PRRS),PRRS (Orelha Azul),पीआरआरएस (PRRS - नीला कान),PRRS (Sikio la Bluu),PRRS (Telinga Biru),PRRS (Zòrèy Ble),PRRS (အပြာရောင်နား)
dis_prrs_desc,main,Causes respiratory failure and reproductive issues.,Provoque une insuffisance respiratoire et des problèmes de reproduction.,引起呼吸衰竭和繁殖问题。,Causa insuficiencia respiratoria y problemas reproductivos.,Nagdudulot ng problema sa paghinga at sa pagpaparami.,Gây suy hô hấp và các vấn đề về sinh sản.,ทำให้เกิดระบบหายใจล้มเหลวและปัญหาในระบบสืบพันธุ์,Causa falha respiratória e problemas reprodutivos.,श्वसन विफलता और प्रजनन संबंधी समस्याएं पैदा करता है।,Husababisha kushindwa kupumua na matatizo ya uzazi.,Menyebabkan kegagalan pernapasan dan masalah reproduksi.,Kòz echèk respiratwa ak pwoblèm repwodiktif.,အသက်ရှုလမ်းကြောင်းဆိုင်ရာ ချို့ယွင်းမှုနှင့် မျိုးပွားမှုဆိုင်ရာ ပြဿနာများကို ဖြစ်စေသည်။
dis_prrs_prev,main,Biosecurity and herd vaccination.,Biosécurité et vaccination du troupeau.,生物安全和全群疫苗接种。,Bioseguridad y vacunación del hato.,Biosecurity at pagbabakuna sa buong kawan.,An toàn sinh học và tiêm phòng vắc xin cho toàn đàn.,ความปลอดภัยทางชีวภาพและการฉีดวัคซีนรวมในฝูง,Biosseguridade e vacinação do rebanho.,जैव सुरक्षा और पूरे झुंड का टीकाकरण।,Biosecurity na chanjo ya mifugo.,Keamanan hayati dan vaksinasi kawanan.,Biosekirite ak vaksen bèt yo.,ဇီဝလုံခြုံရေးနှင့် နွားကာကွယ်ဆေးထိုးခြင်း။
dis_erysipelas,main,Swine Erysipelas,Érysipèle du porc,猪丹毒,Erisipela Porcina,Swine Erysipelas,Bệnh đóng dấu heo,โรคไฟลามทุ่งในสุกร,Erisipela Suína,स्वाइन इरसिपेलस (Swine Erysipelas),Erisipela ya nguruwe,Babi Erysipelas,Erisipel kochon,Swine Erysipelas
dis_erysipelas_desc,main,Bacterial infection causing distinct skin lesions and arthritis.,Infection bactérienne causant des lésions cutanées distinctes et de l'arthrite.,引起特征性皮肤病变和关节炎的细菌感染。,Infección bacteriana que causa lesiones cutáneas distintivas y artritis.,Bakteryal na impeksyon na nagdudulot ng kakaibang sugat sa balat at rayuma (arthritis).,Nhiễm khuẩn gây ra các dấu hình kim cương đặc trưng trên da và viêm khớp.,การติดเชื้อแบคทีเรียที่ทำให้เกิดรอยโรคที่ผิวหนังรูปสี่เหลี่ยมขนมเปียกปูนและข้ออักเสบ,Infecção bacteriana que causa lesões cutâneas distintas e artrite.,त्वचा के विशिष्ट घाव और गठिया (Arthritis) पैदा करने वाला जीवाणु संक्रमण।,Maambukizi ya bakteria na kusababisha vidonda tofauti vya ngozi na arthritis.,Infeksi bakteri menyebabkan lesi kulit dan radang sendi yang berbeda.,Enfeksyon bakteri ki lakòz blesi po diferan ak atrit.,ဘက်တီးရီးယားပိုးမွှားများသည် အရေပြားအနာများနှင့် အဆစ်အမြစ်များကို ကွဲပြားစေသည်။
dis_erysipelas_prev,main,Regular vaccination and pen hygiene.,Vaccination régulière et hygiène des enclos.,定期疫苗接种和猪舍卫生。,Vacunación regular e higiene de los corrales.,Regular na pagbabakuna at kalinisan ng kulungan.,Tiêm phòng định kỳ và vệ sinh chuồng trại sạch sẽ.,การฉีดวัคซีนสม่ำเสมอและสุขอนามัยในคอก,Vacinação regular e higiene das baias.,नियमित टीकाकरण और बाड़े की स्वच्छता।,Chanjo ya mara kwa mara na usafi wa kalamu.,Vaksinasi rutin dan kebersihan kandang.,Vaksen regilye ak ijyèn plim.,ပုံမှန်ကာကွယ်ဆေးထိုးခြင်းနှင့် ဘောပင်တစ်ကိုယ်ရေသန့်ရှင်းရေး။
dis_csf,main,Classical Swine Fever,Peste porcine classique,古典猪瘟 (CSF),Peste Porcina Clásica,Classical Swine Fever (Hog Cholera),Dịch tả heo cổ điển,โรคอหิวาต์สุกร (CSF),Peste Suína Clássica,क्लासिकल स्वाइन फीवर (CSF),Homa ya Nguruwe ya Kawaida,Demam Babi Klasik,Lafyèv pòsin klasik,Classical Swine Fever
dis_csf_desc,main,Highly contagious viral disease similar to ASF.,Maladie virale hautement contagieuse similaire à la PPA.,类似于非洲猪瘟的高度传染性病毒性疾病。,Enfermedad viral altamente contagiosa similar a la PPA.,Nakakahawang viral na sakit na katulad ng ASF.,Bệnh truyền nhiễm do virus có tính chất tương tự như ASF.,โรคไวรัสที่ติดต่อร้ายแรงคล้ายกับ ASF,Doença viral altamente contagiosa semelhante à PSA.,ASF के समान अत्यधिक संक्रामक वायरल बीमारी।,Ugonjwa wa virusi unaoambukiza sana sawa na ASF.,Penyakit virus yang sangat menular mirip dengan ASF.,Maladi viral ki trè kontajye ki sanble ak ASF.,ASF နဲ့ ဆင်တူတဲ့ ကူးစက်တတ်တဲ့ ဗိုင်းရပ်စ်ရောဂါ။
dis_csf_prev,main,Vaccination and strict biosecurity.,Vaccination et biosécurité stricte.,疫苗接种和严格的生物安全措施。,Vacunación y bioseguridad estricta.,Pagbabakuna at mahigpit na biosecurity.,Tiêm phòng vắc xin và an toàn sinh học nghiêm ngặt.,การฉีดวัคซีนและความปลอดภัยทางชีวภาพที่เข้มงวด,Vacinação e biosseguridade rigorosa.,टीकाकरण और सख्त जैव सुरक्षा।,Chanjo na usalama mkali wa viumbe hai.,Vaksinasi dan biosekuriti yang ketat.,Vaksinasyon ak biosekirite strik.,ကာကွယ်ဆေးထိုးခြင်းနှင့် တင်းကျပ်သောဇီဝလုံခြုံရေး။
dis_anthrax,main,Anthrax,Charbon bactéridien,炭疽,Ántrax,Anthrax,Bệnh nhiệt than,โรคแอนแทรกซ์,Antraz,एंथ्रेक्स (Anthrax),Kimeta,Antraks,Anthrax,Anthrax
dis_anthrax_desc,main,Serious bacterial disease that can affect humans.,Maladie bactérienne grave pouvant affecter les humains.,可感染人类的严重细菌性疾病。,Enfermedad bacteriana grave que puede afectar a los humanos.,Seryosong bakteryal na sakit na maaaring makahawa sa tao.,Bệnh nhiễm khuẩn nghiêm trọng có thể lây sang người.,โรคแบคทีเรียร้ายแรงที่สามารถติดต่อสู่คนได้,Doença bacteriana grave que pode afetar humanos.,गंभीर जीवाणु रोग जो मनुष्यों को भी प्रभावित कर सकता है।,Ugonjwa mbaya wa bakteria ambao unaweza kuathiri wanadamu.,Penyakit bakteri serius yang dapat menyerang manusia.,Maladi bakteri grav ki ka afekte moun.,လူကိုထိခိုက်စေနိုင်သော ပြင်းထန်သော ဘက်တီးရီးယားရောဂါ။
dis_anthrax_prev,main,Vaccination and avoid opening carcasses.,Vaccination et éviter d'ouvrir les cadavres.,疫苗接种，避免解剖尸体。,Vacunación y evitar abrir cadáveres.,Pagbabakuna at iwasang buksan ang mga patay na hayop.,Tiêm phòng vắc xin và tuyệt đối không mổ thịt heo chết.,การฉีดวัคซีนและหลีกเลี่ยงการเปิดซากสัตว์ที่ตาย,Vacinação e evitar a abertura de carcaças.,टीकाकरण करें और मृत जानवरों को खोलने से बचें।,Chanjo na epuka kufungua mizoga.,Vaksinasi dan hindari membuka bangkai.,Vaksinasyon epi evite louvri kadav yo.,ကာကွယ်ဆေးထိုးပြီး အသေကောင်များကို ရှောင်ပါ။
dis_brucellosis,main,Brucellosis,Brucellose,布鲁氏菌病,Brucelosis,Brucellosis,Bệnh sảy thai truyền nhiễm,โรคบรูเซลโลซิส,Brucelose,ब्रुसेलोसिस (Brucellosis),Brucellosis,Brucellosis,Bruseloz,Brucellosis
dis_brucellosis_desc,main,Bacterial disease causing reproductive failure.,Maladie bactérienne provoquant des échecs de reproduction.,引起繁殖失败的细菌性疾病。,Enfermedad bacteriana que causa fallas reproductivas.,Bakteryal na sakit na nagdudulot ng pagkalaglag ng anak.,Bệnh do vi khuẩn gây sảy thai và rối loạn sinh sản.,โรคแบคทีเรียที่ทำให้เกิดการแท้งและระบบสืบพันธุ์ล้มเหลว,Doença bacteriana que causa falha reprodutiva.,प्रजनन विफलता (गर्भपात) पैदा करने वाला जीवाणु रोग।,Ugonjwa wa bakteria unaosababisha kushindwa kwa uzazi.,Penyakit bakteri yang menyebabkan kegagalan reproduksi.,Maladi bakteri ki lakòz echèk repwodiktif.,မျိုးပွားမှုအားနည်းစေသော ဘက်တီးရီးယားရောဂါ။
dis_brucellosis_prev,main,"Testing, culling, and sanitation.","Dépistage, réforme et assainissement.",检测、淘汰和消毒。,"Pruebas, eliminación de animales positivos y saneamiento.","Pagsusuri, pag-cull, at sanitasyon.","Kiểm tra xét nghiệm, loại thải heo bệnh và vệ sinh.",การทดสอบเลือด การคัดออก และการสุขาภิบาล,"Testagem, descarte e higienização.","परीक्षण, बीमार जानवरों को हटाना और स्वच्छता।","Upimaji, uondoaji, na usafi wa mazingira.","Pengujian, pemusnahan, dan sanitasi.","Tès, koupe, ak sanitasyon.",စမ်းသပ်ခြင်း၊ သုတ်သင်ခြင်းနှင့် သန့်ရှင်းရေး။
dis_coccidiosis,main,Coccidiosis,Coccidiose,球虫病,Coccidiosis,Coccidiosis,Bệnh cầu trùng,โรคบิดจากเชื้อบิด (Coccidiosis),Coccidiose,कॉकसीडियोसिस (Coccidiosis),Ugonjwa wa Coccidiosis,Koksidiosis,Koksidyoz,Coccidiosis
dis_coccidiosis_desc,main,Parasitic disease primarily affecting piglets.,Maladie parasitaire affectant principalement les porcelets.,主要影响仔猪的寄生虫病。,Enfermedad parasitaria que afecta principalmente a los lechones.,Sakit na dulot ng parasito na pangunahing nakakaapekto sa mga biik.,Bệnh ký sinh trùng chủ yếu ảnh hưởng đến heo con.,โรคพยาธิที่ส่งผลกระทบต่อลูกสุกรเป็นหลัก,Doença parasitária que afeta principalmente leitões.,मुख्य रूप से पिगलेट्स को प्रभावित करने वाला परजीवी रोग।,Ugonjwa wa vimelea huathiri hasa watoto wa nguruwe.,Penyakit parasit terutama menyerang anak babi.,Maladi parazit prensipalman afekte porsele yo.,ကပ်ပါးရောဂါသည် အဓိကအားဖြင့် ဝက်ကလေးများကို ထိခိုက်စေပါသည်။
dis_coccidiosis_prev,main,Farrowing pen hygiene.,Hygiène de l'enclos de mise bas.,产房卫生。,Higiene de la paridera.,Kalinisan sa kulungan ng panganganak.,Vệ sinh kỹ lưỡng chuồng nái đẻ.,สุขอนามัยในคอกคลอด,Higiene da maternidade.,बच्चे देने वाले बाड़े (Farrowing pen) की स्वच्छता।,Usafi wa kalamu ya farrowing.,Kebersihan pena farrowing.,Farrowing plim ijyèn.,ဘောပင်တစ်ကိုယ်ရေသန့်ရှင်းရေး။
dis_pneumonia,main,Mycoplasmal Pneumonia,Pneumonie mycoplasmique,支原体肺炎,Neumonía Micoplásmica,Mycoplasmal Pneumonia,Viêm phổi do Mycoplasma,โรคปอดบวมจากเชื้อไมโคพลาสมา,Pneumonia Micoplásmica,माइकोप्लाज्मा निमोनिया,Nimonia ya Mycoplasmal,Pneumonia Mikoplasma,Nemoni mikoplasmal,Mycoplasmal Pneumonia
dis_pneumonia_desc,main,Chronic respiratory disease leading to poor growth.,Maladie respiratoire chronique entraînant une faible croissance.,导致生长缓慢的慢性呼吸道疾病。,Enfermedad respiratoria crónica que conduce a un crecimiento deficiente.,Kronikong sakit sa paghinga na nagreresulta sa mabagal na paglaki.,Bệnh hô hấp mãn tính dẫn đến heo tăng trưởng kém.,โรคระบบทางเดินหายใจเรื้อรังที่ทำให้สุกรโตช้า,Doença respiratória crônica que leva ao baixo crescimento.,धीमी वृद्धि का कारण बनने वाला पुराना श्वसन रोग।,Ugonjwa sugu wa kupumua unaosababisha ukuaji duni.,Penyakit pernapasan kronis yang menyebabkan pertumbuhan yang buruk.,Maladi respiratwa kwonik ki mennen nan kwasans pòv.,နာတာရှည်အသက်ရှူလမ်းကြောင်းဆိုင်ရာရောဂါသည်ကြီးထွားမှုအားနည်းစေသည်။
dis_pneumonia_prev,main,Vaccination and improved ventilation.,Vaccination et amélioration de la ventilation.,疫苗接种和改善通风。,Vacunación y mejora de la ventilación.,Pagbabakuna at maayos na bentilasyon.,Tiêm phòng vắc xin và cải thiện thông thoáng chuồng trại.,การฉีดวัคซีนและปรับปรุงการระบายอากาศ,Vacinação e melhoria da ventilação.,टीकाकरण और बेहतर वेंटिलेशन।,Chanjo na uingizaji hewa bora.,Vaksinasi dan peningkatan ventilasi.,Vaksinasyon ak vantilasyon amelyore.,ကာကွယ်ဆေးထိုးခြင်းနှင့် လေဝင်လေထွက်ကောင်းမွန်စေခြင်း။
dis_salmonellosis,main,Salmonellosis,Salmonellose,沙门氏菌病,Salmonelosis,Salmonellosis,Bệnh phó thương hàn,โรคซาลโมเนลโลซิส,Salmonelose,साल्मोनेलोसिस (Salmonellosis),Salmonellosis,Salmonellosis,Salmoneloz,Salmonellosis
dis_salmonellosis_desc,main,Bacterial infection causing severe gut issues.,Infection bactérienne causant de graves problèmes intestinaux.,引起严重肠道问题的细菌感染。,Infección bacteriana que causa problemas intestinales graves.,Bakteryal na impeksyon na nagdudulot ng malalang problema sa bituka.,Nhiễm khuẩn gây ra các vấn đề nghiêm trọng về đường ruột.,การติดเชื้อแบคทีเรียที่ทำให้เกิดปัญหาลำไส้อย่างรุนแรง,Infecção bacteriana que causa problemas intestinais graves.,गंभीर आंतों की समस्या पैदा करने वाला जीवाणु संक्रमण।,Maambukizi ya bakteria ambayo husababisha shida kali za utumbo.,Infeksi bakteri menyebabkan masalah usus yang parah.,Enfeksyon bakteri ki lakòz gwo pwoblèm nan zantray.,ဘက်တီးရီးယားပိုးဝင်ခြင်းသည် အူလမ်းကြောင်းဆိုင်ရာ ပြဿနာများကို ဖြစ်စေသည်။
dis_salmonellosis_prev,main,Clean water and hygiene.,Eau propre et hygiène.,清洁饮水和卫生。,Agua limpia e higiene.,Malinis na tubig at sanitasyon.,Đảm bảo nguồn nước sạch và vệ sinh.,น้ำดื่มที่สะอาดและสุขอนามัยที่ดี,Água limpa e higiene.,साफ पानी और स्वच्छता।,Maji safi na usafi.,Air bersih dan higienis.,Dlo pwòp ak ijyèn.,ရေသန့်သန့်။
dis_ppv,main,Porcine Parvovirus (PPV),Parvovirus porcin (PPV),猪细小病毒 (PPV),Parvovirus Porcina (PPV),Porcine Parvovirus (PPV),Virus gây sảy thai ở heo (PPV),โรคพาร์โวไวรัสในสุกร (PPV),Parvovírus Suíno (PPV),पोरसाइन पार्वोवायरस (PPV),Porcine Parvovirus (PPV),Parvovirus Babi (PPV),Parvoviris porsin (PPV),Porcine Parvovirus (PPV)
dis_ppv_desc,main,Common cause of reproductive failure in gilts.,Cause fréquente d'échec de reproduction chez les cochettes.,后备母猪繁殖失败的常见原因。,Causa común de falla reproductiva en cerditas.,Karaniwang sanhi ng pagkalaglag ng anak sa mga dumalla.,Nguyên nhân phổ biến gây rối loạn sinh sản ở heo hậu bị.,สาเหตุทั่วไปของระบบสืบพันธุ์ล้มเหลวในสุกรสาว,Causa comum de falha reprodutiva em marrãs.,युवा मादा सूअरों में प्रजनन विफलता का सामान्य कारण।,Sababu ya kawaida ya kushindwa kwa uzazi katika gilts.,Penyebab umum kegagalan reproduksi pada babi.,Kòz komen nan echèk repwodiktif nan gilts.,ကလေးသူငယ်များတွင် မျိုးပွားမှုချို့ယွင်းခြင်း၏ အဖြစ်များသော အကြောင်းအရင်း။
dis_ppv_prev,main,Vaccination before breeding.,Vaccination avant la saillie.,配种前接种疫苗。,Vacunación antes del servicio.,Pagbabakuna bago palahian.,Tiêm phòng vắc xin trước khi phối giống.,การฉีดวัคซีนก่อนการผสมพันธุ์,Vacinação antes da cobertura.,प्रजनन से पहले टीकाकरण।,Chanjo kabla ya kuzaliana.,Vaksinasi sebelum berkembang biak.,Vaksinasyon anvan elvaj.,မမွေးမြူမီ ကာကွယ်ဆေးထိုးပါ။
dis_rhinitis,main,Atrophic Rhinitis,Rhinite atrophique,萎缩性鼻炎,Rinitis Atrófica,Atrophic Rhinitis,Viêm mũi teo truyền nhiễm,โรคจมูกฝ่อ (Atrophic Rhinitis),Rinite Atrófica,एट्रोफिक राइनाइटिस (Atrophic Rhinitis),Rhinitis ya Atrophic,Rinitis Atrofi,Rinit atwofik,Atrophic Rhinitis
dis_rhinitis_desc,main,Causes distortion of the snout and respiratory issues.,Provoque une distorsion du groin et des problèmes respiratoires.,引起鼻部畸形和呼吸道问题。,Causa distorsión del hocico y problemas respiratorios.,Nagdudulot ng pagkabali ng nguso at problema sa paghinga.,Gây biến dạng mũi và các vấn đề về hô hấp.,ทำให้จมูกบิดเบี้ยวและมีปัญหาในระบบทางเดินหายใจ,Causa distorção do focinho e problemas respiratórios.,थूथन की विकृति और श्वसन संबंधी समस्याएं पैदा करता है।,Husababisha kuvuruga kwa pua na maswala ya kupumua.,Menyebabkan distorsi pada moncong dan masalah pernapasan.,Kòz deformation nan djòl la ak pwoblèm respiratwa.,နှာရည်ယိုခြင်းနှင့် အသက်ရှူလမ်းကြောင်းဆိုင်ရာ ပြဿနာများကို ဖြစ်စေသည်။
dis_rhinitis_prev,main,Vaccination and air quality.,Vaccination et qualité de l'air.,疫苗接种和空气质量控制。,Vacunación y calidad del aire.,Pagbabakuna at kalidad ng hangin.,Tiêm phòng vắc xin và cải thiện chất lượng không khí.,การฉีดวัคซีนและคุณภาพอากาศที่ดี,Vacinação e qualidade do ar.,टीकाकरण और हवा की गुणवत्ता में सुधार।,Chanjo na ubora wa hewa.,Vaksinasi dan kualitas udara.,Vaksinasyon ak kalite lè a.,ကာကွယ်ဆေးနှင့် လေအရည်အသွေး။
dis_leptospirosis,main,Leptospirosis,Leptospirose,钩端螺旋体病,Leptospirosis,Leptospirosis,Bệnh xoắn khuẩn,โรคฉี่หนู (Leptospirosis),Leptospirose,लेप्टोस्पायरोसिस (Leptospirosis),Leptospirosis,Leptospirosis,Leptospiroz,Leptospirosis
dis_leptospirosis_desc,main,Zoonotic bacterial disease affecting kidneys.,Maladie bactérienne zoonotique affectant les reins.,影响肾脏的人畜共患细菌病。,Enfermedad bacteriana zoonótica que afecta los riñones.,Bakteryal na sakit na nakakahawa sa tao at nakakaapekto sa bato (kidneys).,"Bệnh truyền nhiễm từ động vật sang người, ảnh hưởng đến thận.",โรคแบคทีเรียติดต่อสู่คน ส่งผลกระทบต่อไต,Doença bacteriana zoonótica que afeta os rins.,गुर्दे को प्रभावित करने वाला संक्रामक जीवाणु रोग।,Ugonjwa wa bakteria wa zoonotic unaoathiri figo.,Penyakit bakteri zoonosis yang menyerang ginjal.,Zoonotik maladi bakteri ki afekte ren.,ကျောက်ကပ်ကိုထိခိုက်စေတဲ့ Zoonotic ဘက်တီးရီးယားရောဂါ။
dis_leptospirosis_prev,main,Rodent control and vaccination.,Contrôle des rongeurs et vaccination.,灭鼠和疫苗接种。,Control de roedores y vacunación.,Pagkontrol sa daga at pagbabakuna.,Diệt chuột và tiêm phòng vắc xin.,การควบคุมหนูและการฉีดวัคซีน,Controle de roedores e vacinação.,चूहों पर नियंत्रण और टीकाकरण।,Udhibiti wa panya na chanjo.,Pengendalian hewan pengerat dan vaksinasi.,Kontwòl wonjè ak vaksinasyon.,ကြွက်ထိန်းနှင့် ကာကွယ်ဆေးထိုးခြင်း။
dis_influenza,main,Swine Influenza,Grippe porcine,猪流感,Influenza Porcina,Swine Influenza,Cúm heo,โรคไข้หวัดใหญ่สุกร,Influenza Suína (Gripe),स्वाइन इन्फ्लूएंजा (Swine Influenza),Mafua ya Nguruwe,Influenza Babi,Grip pòsin,Swine Influenza
dis_influenza_desc,main,Rapidly spreading respiratory infection.,Infection respiratoire à propagation rapide.,传播迅速的呼吸道感染。,Infección respiratoria de rápida propagación.,Mabilis kumalat na impeksyon sa paghinga.,Nhiễm trùng đường hô hấp lây lan nhanh chóng.,การติดเชื้อทางเดินหายใจที่แพร่กระจายอย่างรวดเร็ว,Infecção respiratória de rápida propagação.,तेजी से फैलने वाला श्वसन संक्रमण।,Kuenea kwa kasi kwa maambukizi ya kupumua.,Infeksi pernafasan yang menyebar dengan cepat.,Enfeksyon respiratwa ki gaye rapidman.,အသက်ရှုလမ်းကြောင်းဆိုင်ရာ ရောဂါပိုးများ လျင်မြန်စွာ ပျံ့နှံ့ခြင်း။
dis_influenza_prev,main,Ventilation and biosecurity.,Ventilation et biosécurité.,通风和生物安全。,Ventilación y bioseguridad.,Bentilasyon at biosecurity.,Thông gió tốt và an toàn sinh học.,การระบายอากาศและความปลอดภัยทางชีวภาพ,Ventilação e biosseguridade.,वेंटिलेशन और जैव सुरक्षा।,Uingizaji hewa na usalama wa viumbe hai.,Ventilasi dan biosekuriti.,Vantilasyon ak biosekirite.,လေဝင်လေထွက်နှင့် ဇီဝလုံခြုံရေး။
dis_edema,main,Edema Disease,Maladie de l'œdème,水肿病,Enfermedad del Edema,Edema Disease,Bệnh phù đầu,โรคบวมน้ำ (Edema Disease),Doença do Edema,एडिमा रोग (Edema Disease),Ugonjwa wa Edema,Penyakit Edema,Maladi Edem,ရေဖျဉ်းရောဂါ
dis_edema_desc,main,Caused by E. coli toxins in weaned piglets.,Causée par les toxines d'E. coli chez les porcelets sevrés.,断奶仔猪由大肠杆菌毒素引起。,Causada por toxinas de E. coli en lechones destetados.,Dulot ng toxin mula sa E. coli sa mga bagong walay na biik.,Do độc tố vi khuẩn E. coli gây ra ở heo con sau cai sữa.,เกิดจากสารพิษของเชื้อ E. coli ในลูกสุกรหลังหย่านม,Causada por toxinas de E. coli em leitões desmamados.,दूध छुड़ाए गए पिगलेट्स में ई. कोलाई टॉक्सिन के कारण होता है।,Husababishwa na sumu ya E. koli katika nguruwe walioachishwa kunyonya.,Disebabkan oleh racun E. coli pada anak babi yang disapih.,Ki te koze pa E. coli toksin nan porsele sevre.,နို့ဖြတ်ထားသော ဝက်ကလေးများတွင် E. coli အဆိပ်ကြောင့် ဖြစ်ပွားသည်။
dis_edema_prev,main,Improved sanitation and diet.,Amélioration de l'assainissement et de l'alimentation.,改善卫生和饮食。,Mejora del saneamiento y la dieta.,Maayos na sanitasyon at tamang pagkain.,Cải thiện vệ sinh và điều chỉnh chế độ ăn.,ปรับปรุงสุขอนามัยและอาหาร,Melhoria da higiene e da dieta.,बेहतर स्वच्छता और आहार।,Uboreshaji wa usafi wa mazingira na lishe.,Peningkatan sanitasi dan pola makan.,Amelyore sanitasyon ak rejim alimantè.,အညစ်အကြေးနှင့် အစားအသောက်ကို မြှင့်တင်ပါ။
dis_dysentery,main,Swine Dysentery,Dysenterie porcine,猪痢疾,Disentería Porcina,Swine Dysentery,Hồng lỵ,โรคบิดมูกเลือด (Swine Dysentery),Disenteria Suína,स्वाइन पेचिश (Swine Dysentery),Ugonjwa wa Kuhara ya Nguruwe,Disentri Babi,Disanteri kochon,Swine Disentery
dis_dysentery_desc,main,Severe mucohaemorrhagic diarrhea.,Diarrhée mucohémorragique sévère.,严重的黏液出血性腹泻。,Diarrea mucohemorrágica grave.,Malalang pagtatae na may kasamang dugo at uhog.,Tiêu chảy nặng có nhầy và máu.,อาการท้องเสียรุนแรงที่มีมูกและเลือดปน,Diarreia muco-hemorrágica grave.,गंभीर खूनी दस्त।,Kuhara kali kwa mucohemorrhagic.,Diare mukohaemoragik berat.,Gwo dyare mukoemorajik.,ပြင်းထန်သော mucohaemorrhagic ဝမ်းလျှော။
dis_dysentery_prev,main,Water medication and disinfection.,Médication de l'eau et désinfection.,饮水加药和消毒。,Medicación del agua y desinfección.,Gamot sa tubig at disinfection.,Pha thuốc vào nước uống và sát trùng chuồng trại.,การให้ยาผ่านทางน้ำดื่มและการฆ่าเชื้อ,Medicação na água e desinfecção.,पानी में दवा और कीटाणुशोधन।,Dawa ya maji na disinfection.,Obat air dan desinfeksi.,Dlo medikaman ak dezenfeksyon.,ရေဆေးနှင့် ပိုးသတ်ဆေး။
dis_mange,main,Sarcoptic Mange,Gale sarcoptique,疥癣,Sarna Sarcóptica,Sarcoptic Mange (Kuratong),Bệnh ghẻ,โรคขี้เรื้อน (Sarcoptic Mange),Sarna Sarcóptica,खाज-खुजली (Sarcoptic Mange),Mange ya Sarcoptic,Kudis Sarcoptik,Sarkoptik gal,Sarcoptic Mange
dis_mange_desc,main,Parasitic skin disease causing extreme discomfort.,Maladie cutanée parasitaire causant un inconfort extrême.,引起极度不适的寄生虫性皮肤病。,Enfermedad cutánea parasitaria que causa un malestar extremo.,Sakit sa balat dulot ng parasito na nagiging sanhi ng sobrang pangangati.,Bệnh ngoài da do ký sinh trùng gây khó chịu cực độ.,โรคผิวหนังจากพยาธิภายนอกที่ทำให้คันอย่างรุนแรง,Doença cutânea parasitária que causa extremo desconforto.,अत्यधिक बेचैनी पैदा करने वाला परजीवी त्वचा रोग।,Ugonjwa wa ngozi wa vimelea unaosababisha usumbufu mkubwa.,Penyakit kulit parasit menyebabkan ketidaknyamanan yang luar biasa.,Maladi po parazit ki lakòz gwo malèz.,ကပ်ပါးအရေပြားရောဂါသည် အလွန်အမင်း မသက်မသာဖြစ်စေသည်။
dis_mange_prev,main,Acaricide treatment.,Traitement acaricide.,杀螨剂治疗。,Tratamiento acaricida.,Gamot laban sa kuto at galis (Acaricide).,Điều trị bằng thuốc diệt ký sinh trùng.,การใช้ยาฆ่าแมลงหรือยากำจัดไร,Tratamento com acaricidas.,परजीवी नाशक (Acaricide) उपचार।,Matibabu ya Acaricide.,Pengobatan akarisida.,Tretman akarisid.,Acaricide ကုသမှု။
dis_anemia,main,Iron Deficiency Anemia,Anémie ferriprive,缺铁性贫血,Anemia por Deficiencia de Hierro,Iron Deficiency Anemia,Thiếu máu do thiếu sắt,ภาวะโลหิตจางจากการขาดธาตุเหล็ก,Anemia por Deficiência de Ferro,आयरन की कमी से एनीमिया,Anemia ya Upungufu wa Madini,Anemia Defisiensi Besi,Anemi Iron Deficiency,သံဓာတ်ချို့တဲ့ သွေးအားနည်းရောဂါ
dis_anemia_desc,main,Common in indoor piglets without iron supplements.,Fréquente chez les porcelets en intérieur sans suppléments de fer.,室内饲养且未补充铁剂的仔猪常见。,Común en lechones de interior sin suplementos de hierro.,Karaniwan sa mga biik na nasa loob ng kulungan at walang iron supplement.,Thường gặp ở heo con nuôi nhốt hoàn toàn không được bổ sung sắt.,พบบ่อยในลูกสุกรที่เลี้ยงในโรงเรือนปิดและไม่ได้รับธาตุเหล็กเสริม,Comum em leitões criados em ambiente fechado sem suplementos de ferro.,आयरन सप्लीमेंट के बिना घर के अंदर रहने वाले पिगलेट्स में आम।,Kawaida katika nguruwe za ndani bila virutubisho vya chuma.,Biasa terjadi pada anak babi dalam ruangan tanpa suplemen zat besi.,Komen nan porsele andedan kay la san sipleman fè.,သံဓာတ်မပါတဲ့ အိမ်တွင်းဝက်လေးတွေမှာ အဖြစ်များပါတယ်။
dis_anemia_prev,main,Iron injections at birth.,Injections de fer à la naissance.,出生时注射铁剂。,Inyecciones de hierro al nacer.,Iniksyon ng iron sa pagsilang.,Tiêm sắt cho heo con sau khi sinh.,การฉีดธาตุเหล็กให้ลูกสุกรเมื่อแรกเกิด,Inyecciones de ferro ao nascimento.,जन्म के समय आयरन के इंजेक्शन।,Sindano za chuma wakati wa kuzaliwa.,Suntikan zat besi saat lahir.,Piki fè nan nesans.,မွေးစမှာ သံဓါတ်ထိုးတယ်။
dis_ulcers,main,Gastric Ulcers,Ulcères gastriques,胃溃疡,Úlceras Gástricas,Gastric Ulcers,Viêm loét dạ dày,โรคแผลในกระเพาะอาหาร,Úlceras Gástricas,गैस्ट्रिक अल्सर (Gastric Ulcers),Vidonda vya Tumbo,Bisul Lambung,Ilsè gastric,အစာအိမ်အနာ
dis_ulcers_desc,main,Caused by fine feed or stress.,Causés par une alimentation trop fine ou le stress.,由饲料过细或应激引起。,Causadas por alimento muy fino o estrés.,Dulot ng masyadong pino na pagkain o stress.,Do thức ăn quá mịn hoặc do heo bị stress.,เกิดจากอาหารที่มีความละเอียดเกินไปหรือความเครียด,Causadas por ração muito fina ou estresse.,बारीक चारे या तनाव के कारण होता है।,Husababishwa na kulisha faini au dhiki.,Disebabkan oleh pakan yang halus atau stres.,Ki te koze pa bon manje oswa estrès.,ကောင်းမွန်သောအစာကျွေးခြင်း သို့မဟုတ် စိတ်ဖိစီးမှုကြောင့် ဖြစ်ပေါ်လာခြင်းဖြစ်သည်။
dis_ulcers_prev,main,Adjust feed particle size.,Ajuster la taille des particules de l'aliment.,调整饲料颗粒大小。,Ajustar el tamaño de partícula del alimento.,Ayusin ang laki ng butil ng pagkain.,Điều chỉnh kích thước hạt thức ăn.,ปรับขนาดอนุภาคของอาหาร,Ajustar o tamanho da partícula da ração.,चारे के कणों के आकार को समायोजित करें।,Rekebisha ukubwa wa chembe ya mlisho.,Sesuaikan ukuran partikel umpan.,Ajiste gwosè patikil manje.,feed particle size ကို ချိန်ညှိပါ။
dis_pss,main,Porcine Stress Syndrome,Syndrome de stress porcin,猪应激综合征,Síndrome de Estrés Porcina,Porcine Stress Syndrome,Hội chứng stress ở heo,กลุ่มอาการเครียดในสุกร (PSS),Síndrome do Estresse Suíno,पोरसाइन स्ट्रेस सिंड्रोम (PSS),Ugonjwa wa Mfadhaiko wa Nguruwe,Sindrom Stres Babi,Sendwòm estrès kochon,Porcine Stress Syndrome
dis_pss_desc,main,Genetic condition triggered by stress.,Condition génétique déclenchée par le stress.,由应激激发的遗传性疾病。,Condición genética desencadenada por el estrés.,Kondisyon na namamana at nati-trigger ng stress.,Tình trạng di truyền bị kích hoạt do stress.,สภาวะทางพันธุกรรมที่ถูกกระตุ้นโดยความเครียด,Condição genética desencadeada pelo estresse.,तनाव के कारण होने वाली आनुवंशिक स्थिति।,Hali ya maumbile inayosababishwa na mafadhaiko.,Kondisi genetik yang dipicu oleh stres.,Kondisyon jenetik deklanche pa estrès.,ဖိစီးမှုမှအစပြုသောမျိုးရိုးဗီဇအခြေအနေ။
dis_pss_prev,main,Genetic selection and calm handling.,Sélection génétique et manipulation calme.,遗传筛选和温和驱赶。,Selección genética y manejo tranquilo.,Pagpili ng magandang lahi at mahinahong paghawak sa hayop.,Chọn lọc giống và xử lý heo nhẹ nhàng.,การคัดเลือกสายพันธุ์และการจัดการที่นุ่มนวล,Seleção genética e manejo calmo.,आनुवंशिक चयन और शांत तरीके से संभालना।,Uchaguzi wa maumbile na utunzaji wa utulivu.,Seleksi genetik dan penanganan yang tenang.,Seleksyon jenetik ak manyen kalm.,မျိုးရိုးဗီဇရွေးချယ်မှုနှင့် အေးဆေးစွာ ကိုင်တွယ်ပါ။
dis_tge,main,Transmissible Gastroenteritis (TGE),Gastro-entérite transmissible (GET),传染性胃肠炎 (TGE),Gastroenteritis Transmisible (TGE),Transmissible Gastroenteritis (TGE),Viêm dạ dày ruột truyền nhiễm (TGE),โรคกระเพาะอาหารและลำไส้อักเสบติดต่อ (TGE),Gastroenterite Transmissível (TGE),संक्रामक गैस्ट्रोएंटेराइटिस (TGE),Ugonjwa wa Kuambukiza wa Gastroenteritis (TGE),Gastroenteritis Menular (TGE),Gastroanterit Transmisib (TGE),Transmissible Gastroenteritis (TGE)
dis_tge_desc,main,Viral disease with high mortality in young piglets.,Maladie virale à mortalité élevée chez les jeunes porcelets.,幼龄仔猪死亡率极高的病毒性疾病。,Enfermedad viral con alta mortalidad en lechones jóvenes.,Viral na sakit na may mataas na rate ng pagkamatay sa mga batang biik.,Bệnh virus gây tỷ lệ tử vong cao ở heo con nhỏ tuổi.,โรคไวรัสที่มีอัตราการตายสูงในลูกสุกรอายุน้อย,Doença viral com alta mortalidade em leitões jovens.,युवा पिगलेट्स में उच्च मृत्यु दर वाली वायरल बीमारी।,Ugonjwa wa virusi wenye vifo vingi vya nguruwe wachanga.,Penyakit virus dengan angka kematian tinggi pada anak babi muda.,Maladi viral ak gwo mòtalite nan jèn porsele yo.,ဝက်ကလေးများတွင် သေဆုံးမှုနှုန်းမြင့်မားသော ဗိုင်းရပ်စ်ရောဂါ။
dis_tge_prev,main,Biosecurity.,Biosécurité.,生物安全措施。,Biosecurity.,Biosecurity.,An toàn sinh học.,ความปลอดภัยทางชีวภาพ,Biosseguridade.,जैव सुरक्षा (Biosecurity)।,Usalama wa viumbe.,Keamanan hayati.,Biosekirite.,ဇီဝလုံခြုံရေး။
dis_pasteurellosis,main,Pasteurellosis,Pasteurellose,巴氏杆菌病,Pasteurelosis,Pasteurellosis,Bệnh tụ huyết trùng,โรคพาสเจอเรลโลซิส,Pasteurelose,पास्चरेलोसिस (Pasteurellosis),Pasteurellosis,Pasteurellosis,Pasteureloz,Pasteurellosis
dis_pasteurellosis_desc,main,Bacterial pneumonia.,Pneumonie bactérienne.,细菌性肺炎。,Neumonía bacteriana.,Bakteryal na pneumonia.,Viêm phổi do vi khuẩn.,โรคปอดบวมจากเชื้อแบคทีเรีย,Pneumonia bacteriana.,जीवाणु निमोनिया।,Pneumonia ya bakteria.,Pneumonia bakteri.,Nemoni bakteri.,ဘက်တီးရီးယား အဆုတ်ရောင်ရောဂါ။
dis_pasteurellosis_prev,main,Antibiotics and ventilation.,Antibiotiques et ventilation.,抗生素治疗和加强通风。,Antibióticos y ventilación.,Antibiotics at bentilasyon.,Dùng kháng sinh và cải thiện thông gió.,ยาปฏิชีวนะและการระบายอากาศ,Antibióticos e ventilação.,एंटीबायोटिक्स और वेंटिलेशन।,Antibiotics na uingizaji hewa.,Antibiotik dan ventilasi.,Antibyotik ak vantilasyon.,ပဋိဇီဝဆေးများနှင့် လေဝင်လေထွက်။
dis_strep,main,Streptococcus suis,Streptococcus suis,猪链球菌病,Streptococcus suis,Streptococcus suis,Liên cầu khuẩn (Streptococcus suis),เชื้อสเตรปโตคอกคัส (Streptococcus suis),Streptococcus suis,स्ट्रेप्टोकोकस सुइस (Strep suis),Ugonjwa wa Streptococcus,Streptococcus suis,Streptococcus mwen,Streptococcus suis
dis_strep_desc,main,Bacterial infection causing meningitis.,Infection bactérienne provoquant une méningite.,引起脑膜炎的细菌感染。,Infección bacteriana que causa meningitis.,Bakteryal na impeksyon na nagdudulot ng meningitis.,Nhiễm khuẩn gây viêm màng não.,การติดเชื้อแบคทีเรียที่ทำให้เกิดเยื่อหุ้มสมองอักเสบ,Infecção bacteriana que causa meningite.,दिमागी बुखार (Meningitis) पैदा करने वाला जीवाणु संक्रमण।,Maambukizi ya bakteria yanayosababisha ugonjwa wa meningitis.,Infeksi bakteri menyebabkan meningitis.,Enfeksyon bakteri ki lakòz menenjit.,ဦးနှောက်အမြှေးရောင်ရောဂါဖြစ်စေသော ဘက်တီးရီးယားပိုးဝင်ခြင်း။
dis_strep_prev,main,Antibiotics and stress reduction.,Antibiotiques et réduction du stress.,抗生素治疗和减少应激。,Antibióticos y reducción del estrés.,Antibiotics at pagbabawas ng stress.,Dùng kháng sinh và giảm thiểu stress.,ยาปฏิชีวนะและการลดความเครียด,Antibióticos e redução do estresse.,एंटीबायोटिक्स और तनाव कम करना।,Antibiotics na kupunguza stress.,Antibiotik dan pengurangan stres.,Antibyotik ak rediksyon estrès.,ပဋိဇီဝဆေးများနှင့် စိတ်ဖိစီးမှုကို လျှော့ချပေးသည်။
dis_mycotoxicosis,main,Mycotoxicosis,Mycotoxicose,霉菌毒素中毒,Micotoxicosis,Mycotoxicosis,Nhiễm độc tố nấm mốc,ภาวะพิษจากเชื้อรา (Mycotoxicosis),Micotoxicose,मायकोटॉक्सिकोसिस (Mycotoxicosis),Mycotoxicosis,Mikotoksikosis,Mikotoksikoz,Mycotoxicosis
dis_mycotoxicosis_desc,main,Caused by mold-contaminated feed.,Causée par des aliments contaminés par des moisissures.,由霉变饲料引起。,Causada por alimento contaminado con moho.,Dulot ng pagkaing may amag (mold).,Do thức ăn bị nhiễm nấm mốc.,เกิดจากอาหารที่ปนเปื้อนเชื้อรา,Causada por ração contaminada por fungos.,फफूंद वाले चारे के कारण होता है।,Husababishwa na malisho yaliyochafuliwa na ukungu.,Disebabkan oleh pakan yang terkontaminasi jamur.,Ki te koze pa mwazi ki kontamine manje.,မှိုညစ်ညမ်းသောအစာကြောင့်ဖြစ်ရသည်။
dis_mycotoxicosis_prev,main,Toxin binders and dry storage.,Capteurs de toxines et stockage à sec.,使用脱毒剂和干燥储存。,Aglutinantes de toxinas y almacenamiento en seco.,Toxin binders at tuyong imbakan ng pagkain.,Dùng chất hấp phụ độc tố và bảo quản thức ăn khô ráo.,สารจับสารพิษและการเก็บรักษาอาหารในที่แห้ง,Sequestrantes de toxinas e armazenamento seco.,टॉक्सिन बाइंडर्स और सूखा भंडारण।,Vifunga vya sumu na hifadhi kavu.,Pengikat racun dan penyimpanan kering.,Lyan toksin ak depo sèk.,အဆိပ်အတောက်များ စုပုံပြီး ခြောက်သွေ့သော သိုလှောင်မှု။
dis_greasy_pig,main,Greasy Pig Disease,Maladie du porc gras (Épidermite exsudative),渗出性皮炎 (油皮病),Enfermedad del Cerdo Graso,Greasy Pig Disease,Bệnh rỉ dịch trên da (Heo nhờn),โรคผิวหนังมัน (Greasy Pig Disease),Epidermite Exsudativa (Doença do Porco Gorduroso),ग्रीसी पिग डिजीज (Greasy Pig Disease),Ugonjwa wa Nguruwe wenye Grisi,Penyakit Babi Berminyak,Maladi kochon gra,ချွဲပျစ်သောဝက်ရောဂါ
dis_greasy_pig_desc,main,Bacterial infection causing greasy skin lesions.,Infection bactérienne causant des lésions cutanées graisseuses.,引起油脂状皮肤病变的细菌感染。,Infección bacteriana que causa lesiones cutáneas grasosas.,Bakteryal na impeksyon na nagdudulot ng malangis na sugat sa balat.,Nhiễm khuẩn gây ra các tổn thương da bóng nhờn.,การติดเชื้อแบคทีเรียที่ทำให้เกิดรอยโรคผิวหนังที่มีลักษณะมันเยิ้ม,Infecção bacteriana que causa lesões cutâneas gordurosas.,त्वचा के चिकने घाव पैदा करने वाला जीवाणु संक्रमण।,Maambukizi ya bakteria ambayo husababisha vidonda vya ngozi vya greasi.,Infeksi bakteri menyebabkan lesi kulit berminyak.,Enfeksyon bakteri ki lakòz blesi po gra.,ဘက်တီးရီးယားပိုးဝင်ခြင်းကြောင့် အရေပြားအဆီပြန်ခြင်းကို ဖြစ်စေသည်။
dis_greasy_pig_prev,main,Sanitation and antibiotics.,Assainissement et antibiotiques.,环境消毒和抗生素。,Saneamiento y antibióticos.,Sanitasyon at antibiotics.,Vệ sinh chuồng trại và dùng kháng sinh.,การสุขาภิบาลและยาปฏิชีวนะ,Higiene e antibióticos.,स्वच्छता और एंटीबायोटिक्स।,Usafi wa mazingira na antibiotics.,Sanitasi dan antibiotik.,Sanitasyon ak antibyotik.,အညစ်အကြေးစွန့်ခြင်းနှင့် ပဋိဇီဝဆေးများ။
dis_pseudorabies,main,Pseudorabies (Aujeszky's),Pseudorage (Maladie d'Aujeszky),伪狂犬病 (阿留申病),Pseudorrabia (Aujeszky),Pseudorabies (Aujeszky's),Bệnh giả dại (Aujeszky),โรคพิษสุนัขบ้าเทียม (Pseudorabies),Pseudoraiva (Aujeszky),स्यूडोरैबीज (Pseudorabies),Pseudorabies (ya Aujeszky),Pseudorabies (Aujeszky),Pseudorabies (Aujeszky a),Pseudorabies (Aujeszky's)
dis_pseudorabies_desc,main,Viral disease affecting nervous and respiratory systems.,Maladie virale affectant les systèmes nerveux et respiratoire.,影响神经和呼吸系统的病毒性疾病。,Enfermedad viral que afecta los sistemas nervioso y respiratorio.,Viral na sakit na nakakaapekto sa nerbyos at paghinga.,Bệnh virus ảnh hưởng đến hệ thần kinh và hô hấp.,โรคไวรัสที่ส่งผลต่อระบบประสาทและระบบทางเดินหายใจ,Doença viral que afeta os sistemas nervoso e respiratório.,तंत्रिका और श्वसन तंत्र को प्रभावित करने वाली वायरल बीमारी।,Ugonjwa wa virusi unaoathiri mifumo ya neva na ya kupumua.,Penyakit virus mempengaruhi sistem saraf dan pernafasan.,Maladi viral ki afekte sistèm nève ak respiratwa.,အာရုံကြောနှင့် အသက်ရှူလမ်းကြောင်းစနစ်ကို ထိခိုက်စေသော ဗိုင်းရပ်စ်ရောဂါ။
dis_pseudorabies_prev,main,Vaccination and eradication programs.,Vaccination et programmes d'éradication.,疫苗接种和净化计划。,Vacunación y programas de erradicación.,Pagbabakuna at eradication programs.,Tiêm phòng và chương trình tiêu diệt bệnh.,การฉีดวัคซีนและโปรแกรมการกำจัดโรค,Vacinação e programas de erradicação.,टीकाकरण और उन्मूलन कार्यक्रम।,Mipango ya chanjo na kutokomeza.,Program vaksinasi dan pemberantasan.,Pwogram vaksinasyon ak eradikasyon.,ကာကွယ်ဆေးထိုးခြင်းနှင့် ပပျောက်ရေးအစီအစဉ်များ။
dis_pcv2,main,Porcine Circovirus (PCV2),Circovirus porcin (PCV2),猪圆环病毒 (PCV2),Circovirus Porcina (PCV2),Porcine Circovirus (PCV2),Virus Circov ở heo (PCV2),เชื้อเซอโคไวรัสในสุกร (PCV2),Circovírus Suíno (PCV2),पोरसाइन सर्कोवायरस (PCV2),Porcine Circovirus (PCV2),Circovirus Babi (PCV2),Sikoviris porsin (PCV2),Porcine Circovirus (PCV2)
dis_pcv2_desc,main,Causes wasting and respiratory issues in growers.,Provoque un dépérissement et des problèmes respiratoires chez les porcs en croissance.,引起生长猪消瘦和呼吸道问题。,Causa desmedro y problemas respiratorios en cerdos de crecimiento.,Nagdudulot ng pangangayayat at problema sa paghinga.,Gây còi cọc và các vấn đề hô hấp ở heo choai.,ทำให้สุกรรุ่นแคระแกร็นและมีปัญหาทางเดินหายใจ,Causa definhamento e problemas respiratórios em animais de crescimento.,बढ़ते सूअरों में कमजोरी और श्वसन संबंधी समस्याएं पैदा करता है।,Husababisha matatizo ya kupoteza na kupumua kwa wakulima.,Menyebabkan masalah wasting dan pernapasan pada petani.,Kòz gaspiye ak pwoblèm respiratwa nan kiltivatè yo.,စိုက်ပျိုးသူများတွင် လေလွင့်ခြင်းနှင့် အသက်ရှူလမ်းကြောင်းဆိုင်ရာ ပြဿနာများကို ဖြစ်စေသည်။
dis_pcv2_prev,main,Vaccination.,Vaccination.,疫苗接种。,Vacunación.,Pagbabakuna.,Tiêm phòng vắc xin.,การฉีดวัคซีน,Vacinação.,टीकाकरण।,Chanjo.,Vaksinasi.,Vaksinasyon.,ကာကွယ်ဆေးထိုးပါ။
dis_ped,main,Porcine Epidemic Diarrhea (PED),Diarrhée épidémique porcine (DEP),猪流行性腹泻 (PED),Diarrea Epidémica Porcina (PED),Porcine Epidemic Diarrhea (PED),Dịch tiêu chảy cấp (PED),โรคท้องร่วงติดต่อในสุกร (PED),Diarreia Epidêmica Suína (PED),पोरसाइन एपिडेमिक डायरिया (PED),Kuhara kwa Janga la Nguruwe (PED),Diare Epidemi Babi (PED),Dyare Epidemi Porsin (PED),Porcine Epidemic Diarrhea (PED)
dis_ped_desc,main,"Similar to TGE, highly fatal to neonates.","Similaire à la GET, très fatale pour les nouveau-nés.",类似于 TGE，对新生仔猪具有极高致死率。,"Similar a la TGE, altamente fatal para los recién nacidos.","Katulad ng TGE, napakamamatay sa mga bagong silang na biik.","Tương tự như TGE, gây tử vong rất cao cho heo sơ sinh.",คล้ายกับ TGE มีอัตราการตายสูงมากในสุกรแรกเกิด,"Semelhante à TGE, altamente fatal para neonatos.","TGE के समान, नवजात शिशुओं के लिए अत्यधिक घातक।","Sawa na TGE, ni hatari sana kwa watoto wachanga.","Mirip dengan TGE, sangat fatal bagi neonatus.","Menm jan ak TGE, trè fatal pou tibebe ki fenk fèt.",TGE နှင့်ဆင်တူသည်၊ မွေးကင်းစကလေးများအတွက် အလွန်သေစေပါသည်။
dis_ped_prev,main,Strict biosecurity.,Biosécurité stricte.,严格的生物安全措施。,Bioseguridad estricta.,Mahigpit na biosecurity.,An toàn sinh học nghiêm ngặt.,ความปลอดภัยทางชีวภาพที่เข้มงวด,Biosseguridade rigorosa.,सख्त जैव सुरक्षा।,Usalama mkali wa viumbe hai.,Keamanan hayati yang ketat.,Biosekirite strik.,တင်းကျပ်သောဇီဝလုံခြုံရေး။
dis_je,main,Japanese Encephalitis,Encéphalite japonaise,流行性乙型脑炎,Encefalitis Japonesa,Japanese Encephalitis,Viêm não Nhật Bản,โรคไข้สมองอักเสบเจอี,Encefalite Japonesa,जापानी इंसेफेलाइटिस (JE),Encephalitis ya Kijapani,Ensefalitis Jepang,Ansefalit Japonè,ဂျပန်ဦးနှောက်ရောင်ရောဂါ
dis_je_desc,main,Mosquito-borne viral disease.,Maladie virale transmise par les moustiques.,由蚊子传播的病毒性疾病。,Enfermedad viral transmitida por mosquitos.,Sakit na dulot ng virus na dala ng lamok.,Bệnh virus do muỗi truyền.,โรคไวรัสที่มีมุงเป็นพาหะนำโรค,Doença viral transmitida por mosquitos.,मच्छरों से फैलने वाली वायरल बीमारी।,Ugonjwa wa virusi unaoenezwa na mbu.,Penyakit virus yang ditularkan oleh nyamuk.,Maladi viral ki bay moustik.,ခြင်မှကူးသောဗိုင်းရပ်စ်ရောဂါ။
dis_je_prev,main,Mosquito control and vaccination.,Contrôle des moustiques et vaccination.,防蚊灭蚊和疫苗接种。,Control de mosquitos y vacunación.,Pagkontrol sa lamok at pagbabakuna.,Kiểm soát muỗi và tiêm phòng vắc xin.,การควบคุมยุงและการฉีดวัคซีน,Controle de mosquitos e vacinação.,मच्छर नियंत्रण और टीकाकरण।,Udhibiti wa mbu na chanjo.,Pengendalian nyamuk dan vaksinasi.,Kontwòl moustik ak vaksinasyon.,ခြင်ထိန်းဆေး ၊
dis_rabies,main,Rabies,Rage,狂犬病,Rabia,Rabies,Bệnh dại,โรคพิษสุนัขบ้า,Raiva,रेबीज (Rabies),Kichaa cha mbwa,rabies,Laraj,ခွေးရူး
dis_rabies_desc,main,Fatal viral disease usually from bites.,Maladie virale mortelle généralement due à des morsures.,通常通过咬伤感染的致命病毒性疾病。,Enfermedad viral fatal generalmente por mordeduras.,Nakamamatay na sakit na dulot ng kagat ng hayop.,"Bệnh virus gây tử vong, thường lây qua vết cắn.",โรคไวรัสที่อันตรายถึงชีวิต มักเกิดจากการถูกสัตว์กัด,Doença viral fatal geralmente transmitida por mordidas.,आमतौर पर काटने से होने वाली घातक वायरल बीमारी।,Ugonjwa mbaya wa virusi kawaida kutoka kwa kuumwa.,Penyakit virus yang fatal biasanya disebabkan oleh gigitan.,Maladi viral fatal anjeneral soti nan mòde.,အကိုက်ခံရခြင်းမှ ပြင်းထန်သော ဗိုင်းရပ်စ်ရောဂါ ဖြစ်တတ်သည်။
dis_rabies_prev,main,Vaccination of pets and wildlife control.,Vaccination des animaux domestiques et contrôle de la faune sauvage.,宠物接种疫苗和控制野生动物。,Vacunación de mascotas y control de vida silvestre.,Pagbabakuna ng mga alaga at kontrol sa mga ligaw na hayop.,Tiêm phòng cho vật nuôi và kiểm soát động vật hoang dã.,ฉีดวัคซีนให้สัตว์เลี้ยงและควบคุมสัตว์ป่า,Vacinação de animais domésticos e controle de vida selvagem.,पालतू जानवरों का टीकाकरण और वन्यजीव नियंत्रण।,Chanjo ya wanyama kipenzi na udhibiti wa wanyamapori.,Vaksinasi hewan peliharaan dan pengendalian satwa liar.,Vaksinasyon bèt kay ak kontwòl bèt sovaj.,အိမ်မွေးတိရစ္ဆာန်များနှင့် တောရိုင်းတိရိစ္ဆာန်ထိန်းချုပ်ရေး ကာကွယ်ဆေးထိုးခြင်း။
dis_pox,main,Swine Pox,Variole porcine,猪痘,Viruela Porcina,Swine Pox,Bệnh đậu heo,โรคฝีดาษสุกร,Bouba Suína (Varíola),स्वाइन पॉक्स (माता),Nguruwe,Cacar Babi,Pox kochon,Swine Pox
dis_pox_desc,main,"Viral skin disease, often spread by lice.","Maladie cutanée virale, souvent propagée par les poux.",病毒性皮肤病，通常由虱子传播。,"Enfermedad cutánea viral, a menudo propagada por piojos.","Viral na sakit sa balat, madalas na dala ng kuto.","Bệnh ngoài da do virus, thường lây lan qua chấy rận.",โรคผิวหนังจากไวรัส มักแพร่กระจายโดยเหา,"Doença viral cutânea, muitas vezes espalhada por piolhos.","वायरल त्वचा रोग, अक्सर जूँ से फैलता है।","Ugonjwa wa ngozi wa virusi, mara nyingi huenezwa na chawa.","Penyakit kulit akibat virus, sering kali disebarkan oleh kutu.","Maladi po viral, souvan gaye pa pou.",ဗိုင်းရပ်စ်ကြောင့်ဖြစ်သော အရေပြားရောဂါသည် လည်ချောင်းများမှ ကူးစက်တတ်သည်။
dis_pox_prev,main,Louse control.,Contrôle des poux.,控制虱子。,Control de piojos.,Pagkontrol sa kuto.,Kiểm soát chấy rận.,การควบคุมเหา,Controle de piolhos.,जूँ पर नियंत्रण।,Udhibiti wa chawa.,Pengendalian kutu.,Kontwòl pou pou.,ထိန်းချုပ်မှု အားနည်းတယ်။
dis_vs,main,Vesicular Stomatitis,Stomatite vésiculeuse,水疱性口炎,Estomatitis Vesicular,Vesicular Stomatitis,Viêm miệng mụn nước,โรคปากอักเสบพุพอง (Vesicular Stomatitis),Estomatitite Vesicular,वेसिकलर स्टोमाटाइटिस (Vesicular Stomatitis),Stomatitis ya vesicular,Stomatitis Vesikular,Stomatit vesikulèr,Vesicular Stomatitis
dis_vs_desc,main,Causes blisters; looks like FMD.,Provoque des ampoules ; ressemble à la FA.,引起水疱；症状类似口蹄疫。,Causa ampollas; se parece a la FA.,Nagdudulot ng mga paltos; kamukha ng FMD.,Gây mụn nước; trông giống như FMD.,ทำให้เกิดตุ่มพอง ลักษณะคล้าย FMD,Causa bolhas; assemelha-se à febre aftosa.,छाले पैदा करता है; FMD जैसा दिखता है।,Husababisha malengelenge; inaonekana kama FMD.,Menyebabkan lecet; sepertinya FMD.,Kòz ti anpoul; sanble ak FMD.,အရည်ကြည်ဖုများဖြစ်ပေါ်စေသည်; FMD နှင့်တူသည်။
dis_vs_prev,main,Insect control and quarantine.,Contrôle des insectes et quarantaine.,昆虫控制和隔离。,Control de insectos y cuarentena.,Pagkontrol sa insekto at quarantine.,Kiểm soát côn trùng và cách ly.,การควบคุมแมลงและการกักกันโรค,Controle de insetos e quarentena.,कीट नियंत्रण और क्वारंटाइन।,Udhibiti wa wadudu na karantini.,Pengendalian serangga dan karantina.,Kontwòl ensèk ak karantèn.,အင်းဆက်ပိုးမွှားထိန်းချုပ်ရေးနှင့် သီးသန့်ထားရှိခြင်း။
dis_clostridial,main,Clostridial Enteritis,Entérite clostridienne,梭菌性肠炎,Enteritis Clostridial,Clostridial Enteritis,Viêm ruột do Clostridium,โรคลำไส้อักเสบจากเชื้อคลอสตริเดียม,Enterite Clostridiana,क्लोस्ट्रिडियल एंटराइटिस,Enteritis ya Clostridial,Enteritis Klostridial,Enterit klostridyal,Clostridial Enteritis
dis_clostridial_desc,main,Bacterial infection causing severe gut damage.,Infection bactérienne causant de graves dommages intestinaux.,引起严重肠道损伤的细菌感染。,Infección bacteriana que causa daños intestinales graves.,Bakteryal na impeksyon na nagdudulot ng malalang sira sa bituka.,Nhiễm khuẩn gây tổn thương ruột nghiêm trọng.,การติดเชื้อแบคทีเรียที่ทำลายลำไส้อย่างรุนแรง,Infecção bacteriana que causa graves danos intestinais.,आंतों को गंभीर नुकसान पहुंचाने वाला जीवाणु संक्रमण।,Maambukizi ya bakteria na kusababisha uharibifu mkubwa wa matumbo.,Infeksi bakteri menyebabkan kerusakan usus yang parah.,Enfeksyon bakteri ki lakòz gwo domaj nan zantray.,ဘက်တီးရီးယားပိုးဝင်ခြင်းကြောင့် အူလမ်းကြောင်းကို ဆိုးရွားစွာ ပျက်စီးစေပါသည်။
dis_clostridial_prev,main,Vaccination of sows and hygiene.,Vaccination des truies et hygiène.,母猪免疫和卫生管理。,Vacunación de cerdas e higiene.,Pagbabakuna ng inahin at sanitasyon.,Tiêm phòng cho nái và vệ sinh.,การฉีดวัคซีนให้แม่สุกรและสุขอนามัย,Vacinação de porcas e higiene.,मादा सूअरों का टीकाकरण और स्वच्छता।,Chanjo ya nguruwe na usafi.,Vaksinasi babi dan kebersihan.,Vaksinasyon pou simen ak ijyèn.,မျိုးစေ့များ နှင့် တစ်ကိုယ်ရေသန့်ရှင်းမှု ကာကွယ်ဆေးထိုးခြင်း။
dis_glassers,main,Glasser's Disease,Maladie de Glässer,副猪嗜血杆菌病 (格拉瑟氏病),Enfermedad de Glässer,Glasser's Disease,Bệnh Glässer,โรคกลาสเซอร์ (Glasser's Disease),Doença de Glässer,ग्लेसर रोग (Glasser's Disease),Ugonjwa wa Glasser,Penyakit Glasser,Maladi Glasser a,မျက်မှန်ရောဂါ
dis_glassers_desc,main,"Causes inflammation of membranes around heart, lungs, joints.","Provoque l'inflammation des membranes autour du cœur, des poumons et des articulations.",引起心包、胸膜和关节浆膜炎症。,"Causa inflamación de membranas alrededor del corazón, pulmones y articulaciones.","Nagdudulot ng pamamaga ng mga lamad sa puso, baga, at kasukasuan.","Gây viêm màng quanh tim, phổi và các khớp.",ทำให้เกิดการอักเสบของเยื่อหุ้มรอบหัวใจ ปอด และข้อ,"Causa inflamação das membranas ao redor do coração, pulmões e articulações.","हृदय, फेफड़ों और जोड़ों के आसपास की झिल्लियों में सूजन पैदा करता है।","Husababisha kuvimba kwa utando karibu na moyo, mapafu, viungo.","Menyebabkan radang selaput di sekitar jantung, paru-paru, persendian.","Kòz enflamasyon nan manbràn alantou kè, poumon, jwenti.",နှလုံး၊ အဆုတ်၊ အဆစ်တဝိုက် အမြှေးပါးများ ရောင်ရမ်းခြင်းကို ဖြစ်စေသည်။
dis_glassers_prev,main,Antibiotics and stress management.,Antibiotiques et gestion du stress.,抗生素治疗和应激管理。,Antibióticos y manejo del estrés.,Antibiotics at pag-manage ng stress.,Dùng kháng sinh và quản lý stress.,ยาปฏิชีวนะและการจัดการความเครียด,Antibióticos e manejo do estresse.,एंटीबायोटिक्स और तनाव प्रबंधन।,Antibiotics na usimamizi wa dhiki.,Antibiotik dan manajemen stres.,Antibyotik ak jesyon estrès.,ပဋိဇီဝဆေးများနှင့် စိတ်ဖိစီးမှုကို စီမံခန့်ခွဲခြင်း။
dis_app,main,Actinobacillus Pleuropneumonia (APP),Pleuropneumonie (APP),猪传染性胸膜肺炎 (APP),Pleuroponeumonía (APP),Actinobacillus Pleuropneumonia (APP),Viêm phổi màng phổi (APP),โรคปอดและเยื่อหุ้มปอดอักเสบ (APP),Pleuropneumonia Suína (APP),पोरसाइन निमोनिया (APP),Actinobacillus Pleuropneumonia (APP),Actinobacillus Pleuropneumonia (APLIKASI),Aktinobacillus Pleuropneumonia (APP),Actinobacillus Pleuropneumonia (APP)
dis_app_desc,main,Severe bacterial pneumonia.,Pneumonie bactérienne sévère.,严重的细菌性肺炎。,Neumonía bacteriana grave.,Malalang bakteryal na pneumonia.,Viêm phổi nặng do vi khuẩn.,โรคปอดบวมจากแบคทีเรียที่รุนแรง,Pneumonia bacteriana grave.,गंभीर जीवाणु निमोनिया।,Pneumonia ya bakteria kali.,Pneumonia bakterial yang parah.,Nemoni bakteri grav.,ပြင်းထန်သော ဘက်တီးရီးယား အဆုတ်ရောင်ရောဂါ။
dis_app_prev,main,Antibiotics and improved environment.,Antibiotiques et amélioration de l'environnement.,抗生素治疗和改善环境。,Antibióticos y mejora del medio ambiente.,Antibiotics at maayos na kulungan.,Dùng kháng sinh và cải thiện môi trường nuôi.,ยาปฏิชีวนะและการปรับปรุงสภาพแวดล้อม,Antibióticos e melhoria do ambiente.,एंटीबायोटिक्स और बेहतर वातावरण।,Antibiotics na kuboresha mazingira.,Antibiotik dan perbaikan lingkungan.,Antibyotik ak anviwònman amelyore.,ပဋိဇီဝဆေးများနှင့် ပိုမိုကောင်းမွန်သော ပတ်ဝန်းကျင်။
dis_ileitis,main,Ileitis (Lawsonia),Iléite (Lawsonia),回肠炎 (罗松氏菌病),Ileítis (Lawsonia),Ileitis (Lawsonia),Viêm hồi tràng,โรคไอลีอักเสบ (Ileitis),Ileíte (Lawsonia),इलियाइटिस (Ileitis),Ileitis (Lawsonia),Ileitis (Lawsonia),Ileit (Lawsonia),Ileitis (Lawsonia)
dis_ileitis_desc,main,Bacterial infection of the small intestine.,Infection bactérienne de l'intestin grêle.,小肠细菌感染。,Infección bacteriana del intestino delgado.,Bakteryal na impeksyon sa maliit na bituka.,Nhiễm khuẩn ruột non.,การติดเชื้อแบคทีเรียที่ลำไส้เล็ก,Infecção bacteriana do intestino delgado.,छोटी आंत का जीवाणु संक्रमण।,Maambukizi ya bakteria ya utumbo mdogo.,Infeksi bakteri pada usus kecil.,Enfeksyon bakteri nan ti trip la.,အူသိမ်ဘက်တီးရီးယားပိုးဝင်ခြင်း။
dis_ileitis_prev,main,Vaccination and antibiotics.,Vaccination et antibiotiques.,疫苗接种和抗生素。,Vacunación y antibióticos.,Pagbabakuna at antibiotics.,Tiêm phòng và dùng kháng sinh.,การฉีดวัคซีนและยาปฏิชีวนะ,Vacinação e antibióticos.,टीकाकरण और एंटीबायोटिक्स।,Chanjo na antibiotics.,Vaksinasi dan antibiotik.,Vaksen ak antibyotik.,ကာကွယ်ဆေးနှင့် ပဋိဇီဝဆေးများ။
dis_tb,main,Tuberculosis,Tuberculose,结核病,Tuberculosis,Tuberculosis,Bệnh lao,วัณโรค (Tuberculosis),Tuberculose,तपेदिक (Tuberculosis),Kifua kikuu,TBC,Tibèkiloz,တီဘီရောဂါ
dis_tb_desc,main,Chronic bacterial disease.,Maladie bactérienne chronique.,慢性细菌性疾病。,Enfermedad bacteriana crónica.,Kronikong bakteryal na sakit.,Bệnh nhiễm khuẩn mãn tính.,โรคแบคทีเรียเรื้อรง,Doença bacteriana crônica.,पुराना जीवाणु रोग।,Ugonjwa sugu wa bakteria.,Penyakit bakteri kronis.,Maladi bakteri kwonik.,နာတာရှည်ဘက်တီးရီးယားရောဂါ။
dis_tb_prev,main,Bird proofing and sanitation.,Protection contre les oiseaux et assainissement.,防鸟措施和消毒。,Protección contra aves y saneamiento.,Pag-iwas sa mga ibon at sanitasyon.,Ngăn chặn chim hoang và vệ sinh chuồng trại.,การป้องกันนกและสุขาภิบาล,Proteção contra aves e higienização.,पक्षियों से बचाव और स्वच्छता।,Uthibitisho wa ndege na usafi wa mazingira.,Pemeriksaan burung dan sanitasi.,Prèv zwazo ak sanitasyon.,ငှက်ထိန်းသိမ်းရေးနှင့် သန့်ရှင်းရေး။
dis_tetanus,main,Tetanus,Tétanos,破伤风,Tétanos,Tetanus,Bệnh uốn ván,บาดทะยัก (Tetanus),Tétano,टिटनेस (Tetanus),Pepopunda,Tetanus,Tetanòs,မေးခိုင်
dis_tetanus_desc,main,Bacterial toxin affecting the nervous system.,Toxine bactérienne affectant le système nerveux.,影响神经系统的细菌毒素。,Toxina bacteriana que afecta el sistema nervioso.,Toxin mula sa bakterya na nakakaapekto sa nerbyos.,Độc tố vi khuẩn ảnh hưởng đến hệ thần kinh.,สารพิษจากแบคทีเรียที่ส่งผลต่อระบบประสาท,Toxina bacteriana que afeta o sistema nervoso.,तंत्रिका तंत्र को प्रभावित करने वाला जीवाणु टॉक्सिन।,Sumu ya bakteria inayoathiri mfumo wa neva.,Racun bakteri mempengaruhi sistem saraf.,Toksin bakteri ki afekte sistèm nève a.,အာရုံကြောစနစ်ကို ထိခိုက်စေသော ဘက်တီးရီးယား အဆိပ်အတောက်များ။
dis_tetanus_prev,main,Sanitation during surgery/castration.,Hygiène pendant la chirurgie/castration.,手术/阉割期间的卫生。,Saneamiento durante cirugía/castración.,Kalinisan habang nag-oopera o nagkakapon.,Vệ sinh sát trùng khi phẫu thuật/thiến.,สุขอนามัยระหว่างการผ่าตัดหรือการตอน,Higiene durante cirurgia/castração.,सर्जरी/बधियाकरण के दौरान स्वच्छता।,Usafi wa mazingira wakati wa upasuaji/kuhasiwa.,Sanitasi selama operasi/kebiri.,Sanitasyon pandan operasyon/kastrasyon.,ခွဲစိတ်/ကုသနေစဉ်အတွင်း အညစ်အကြေးစွန့်ခြင်း။
dis_eperythrozoonosis,main,Eperythrozoonosis,Épérythrozoonose,附红细胞体病,Eperitrozoonosis,Eperythrozoonosis,Bệnh ký sinh trùng đường máu (Eperythrozoon),โรคอีเพอริโทรซูโนซิส,Eperitrozoonose,इपेरिथ्रोज़ूनोसिस (Eperythrozoonosis),Eperythrozoonosis,Eperitrozoonosis,Eperitrozoonoz,Eperythrozoonosis
dis_eperythrozoonosis_desc,main,Blood parasite causing anemia.,Parasite sanguin causant une anémie.,引起贫血的血液寄生虫。,Parásito sanguíneo que causa anemia.,Parasito sa dugo na nagdudulot ng anemia.,Ký sinh trùng trong máu gây thiếu máu.,พยาธิในเลือดที่ทำให้เกิดภาวะโลหิตจาง,Parasita sanguíneo que causa anemia.,एनीमिया पैदा करने वाला रक्त परजीवी।,Vimelea vya damu vinavyosababisha upungufu wa damu.,Parasit darah menyebabkan anemia.,Parazit san ki lakòz anemi.,သွေးအားနည်းရောဂါဖြစ်စေတဲ့ ကပ်ပါးပိုး။
dis_eperythrozoonosis_prev,main,Insect control and clean needles.,Contrôle des insectes et aiguilles propres.,昆虫控制和清洁针头。,Control de insectos y agujas limpias.,Pagkontrol sa insekto at malinis na karayom.,Kiểm soát côn trùng và dùng kim tiêm sạch.,การควบคุมแมลงและการใช้เข็มที่สะอาด,Controle de insetos e agulhas limpas.,कीट नियंत्रण और साफ सुई का प्रयोग।,Udhibiti wa wadudu na sindano safi.,Pengendalian serangga dan jarum bersih.,Kontwòl ensèk ak zegwi pwòp.,ပိုးမွှားထိန်းဆေးနှင့် ဆေးထိုးအပ်များ။
dis_ascaris,main,Ascaris suum,Ascaris suum (Grand ver rond),猪蛔虫,Ascaris suum,Ascaris suum (Bulate sa Bituka),Giun đũa heo (Ascaris suum),พยาธิตัวกลมในสุกร (Ascaris suum),Ascaris suum,एस्केरिस सुअम (पेट के कीड़े),Ascaris suum,Ascaris suum,Ascaris suum,Ascaris suum
dis_ascaris_desc,main,Internal parasite causing lung and liver damage.,Parasite interne causant des dommages aux poumons et au foie.,引起肺部和肝脏损伤的体内寄生虫。,Parásito interno que causa daño pulmonar y hepático.,Internal na parasito na sumisira sa baga at atay.,Ký sinh trùng bên trong gây hại cho phổi và gan.,พยาธิภายในที่ทำลายปอดและตับ,Parasita interno que causa danos nos pulmões e no fígado.,फेफड़ों और लीवर को नुकसान पहुंचाने वाला आंतरिक परजीवी।,Vimelea vya ndani vinavyosababisha uharibifu wa mapafu na ini.,Parasit internal menyebabkan kerusakan paru-paru dan hati.,Parazit entèn ki lakòz domaj nan poumon ak fwa.,အတွင်းကပ်ပါးပိုးသည် အဆုတ်နှင့် အသည်းကို ပျက်စီးစေသည်။
dis_ascaris_prev,main,Regular deworming.,Vermifugation régulière.,定期驱虫。,Desparasitación regular.,Regular na pagpupurga.,Tẩy giun định kỳ.,การถ่ายพยาธิสม่ำเสมอ,Vermifugação regular.,नियमित कृमि मुक्ति (Deworming)।,Dawa ya minyoo mara kwa mara.,Pemberian obat cacing secara teratur.,Deworming regilye.,ပုံမှန်ပိုးသတ်ခြင်း။
dis_whipworms,main,Whipworms,Trichures (Vers en fouet),鞭虫,Tricocéfalos (Whipworms),Whipworms,Giun tóc,พยาธิแส้ม้า,Trichuris suis,व्हिपवर्म्स (Whipworms),Viboko,cacing cambuk,Whipworms,Whipworms
dis_whipworms_desc,main,Internal parasite in the large intestine.,Parasite interne dans le gros intestin.,寄生于大肠的体内寄生虫。,Parásito interno en el intestino grueso.,Internal na parasito sa malaking bituka.,Ký sinh trùng bên trong ở ruột già.,พยาธิภายในในลำไส้ใหญ่,Parasita interno no intestino grosso.,बड़ी आंत में आंतरिक परजीवी।,Vimelea vya ndani kwenye utumbo mpana.,Parasit internal di usus besar.,Parazit entèn nan gwo trip la.,အူမကြီးအတွင်း ကပ်ပါးကောင်။
dis_whipworms_prev,main,Deworming and sanitation.,Vermifugation et assainissement.,驱虫和环境卫生。,Desparasitación y saneamiento.,Pagpupurga at sanitasyon.,Tẩy giun và vệ sinh.,การถ่ายพยาธิและการสุขาภิบาล,Vermifugação e higienização.,कृमि मुक्ति और स्वच्छता।,Dawa ya minyoo na usafi wa mazingira.,Obat cacing dan sanitasi.,Deworming ak sanitasyon.,ပိုးသတ်ခြင်းနှင့် အညစ်အကြေးစွန့်ခြင်း။
dis_lungworms,main,Lungworms,Strongles pulmonaires,肺线虫,Metastrongylus (Gusanos pulmonares),Lungworms,Giun phổi,พยาธิในปอด (Lungworms),Metastrongylus (Vermes Pulmonares),लंगवर्म्स (फेफड़ों के कीड़े),Minyoo ya mapafu,Cacing paru-paru,Vè poumon,အဆုတ်နာ
dis_lungworms_desc,main,Internal parasite of the lungs.,Parasite interne des poumons.,寄生于肺部的体内寄生虫。,Parásito interno de los pulmones.,Internal na parasito sa baga.,Ký sinh trùng bên trong phổi.,พยาธิภายในที่ปอด,Parasita interno dos pulmões.,फेफड़ों का आंतरिक परजीवी।,Vimelea vya ndani vya mapafu.,Parasit internal paru-paru.,Parazit entèn nan poumon yo.,အဆုတ်၏အတွင်းပိုင်းကပ်ပါး။
dis_lungworms_prev,main,Earthworm control and deworming.,Contrôle des vers de terre et vermifugation.,控制蚯蚓和驱虫。,Control de lombrices de tierra y desparasitación.,Pagkontrol sa bulate sa lupa at pagpupurga.,Kiểm soát giun đất và tẩy giun.,การควบคุมไส้เดือนและการถ่ายพยาธิ,Controle de minhocas e vermifugação.,केंचुए पर नियंत्रण और कृमि मुक्ति।,Udhibiti wa minyoo na dawa ya minyoo.,Pengendalian cacing tanah dan obat cacing.,Kontwòl vè tè ak deworming.,သန်ကောင်ထိန်းချုပ်ခြင်းနှင့် ပိုးသတ်ခြင်း။
dis_kidney_worms,main,Kidney Worms,Vers du rein,肾虫,Gusanos del Riñón,Kidney Worms,Giun thận,พยาธิในไต,Vermes do Rim (Stephanurus),किडनी वर्म्स (गुर्दे के कीड़े),Minyoo ya Figo,Cacing Ginjal,Vè ren,ကျောက်ကပ်ပိုးများ
dis_kidney_worms_desc,main,Internal parasite affecting kidneys and liver.,Parasite interne affectant les reins et le foie.,影响肾脏和肝脏的体内寄生虫。,Parásito interno que afecta los riñones y el hígado.,Internal na parasito sa bato at atay.,Ký sinh trùng bên trong ảnh hưởng đến thận và gan.,พยาธิภายในที่ส่งผลต่อไตและตับ,Parasita interno que afeta rins e fígado.,गुर्दे और लीवर को प्रभावित करने वाला आंतरिक परजीवी।,Vimelea vya ndani vinavyoathiri figo na ini.,Parasit internal mempengaruhi ginjal dan hati.,Parazit entèn ki afekte ren ak fwa.,အတွင်းကပ်ပါးပိုးများသည် ကျောက်ကပ်နှင့် အသည်းကို ထိခိုက်စေပါသည်။
dis_kidney_worms_prev,main,Management and hygiene.,Gestion et hygiène.,管理和卫生。,Manejo e higiene.,Maayos na pamamahala at sanitasyon.,Quản lý và vệ sinh.,การจัดการและสุขอนามัย,Manejo e higiene.,प्रबंधन और स्वच्छता।,Usimamizi na usafi.,Manajemen dan kebersihan.,Jesyon ak ijyèn.,စီမံခန့်ခွဲမှုနှင့် တစ်ကိုယ်ရေသန့်ရှင်းရေး။
dis_lice,main,Swine Lice,Poux du porc,猪虱,Piojos del Cerdo,Swine Lice (Kuto ng Baboy),Chấy rận heo,เหาสุกร,Piolho Suíno,सूअर की जूँ,Chawa wa Nguruwe,Kutu Babi,Pou kochon,Swine Lice
dis_lice_desc,main,External parasite sucking blood.,Parasite externe suceur de sang.,吸血的体外寄生虫。,Parásito externo chupador de sangre.,External na parasito na sumisipsip ng dugo.,Ký sinh trùng bên ngoài hút máu.,พยาธิภายนอกที่ดูดเลือด,Parasita externo sugador de sangue.,खून चूसने वाला बाहरी परजीवी।,Vimelea vya nje vinavyofyonza damu.,Parasit eksternal menghisap darah.,Parazit ekstèn souse san.,ပြင်ပကပ်ပါးပိုးများသည် သွေးကို စုပ်သည်။
dis_lice_prev,main,Insecticide treatment.,Traitement insecticide.,杀虫剂处理。,Tratamiento insecticida.,Gamot sa insekto.,Xử lý bằng thuốc diệt côn trùng.,การใช้ยาฆ่าแมลง,Tratamento com inseticidas.,कीटनाशक उपचार।,Matibabu ya wadudu.,Perawatan insektisida.,Tretman ensektisid.,ပိုးသတ်ဆေးကုသမှု။
dis_ringworm,main,Ringworm,Teigne,钱癣 (真菌病),Tiña,Ringworm (Buni),Bệnh nấm da (Lác đồng tiền),โรคกลาก,Tinha (Dermatofitose),दाद (Ringworm),Mdudu,Kurap,Tèy,လည်ကောင်
dis_ringworm_desc,main,Fungal skin infection.,Infection cutanée fongique.,真菌性皮肤感染。,Infección fúngica de la piel.,Impeksyon sa balat dulot ng fungus.,Nhiễm nấm ngoài da.,การติดเชื้อราที่ผิวหนัง,Infecção fúngica da pele.,त्वचा का फंगल संक्रमण।,Maambukizi ya ngozi ya kuvu.,Infeksi jamur pada kulit.,Enfeksyon po chanpiyon.,ဖန်းဂတ်စ် အရေပြားပိုးဝင်ခြင်း။
dis_ringworm_prev,main,Sanitation and topical treatment.,Assainissement et traitement topique.,卫生和局部用药。,Saneamiento y tratamiento tópico.,Sanitasyon at topical na gamot.,Vệ sinh và điều trị tại chỗ.,สุขอนามัยและการรักษาส่วนหัว,Higiene e tratamento tópico.,स्वच्छता और मरहम उपचार।,Usafi wa mazingira na matibabu ya juu.,Sanitasi dan pengobatan topikal.,Sanitasyon ak tretman aktualite.,အညစ်အကြေးနှင့် လိမ်းဆေးများ။
dis_mulberry_heart,main,Mulberry Heart Disease,Maladie du cœur de mûre,桑葚心病,Enfermedad del Corazón de Mora,Mulberry Heart Disease,Bệnh tim dâu tây,โรคหัวใจมัลเบอร์รี่,Doença do Coração em Amora,मलबेरी हार्ट डिजीज,Ugonjwa wa Moyo wa Mulberry,Penyakit Jantung Murbei,Maladi kè Mulberry,ပိုးစာ နှလုံးရောဂါ
dis_mulberry_heart_desc,main,Nutritional deficiency affecting the heart.,Carence nutritionnelle affectant le cœur.,影响心脏的营养缺乏症。,Deficiencia nutricional que afecta al corazón.,Kulang sa sustansya na nakakaapekto sa puso.,Thiếu hụt dinh dưỡng ảnh hưởng đến tim.,การขาดสารอาหารที่ส่งผลต่อหัวใจ,Deficiência nutricional que afeta o coração.,हृदय को प्रभावित करने वाली पोषण की कमी।,Upungufu wa lishe unaoathiri moyo.,Kekurangan nutrisi mempengaruhi jantung.,Defisi nitrisyonèl ki afekte kè a.,အာဟာရချို့တဲ့ရင် နှလုံးကိုထိခိုက်စေတယ်။
dis_mulberry_heart_prev,main,Supplementation.,Supplémentation.,补充维生素 E/硒。,Suplementación.,Pagbibigay ng bitamina (supplementation).,Bổ sung Vitamin E/Selen.,การเสริมวิตามินและแร่ธาตุ,Suplementação.,विटामिन/मिनरल की खुराक।,Nyongeza.,Suplementasi.,Sipleman.,ဖြည့်စွက်ခြင်း။
dis_vit_a,main,Vitamin A Deficiency,Carence en vitamine A,维生素 A 缺乏症,Deficiencia de Vitamina A,Vitamin A Deficiency,Thiếu hụt Vitamin A,ภาวะขาดวิตามินเอ,Deficiência de Vitamina A,विटामिन ए की कमी,Upungufu wa Vitamini A,Defisiensi Vitamin A,Defisi vitamin A,ဗီတာမင် A ချို့တဲ့ခြင်း။
dis_vit_a_desc,main,Nutritional deficiency.,Carence nutritionnelle.,营养缺乏。,Deficiencia nutricional.,Kulang sa sustansya (Vitamin A).,Tình trạng thiếu hụt dinh dưỡng.,การขาดสารอาหาร,Deficiência nutricional.,पोषण संबंधी कमी।,Upungufu wa lishe.,Kekurangan nutrisi.,Defisi nitrisyonèl.,အာဟာရချို့တဲ့ခြင်း။
dis_vit_a_prev,main,Dietary adjustment.,Ajustement alimentaire.,调整日粮。,Ajuste dietético.,Pag-aayos ng tamang pagkain.,Điều chỉnh khẩu phần ăn.,การปรับปรุงสูตรอาหาร,Ajuste na dieta.,आहार में सुधार।,Marekebisho ya lishe.,Penyesuaian pola makan.,Ajisteman dyetetik.,အစားအသောက်များတော့။
dis_rickets,main,Rickets,Rachitisme,佝偻病,Raquitismo,Rickets,Bệnh còi xương,โรคกระดูกอ่อน (Rickets),Raquitismo,सूखा रोग (Rickets),Riketi,Rakhitis,Rachitism,Rickets
dis_rickets_desc,main,Nutritional deficiency affecting bone growth.,Carence nutritionnelle affectant la croissance osseuse.,影响骨骼生长的营养缺乏症。,Deficiencia nutricional que afecta el crecimiento óseo.,Kulang sa sustansya na nakakaapekto sa paglaki ng buto.,Thiếu hụt dinh dưỡng ảnh hưởng đến sự phát triển của xương.,การขาดสารอาหารที่ส่งผลต่อการเจริญเติบโตของกระดูก,Deficiência nutricional que afeta o crescimento óseo.,हड्डियों के विकास को प्रभावित करने वाली पोषण की कमी।,Upungufu wa lishe unaoathiri ukuaji wa mfupa.,Kekurangan nutrisi mempengaruhi pertumbuhan tulang.,Defisi nitrisyonèl ki afekte kwasans zo.,အာဟာရချို့တဲ့ခြင်းကြောင့် အရိုးကြီးထွားမှုကို ထိခိုက်စေသည်။
dis_rickets_prev,main,Balanced minerals and sunlight.,Minéraux équilibrés et lumière du soleil.,平衡矿物质和日光照射。,Minerales equilibrados y luz solar.,Balanseng mineral at sapat na sikat ng araw.,Cân bằng khoáng chất và ánh sáng mặt trời.,แร่ธาตุที่สมดุลและแสงแดด,Minerais balanceados e luz solar.,संतुलित खनिज और धूप।,Madini yenye usawa na mwanga wa jua.,Mineral seimbang dan sinar matahari.,Ekilibre mineral ak limyè solèy la.,သတ္တုဓာတ်နှင့် နေရောင်ခြည်ကို မျှတစေပါသည်။
dis_salt_poisoning,main,Salt Poisoning,Intoxication par le sel,食盐中毒,Intoxicación por Sal,Salt Poisoning,Ngộ độc muối,พิษจากเกลือ,Intoxicação por Sal,नमक विषाक्तता (Salt Poisoning),Chumvi Sumu,Keracunan Garam,Anpwazonnman ak Sèl,ဆားအဆိပ်သင့်ခြင်း။
dis_salt_poisoning_desc,main,Caused by lack of water followed by over-consumption.,Causée par un manque d'eau suivi d'une surconsommation.,由缺水后过量饮水引起。,Causada por falta de agua seguida de consumo excesivo.,Dulot ng kawalan ng tubig na sinundan ng sobrang pag-inom.,Do thiếu nước sau đó uống quá nhiều nước.,เกิดจากการขาดน้ำตามด้วยการกินน้ำมากเกินไป,Causada por falta de água seguida de consumo excessivo.,पानी की कमी के बाद अत्यधिक पानी पीने के कारण होता है।,Husababishwa na ukosefu wa maji ikifuatiwa na unywaji wa kupita kiasi.,Disebabkan oleh kekurangan air yang diikuti dengan konsumsi berlebihan.,Ki te koze pa mank de dlo ki te swiv pa twòp konsomasyon.,သောက်သုံးရေ အလွန်အကျွံ သောက်သုံးမှုကြောင့် ဖြစ်ပေါ်လာသော ရေဓာတ် နည်းပါးခြင်းကြောင့် ဖြစ်သည်။
dis_salt_poisoning_prev,main,Constant fresh water access.,Accès permanent à l'eau fraîche.,保证持续的清洁饮水。,Acceso constante a agua fresca.,Palaging may malinis na tubig.,Đảm bảo luôn có nước sạch.,ให้น้ำดื่มที่สะอาดตลอดเวลา,Acesso constante a água fresca.,लगातार साफ पानी की उपलब्धता।,Ufikiaji wa maji safi mara kwa mara.,Akses air bersih yang konstan.,Aksè dlo fre konstan.,အဆက်မပြတ် ရေချိုဝင်ရောက်ခြင်း။
dis_heat_stroke,main,Heat Stroke,Coup de chaleur,中暑,Golpe de Calor,Heat Stroke,Sốc nhiệt,โรคลมแดด (Heat Stroke),Intermação (Calor),लू लगना (Heat Stroke),Kiharusi cha joto,Serangan Panas,Konjesyon Serebral Chalè,Heat Stroke
dis_heat_stroke_desc,main,Overheating due to poor ventilation or shade.,Surchauffe due à une mauvaise ventilation ou à l'absence d'ombre.,由于通风不良或缺乏遮荫引起过热。,Sobrecalentamiento por mala ventilación o falta de sombra.,Sobrang init dahil sa mahinang bentilasyon o kawalan ng silong.,Quá nóng do thông gió kém hoặc thiếu bóng mát.,ความร้อนสูงเกินเนื่องจากการระบายอากาศไม่ดีหรือขาดร่มเงา,Superaquecimento devido à má ventilação ou falta de sombra.,खराब वेंटिलेशन या छाया की कमी के कारण शरीर का बहुत गर्म होना।,Overheating kutokana na uingizaji hewa mbaya au kivuli.,Terlalu panas karena ventilasi atau naungan yang buruk.,Surchof akòz vantilasyon pòv oswa lonbraj.,လေဝင်လေထွက်မကောင်းသော သို့မဟုတ် အရိပ်ကြောင့် အပူလွန်ကဲခြင်း။
dis_heat_stroke_prev,main,"Ventilation, cooling, and shade.","Ventilation, refroidissement et ombre.",加强通风、降温和遮荫。,"Ventilación, enfriamiento y sombra.","Bentilasyon, pagpalamig, at silong.","Thông gió, làm mát và cung cấp bóng râm.",การระบายอากาศ การทำให้เย็น และร่มเงา,"Ventilação, resfriamento e sombra.","वेंटिलेशन, कूलिंग और छाया।","Uingizaji hewa, baridi, na kivuli.","Ventilasi, pendinginan, dan naungan.","Vantilasyon, refwadisman, ak lonbraj.",လေဝင်လေထွက်၊ အအေးခံခြင်းနှင့် အရိပ်။
dis_rectal_prolapse,main,Rectal Prolapse,Prolapsus rectal,直肠脱垂,Prolapso Rectal,Rectal Prolapse,Sa trực tràng,ทวารหนักทะลัก,Prolapso Retal,कांच निकलना (Rectal Prolapse),Prolapse ya Rectal,Prolaps rektum,Rektal Prolaps,Rectal Prolapse
dis_rectal_prolapse_desc,main,"Often follows coughing, diarrhea, or cold stress.","Suit souvent la toux, la diarrhée ou le stress dû au froid.",常继发于咳嗽、腹泻或冷应激。,"A menudo sigue a la tos, diarrea o estrés por frío.","Madalas kasunod ng pag-ubo, pagtatae, o sobrang lamig.","Thường xảy ra sau khi ho, tiêu chảy hoặc lạnh.",มักเกิดตามหลังอาการไอ ท้องเสีย หรือความหนาวเย็น,"Muitas vezes segue tosse, diarreia ou estresse por frio.","अक्सर खांसी, दस्त या ठंड के तनाव के बाद होता है।","Mara nyingi hufuata kikohozi, kuhara, au mkazo wa baridi.","Sering kali terjadi setelah batuk, diare, atau stres akibat pilek.","Souvan apre touse, dyare, oswa estrès frèt.",မကြာခဏ ချောင်းဆိုးခြင်း၊ ဝမ်းလျှောခြင်း သို့မဟုတ် အအေးမိခြင်းစသည့် ဖိစီးမှုနောက်ဆက်တွဲ ဖြစ်တတ်သည်။
dis_rectal_prolapse_prev,main,Address primary cause and surgery.,Traiter la cause primaire et chirurgie.,处理原发病并手术治疗。,Tratar la causa primaria y cirugía.,Gamutin ang sanhi at operasyon.,Giải quyết nguyên nhân gốc và phẫu thuật.,รักษาสาเหตุหลักและการผ่าตัด,Tratar a causa primária e cirurgia.,मुख्य कारण का उपचार और सर्जरी।,Kushughulikia sababu kuu na upasuaji.,Atasi penyebab utama dan pembedahan.,Adrese kòz prensipal ak operasyon.,အဓိကအကြောင်းအရင်းနှင့် ခွဲစိတ်မှုတို့ကို ဖြေရှင်းပါ။
dis_umbilical_hernia,main,Umbilical Hernia,Hernie ombilicale,脐疝,Hernia Umbilical,Umbilical Hernia (Luslos sa Pusod),Thoát vị rốn,ไส้เลื่อนที่สะดือ,Hérnia Umbilical,नाभि हर्निया (Umbilical Hernia),Hernia ya Umbilical,Hernia Umbilikalis,Èrni lonbrit,Umbilical Hernia
dis_umbilical_hernia_desc,main,Developmental defect or navel infection.,Défaut de développement ou infection du nombril.,发育缺陷或脐带感染。,Defecto de desarrollo o infección del ombligo.,Depekto sa paglaki o impeksyon sa pusod.,Khiếm khuyết phát triển hoặc nhiễm trùng rốn.,ความผิดปกติของพัฒนาการหรือการติดเชื้อที่สะดือ,Defeito de desenvolvimento ou infecção umbilical.,विकास दोष या नाभि संक्रमण।,Kasoro ya ukuaji au maambukizi ya kitovu.,Cacat perkembangan atau infeksi pusar.,Defo nan devlopman oswa enfeksyon lonbrit.,ဖွံ့ဖြိုးမှုဆိုင်ရာ ချို့ယွင်းချက် သို့မဟုတ် ဆီးလမ်းကြောင်းပိုးဝင်ခြင်း။
dis_umbilical_hernia_prev,main,Sanitation and genetics.,Assainissement et génétique.,卫生 and 遗传改良。,Saneamiento y genética.,Sanitasyon at pagpili ng magandang lahi.,Vệ sinh và chọn lọc giống.,สุขอนามัยและพันธุกรรม,Higiene e genética.,स्वच्छता और आनुवंशिक सुधार।,Usafi wa mazingira na maumbile.,Sanitasi dan genetika.,Sanitasyon ak jenetik.,အညစ်အကြေးစွန့်ခြင်းနှင့် မျိုးရိုးဗီဇ။
dis_scrotal_hernia,main,Scrotal Hernia,Hernie scrotale,阴囊疝,Hernia Escrotal,Scrotal Hernia (Luslos sa Bayag),Thoát vị bẹn,ไส้เลื่อนที่ถุงอัณฑะ,Hérnia Escrotal,अंडकोश हर्निया (Scrotal Hernia),Hernia ya Scrotal,Hernia Skrotum,Èrni Scrotal,Scrotal Hernia
dis_scrotal_hernia_desc,main,Genetic developmental defect.,Défaut de développement génétique.,遗传性发育缺陷。,Defecto genético de desarrollo.,Depekto sa paglaki na namamana.,Khiếm khuyết phát triển do di truyền.,ความผิดปกติของพัฒนาการทางพันธุกรรม,Defeito genético de desenvolvimento.,आनुवंशिक विकास दोष।,Kasoro ya maendeleo ya maumbile.,Cacat perkembangan genetik.,Defo nan devlopman jenetik.,မျိုးရိုးဗီဇ ဖွံ့ဖြိုးမှုဆိုင်ရာ ချို့ယွင်းချက်။
dis_scrotal_hernia_prev,main,Genetics and surgical repair.,Génétique et réparation chirurgicale.,遗传改良和手术修复。,Genética y reparación quirúrgica.,Pagpili ng magandang lahi at operasyon.,Chọn lọc giống và phẫu thuật chỉnh sửa.,พันธุกรรมและการผ่าตัดซ่อมแซม,Genética e correção cirúrgica.,आनुवंशिक सुधार और सर्जिकल मरम्मत।,Jenetiki na ukarabati wa upasuaji.,Genetika dan perbaikan bedah.,Jenetik ak reparasyon chirijikal.,မျိုးရိုးဗီဇနှင့် ခွဲစိတ်ပြုပြင်မှု။
dis_splayleg,main,Splayleg,Splayleg (Écartement des pattes),八字腿 (splayleg),Splayleg (Patas Abiertas),Splayleg,Bệnh chân choãi,โรคขาถ่าง (Splayleg),Splayleg (Membros Abertos),स्पलेयलेग (Splayleg),Splayleg,kaki melebar,Splayleg,ခြေချော်
dis_splayleg_desc,main,Piglets born unable to stand with hind legs.,Porcelets nés incapables de se tenir debout avec les pattes arrière.,仔猪出生时后腿无法站立。,Lechones nacidos incapaces de pararse con las patas traseras.,Biik na ipinanganak na hindi makatayo ang mga paa sa likod.,Heo con sinh ra không thể đứng bằng chân sau.,ลูกสุกรที่เกิดมาไม่สามารถยืนด้วยขาหลังได้,Leitões nascem incapazes de ficar em pé com as patas traseiras.,पिगलेट्स जो पिछली टांगों पर खड़े होने में असमर्थ पैदा होते हैं।,Watoto wa nguruwe waliozaliwa hawawezi kusimama na miguu ya nyuma.,Anak babi yang lahir tidak mampu berdiri dengan kaki belakangnya.,Porsele ki fèt pa kapab kanpe ak janm dèyè.,မွေးကင်းစ ဝက်ကလေးများသည် နောက်ခြေထောက်များဖြင့် မရပ်တည်နိုင်ပေ။
dis_splayleg_prev,main,Taping legs and floor traction.,Ligature des pattes et traction au sol.,绑扎双腿和增加地面摩擦力。,Vendar las patas y tracción en el suelo.,Taping ng mga paa at maayos na sahig.,Băng chân và sàn chuồng có độ bám tốt.,การพันขาและการใช้พื้นที่ไม่ลื่น,Atadura nas patas e piso com tração.,पैरों पर पट्टी बांधना और फर्श पर पकड़ बनाना।,Kugonga miguu na traction ya sakafu.,Merekatkan traksi kaki dan lantai.,Taping janm yo ak traction etaj.,ခြေထောက်တွေကို ပုတ်ပြီး ကြမ်းပြင်ကို ဆွဲချတယ်။
dis_vulvovaginitis,main,Vulvovaginitis,Vulvovaginite,外阴阴道炎,Vulvovaginitis,Vulvovaginitis,Viêm âm đạo,อวัยวะเพศเมียอักเสบ,Vulvovaginite,योनि शोथ (Vulvovaginitis),Vulvovaginitis,Vulvovaginitis,Vulvovajinit,Vulvovaginitis
dis_vulvovaginitis_desc,main,Caused by estrogenic fungal toxins in feed.,Causée par des toxines fongiques estrogéniques dans l'aliment.,由饲料中的雌激素类真菌毒素引起。,Causada por toxinas fúngicas estrogénicas en el alimento.,Dulot ng amag (fungal toxins) sa pagkain.,Do độc tố nấm trong thức ăn gây ra.,เกิดจากสารพิษเชื้อราในอาหาร,Causada por toxinas fúngicas estrogênicas na ração.,चारे में फफूंद के जहर के कारण होता है।,Husababishwa na sumu ya kuvu ya estrojeni kwenye malisho.,Disebabkan oleh racun jamur estrogenik dalam pakan.,Ki te koze pa estwojèn toksin chanpiyon nan manje.,အစာထဲတွင်ရှိသော estrogenic မှိုဆိပ်များ ကြောင့်ဖြစ်သည်။
dis_vulvovaginitis_prev,main,Change feed source.,Changer de source d'aliment.,更换饲料来源。,Cambiar la fuente de alimento.,Palitan ang source ng pagkain.,Thay đổi nguồn thức ăn.,เปลี่ยนแหล่งอาหาร,Mudar a fonte da ração.,चारे का स्रोत बदलें।,Badilisha chanzo cha mipasho.,Ubah sumber umpan.,Chanje sous manje.,ဖိဒ်အရင်းအမြစ်ကို ပြောင်းပါ။
dis_seneca,main,Seneca Valley Virus (SVV),Virus de la vallée de Seneca (SVV),塞内卡病毒 (SVV),Virus del Valle de Seneca (SVV),Seneca Valley Virus (SVV),Virus Seneca Valley (SVV),ไวรัสเซเนกาวัลเลย์ (SVV),Vírus Seneca Valley (SVV),सेनेका वैली वायरस (SVV),Virusi vya Seneca Valley (SVV),Virus Lembah Seneca (SVV),Viris Seneca Valley (SVV),Seneca Valley Virus (SVV)
dis_seneca_desc,main,Causes blisters similar to FMD.,Provoque des ampoules similaires à la FA.,引起类似口蹄疫的水疱。,Causa ampollas similares a la FA.,Nagdudulot ng mga paltos na katulad ng FMD.,Gây mụn nước tương tự như FMD.,ทำให้เกิดตุ่มน้ำคล้ายกับ FMD,Causa bolhas semelhantes à febre aftosa.,FMD के समान छाले पैदा करता है।,Husababisha malengelenge sawa na FMD.,Menyebabkan lecet mirip dengan FMD.,Kòz ti anpoul ki sanble ak FMD.,FMD နှင့် အလားတူ အရည်ကြည်ဖုများကို ဖြစ်စေသည်။
dis_seneca_prev,main,Biosecurity and diagnosis.,Biosécurité et diagnostic.,生物安全和诊断。,Bioseguridad y diagnóstico.,Biosecurity at pagsusuri.,An toàn sinh học và chẩn đoán.,ความปลอดภัยทางชีวภาพและการวินิจฉัย,Biosseguridade e diagnóstico.,जैव सुरक्षा और निदान।,Usalama wa kibaolojia na utambuzi.,Biosekuriti dan diagnosis.,Biosekirite ak dyagnostik.,ဇီဝလုံခြုံရေးနှင့် ရောဂါရှာဖွေခြင်း။
dis_deltacoronavirus,main,Porcine Deltacoronavirus,Deltacoronavirus porcin,猪丁型冠状病毒,Deltacoronavirus Porcina,Porcine Deltacoronavirus,Deltacoronavirus ở heo,เชื้อเดลต้าโคโรนาไวรัสในสุกร,Deltacoronavírus Suíno,पोरसाइन डेल्टाकोरोनावायरस,Porcine Deltacoronavirus,Virus Deltacorona Babi,Deltacoronavirus porsin,Porcine Deltacoronavirus
dis_deltacoronavirus_desc,main,Viral diarrhea in all ages.,Diarrhée virale à tous les âges.,各年龄段均可发生的病毒性腹泻。,Diarrea viral en todas las edades.,Viral na pagtatae sa lahat ng edad.,Tiêu chảy do virus ở mọi lứa tuổi.,อาการท้องเสียจากไวรัสในสุกรทุกช่วงอายุ,Diarreia viral em todas as idades.,सभी उम्र के सूअरों में वायरल दस्त।,Kuhara kwa virusi katika umri wote.,Diare akibat virus pada segala usia.,Dyare viral nan tout laj.,အသက်အရွယ်တိုင်းတွင် ဗိုင်းရပ်စ်ဝမ်းပျက်ခြင်း။
dis_deltacoronavirus_prev,main,Biosecurity.,Biosécurité.,生物安全措施。,Bioseguridad.,Biosecurity.,An toàn sinh học.,ความปลอดภัยทางชีวภาพ,Biosseguridade.,जैव सुरक्षा।,Usalama wa viumbe.,Keamanan hayati.,Biosekirite.,ဇီဝလုံခြုံရေး။
dis_rotavirus,main,Rotavirus Diarrhea,Diarrhée à Rotavirus,轮状病毒腹泻,Diarrea por Rotavirus,Rotavirus Diarrhea,Tiêu chảy do Rotavirus,โรคท้องร่วงจากเชื้อโรต้าไวรัส,Diarreia por Rotavírus,रोटावायरस डायरिया,Kuhara kwa Rotavirus,Diare Rotavirus,Dyare rotaviris,Rotavirus ဝမ်းပျက်ခြင်း။
dis_rotavirus_desc,main,Common cause of weaning diarrhea.,Cause fréquente de diarrhée au sevrage.,断奶腹泻的常见原因。,Causa común de diarrea al destete.,Karaniwang sanhi ng pagtatae ng bagong walay na biik.,Nguyên nhân phổ biến gây tiêu chảy cai sữa.,สาเหตุทั่วไปของอาการท้องเสียในสุกรหย่านม,Causa comum de diarreia no desmame.,दूध छुड़ाने के समय दस्त का सामान्य कारण।,Sababu ya kawaida ya kuhara ya kunyonyesha.,Penyebab umum diare penyapihan.,Kòz komen nan dyare sevraj.,နို့ပြတ်ခြင်း၏ အဖြစ်များသော အကြောင်းအရင်း။
dis_rotavirus_prev,main,Vaccination and hygiene.,Vaccination et hygiène.,疫苗接种和卫生管理。,Vacunación e higiene.,Pagbabakuna at sanitasyon.,Tiêm phòng và vệ sinh.,การฉีดวัคซีนและสุขอนามัย,Vacinação e higiene.,टीकाकरण और स्वच्छता।,Chanjo na usafi.,Vaksinasi dan kebersihan.,Vaksinasyon ak ijyèn.,ကာကွယ်ဆေးထိုးခြင်းနှင့် တစ်ကိုယ်ရေသန့်ရှင်းမှု။
dis_teschen,main,Teschen/Talfan Disease,Maladie de Teschen/Talfan,泰舍恩/塔耳凡病,Enfermedad de Teschen/Talfan,Teschen/Talfan Disease,Bệnh Teschen/Talfan,โรคเทสเชน/ทาลแฟน (Teschen/Talfan),Doença de Teschen/Talfan,टेशन रोग (Teschen Disease),Ugonjwa wa Teschen/Talfan,Penyakit Teschen/Talfan,Maladi Teschen/Talfan,Teschen/Talfan ရောဂါ
dis_teschen_desc,main,Viral infection of the nervous system.,Infection virale du système nerveux.,神经系统的病毒性感染。,Infección viral del sistema nervioso.,Viral na impeksyon sa nerbyos.,Nhiễm virus ở hệ thần kinh.,การติดเชื้อไวรัสในระบบประสาท,Infección viral do sistema nervoso.,तंत्रिका तंत्र का वायरल संक्रमण।,Maambukizi ya virusi ya mfumo wa neva.,Infeksi virus pada sistem saraf.,Enfeksyon viral nan sistèm nève a.,အာရုံကြောစနစ်၏ဗိုင်းရပ်စ်ကူးစက်မှု။
dis_teschen_prev,main,Biosecurity.,Biosécurité.,生物安全措施。,Bioseguridad.,Biosecurity.,An toàn sinh học.,ความปลอดภัยทางชีวภาพ,Biosseguridade.,जैव सुरक्षा।,Usalama wa viumbe.,Keamanan hayati.,Biosekirite.,ဇီဝလုံခြုံရေး။
dis_vesicular,main,Swine Vesicular Disease,Maladie vésiculeuse du porc,猪水疱病,Enfermedad Vesicular Porcina,Swine Vesicular Disease,Bệnh mụn nước ở heo,โรคไวรัสพุพองในสุกร (SVD),Doença Vesicular Suína,स्वाइन वेसिकलर डिजीज,Ugonjwa wa Vesicular ya Nguruwe,Penyakit Vesikular Babi,Maladi vesikulè kochon,Swine Vesicular Disease
dis_vesicular_desc,main,Viral disease mimicking FMD.,Maladie virale imitant la FA.,模拟口蹄疫的病毒性疾病。,Enfermedad viral que imita a la FA.,Viral na sakit na kamukha ng FMD.,Bệnh virus có biểu hiện giống FMD.,โรคไวรัสที่มีลักษณะเลียนแบบ FMD,Doença viral que imita a febre aftosa.,FMD की नकल करने वाली वायरल बीमारी।,Ugonjwa wa virusi unaoiga FMD.,Penyakit virus meniru FMD.,Maladi viral ki imite FMD.,FMD အတုခိုးဗိုင်းရပ်စ်ရောဂါ။
dis_vesicular_prev,main,Strict quarantine.,Quarantaine stricte.,严格隔离。,Cuarentena estricta.,Mahigpit na quarantine.,Cách ly nghiêm ngặt.,การกักกันโรคที่เข้มงวด,Quarentena rigorosa.,सख्त क्वारंटाइन।,Karantini kali.,Karantina yang ketat.,Karantin strik.,တင်းကျပ်စွာ သီးသန့်ခွဲထားသည်။
dis_melioidosis,main,Melioidosis,Mélioïdose,类鼻疽,Melioidosis,Melioidosis,Bệnh Melioidosis,โรคเมลิออยโดสิส,Melioidose,मेलिओइडोसिस (Melioidosis),Melioidosis,Melioidosis,Melyoidoz,Melioidosis
dis_melioidosis_desc,main,Bacterial disease from soil/water.,Maladie bactérienne provenant du sol/eau.,来自土壤/水的细菌性疾病。,Enfermedad bacteriana del suelo/agua.,Bakteryal na sakit mula sa lupa o tubig.,Bệnh vi khuẩn từ đất/nước.,โรคแบคทีเรียจากดินหรือน้ำ,Doença bacteriana proveniente do solo/água.,मिट्टी/पानी से होने वाला जीवाणु रोग।,Ugonjwa wa bakteria kutoka kwa udongo/maji.,Penyakit bakteri dari tanah/air.,Maladi bakteri ki soti nan tè/dlo.,မြေ/ရေမှ ဘက်တီးရီးယားရောဂါ။
dis_melioidosis_prev,main,Clean water and hygiene.,Eau propre et hygiène.,清洁饮水和卫生管理。,Agua limpia e higiene.,Malinis na tubig at sanitasyon.,Nước sạch và vệ sinh.,น้ำดื่มที่สะอาดและสุขอนามัย,Água limpa e higiene.,साफ पानी और स्वच्छता।,Maji safi na usafi.,Air bersih dan higienis.,Dlo pwòp ak ijyèn.,ရေသန့်သန့်။
dis_trypanosomiasis,main,Trypanosomiasis,Trypanosomiase,锥虫病,Tripanossomíase,Trypanosomiase,Bệnh tiêm mao trùng,โรคทริพานโซโซเมียสิส,Tripanossomíase,ट्रिपैनोसोमियासिस (Trypanosomiasis),Trypanosomiasis,Tripanosomiasis,Tripanosomyaz,Trypanosomiasis
dis_trypanosomiasis_desc,main,Protozoan disease spread by tsetse flies.,Maladie protozoaire propagée par les mouches tsé-tsé.,由采采蝇传播的寄生虫病。,Enfermedad protozoaria transmitida por la mosca tsetsé.,Sakit mula sa protozoa na dala ng mga langaw.,Bệnh do nguyên sinh động vật lây lan bởi ruồi tsetse.,โรคจากโปรโตซัวที่มีแมลงวันเซตซีเป็นพาหะ,Doença protozoária espalhada por moscas tsé-tsé.,त्सेत्से मक्खियों द्वारा फैलाया जाने वाला प्रोटोजोआ रोग।,Ugonjwa wa protozoa unaoenezwa na nzi tsetse.,Penyakit protozoa disebarkan oleh lalat tsetse.,Maladi pwotozo yo gaye pa mouch tse.,ယင်ကောင်များမှ ပရိုတိုဇန်းရောဂါ။
dis_trypanosomiasis_prev,main,Fly control and medication.,Contrôle des mouches et médication.,控制苍蝇和药物治疗。,Control de moscas y medicación.,Pagkontrol sa langaw at gamutan.,Kiểm soát ruồi và dùng thuốc.,การควบคุมแมลงวันและยา,Controle de moscas e medicação.,मक्खी नियंत्रण और दवा।,Udhibiti wa kuruka na dawa.,Pengendalian lalat dan pengobatan.,Kontwòl vole ak medikaman.,ပျံကျထိန်းချုပ်ဆေး။
dis_cysticercosis,main,Cysticercosis,Cysticercose,囊尾蚴病 (米猪肉),Cisticercosis,Cysticercosis (Katiuri),Bệnh lợn gạo (Sán dây),โรคพยาธิตืดหมู (Cysticercosis),Cisticercose Suína,सिस्टिसरकोसिस (Cysticercosis),Cysticercosis,Sistiserkosis,Sisticerkoz,Cysticercosis
dis_cysticercosis_desc,main,Larval stage of human tapeworm in pig muscle.,Stade larvaire du ténia humain dans le muscle du porc.,人类绦虫在猪肌肉中的幼虫阶段。,Etapa larvaria de la tenia humana en el músculo del cerdo.,Larva ng bulate ng tao sa loob ng laman ng baboy.,Giai đoạn ấu trùng của sán dây người trong cơ heo.,ตัวอ่อนของพยาธิตืดในกล้ามเนื้อสุกร,Estágio larval da tênia humana no músculo do porco.,सूअर की मांसपेशियों में मानव टैपवार्म का लार्वा।,Hatua ya mabuu ya minyoo ya binadamu katika misuli ya nguruwe.,Tahap larva cacing pita manusia pada otot babi.,Etap lav nan tenya imen nan misk kochon.,ဝက်ကြွက်သားရှိ လူသန်ကောင်၏ သားလောင်းအဆင့်။
dis_cysticercosis_prev,main,Prevent access to human waste.,Empêcher l'accès aux déchets humains.,防止猪接触人类粪便。,Evitar el acceso a desechos humanos.,Iwasang makakain ng dumi ng tao ang baboy.,Ngăn chặn heo tiếp xúc với chất thải của người.,ป้องกันสุกรเข้าถึงสิ่งปฏิกูลของมนุษย์,Impedir o acesso a dejetos humanos.,सूअरों को मानव मल तक पहुंचने से रोकें।,Kuzuia upatikanaji wa taka za binadamu.,Cegah akses terhadap kotoran manusia.,Anpeche aksè nan fatra moun.,လူ့စွန့်ပစ်ပစ္စည်းများ ဝင်ရောက်ခြင်းမှ တားဆီးခြင်း။
dis_toxoplasmosis,main,Toxoplasmosis,Toxoplasmose,弓形虫病,Toxoplasmosis,Toxoplasmosis,Bệnh Toxoplasma,โรคท็อกโซพลาสโมซิส,Toxoplasmose,टोक्सोप्लाज्मोसिस (Toxoplasmosis),Toxoplasmosis,Toksoplasmosis,Toxoplasmoz,Toxoplasmosis
dis_toxoplasmosis_desc,main,Zoonotic protozoan infection.,Infection protozoaire zoonotique.,人畜共患的寄生虫感染。,Infección protozoaria zoonótica.,Impeksyon mula sa protozoa na nakukuha sa pusa.,Nhiễm trùng do nguyên sinh động vật.,การติดเชื้อโปรโตซัวจากแมวสู่สัตว์,Infeção protozoária zoonótica.,बिल्लियों से फैलने वाला संक्रामक रोग।,Maambukizi ya protozoa ya zoonotic.,Infeksi protozoa zoonosis.,Enfeksyon protozoan zoonotik.,Zoonotic protozoan ကူးစက်မှု။
dis_toxoplasmosis_prev,main,Cat control and biosecurity.,Contrôle des chats et biosécurité.,控制猫进入猪场和生物安全。,Control de gatos y bioseguridad.,Pagkontrol sa pusa at biosecurity.,Kiểm soát mèo và an toàn sinh học.,การควบคุมแมวและความปลอดภัยทางชีวภาพ,Controle de gatos e biosseguridade.,बिल्ली नियंत्रण और जैव सुरक्षा।,Udhibiti wa paka na usalama wa viumbe hai.,Pengendalian kucing dan biosekuriti.,Kontwòl chat ak biosekirite.,ကြောင်ထိန်းချုပ်မှုနှင့် ဇီဝလုံခြုံရေး။
dis_listeriosis,main,Listeriosis,Listériose,李氏杆菌病,Listeriosis,Listeriosis,Bệnh Listeria,โรคลิสทีเรีย (Listeriosis),Listeriose,लिस्टरियोसिस (Listeriosis),Listeriosis,Listeriosis,Listeryoz,Listeriosis
dis_listeriosis_desc,main,Bacterial infection of nervous system.,Infection bactérienne du système nerveux.,神经系统的细菌感染。,Infección bacteriana del sistema nervioso.,Bakteryal na impeksyon sa nerbyos.,Nhiễm khuẩn hệ thần kinh.,การติดเชื้อแบคทีเรียในระบบประสาท,Infeção bacteriana do sistema nervoso.,तंत्रिका तंत्र का जीवाणु संक्रमण।,Maambukizi ya bakteria ya mfumo wa neva.,Infeksi bakteri pada sistem saraf.,Enfeksyon bakteri nan sistèm nève a.,အာရုံကြောစနစ်၏ဘက်တီးရီးယားပိုးကူးစက်။
dis_listeriosis_prev,main,Sanitation and feed hygiene.,Assainissement et hygiène des aliments.,环境卫生和饲料卫生。,Saneamiento e higiene de los alimentos.,Sanitasyon at kalinisan ng pagkain.,Vệ sinh môi trường và thức ăn.,การสุขาภิบาลและสุขอนามัยของอาหาร,Higiene ambiental e da ração.,स्वच्छता और चारे की शुद्धता।,Usafi wa mazingira na usafi wa malisho.,Sanitasi dan kebersihan pakan.,Sanitasyon ak ijyèn manje.,အညစ်အကြေး သန့်ရှင်းရေး နှင့် အစာကျွေးခြင်း။
dis_ear_necrosis,main,Ear Necrosis,Nécrose de l'oreille,耳朵坏死,Necrosis de la Oreja,Ear Necrosis,Hoại tử tai,หูตาย (Ear Necrosis),Necrose de Orelha,कान का गलना (Ear Necrosis),Necrosis ya sikio,Nekrosis Telinga,Necrosis nan zòrèy,နား Necrosis
dis_ear_necrosis_desc,main,"Often caused by stress, overcrowding, or infection.","Souvent causée par le stress, le surpeuplement ou l'infection.",通常由应激、过度拥挤或感染引起。,"A menudo causada por estrés, hacinamiento o infección.","Madalas dulot ng stress, siksikan, o impeksyon.","Thường do stress, nuôi quá dày hoặc nhiễm trùng.",มักเกิดจากความเครียด การอยู่หนาแน่นเกินไป หรือการติดเชื้อ,"Muitas vezes causada por estresse, superlotação ou infeção.","अक्सर तनाव, अधिक भीड़ या संक्रमण के कारण होता है।","Mara nyingi husababishwa na dhiki, msongamano, au maambukizi.","Seringkali disebabkan oleh stres, kepadatan penduduk, atau infeksi.","Souvan koze pa estrès, twòp moun, oswa enfeksyon.",ဖိစီးမှု၊ လူများလွန်းခြင်း သို့မဟုတ် ကူးစက်ရောဂါကြောင့် ဖြစ်တတ်သည်။
dis_ear_necrosis_prev,main,Reduce density and treat secondary infection.,Réduire la densité et traiter l'infection secondaire.,降低饲养密度并治疗继发感染。,Reducir la densidad y tratar la infección secundaria.,Bawasan ang siksikan at gamutin ang impeksyon.,Giảm mật độ nuôi và điều trị nhiễm trùng thứ phát.,ลดความหนาแน่นและรักษาการติดเชื้อแทรกซ้อน,Reduzir densidade e tratar infeção secundária.,भीड़ कम करें और संक्रमण का इलाज करें।,Kupunguza wiani na kutibu maambukizi ya sekondari.,Kurangi kepadatan dan obati infeksi sekunder.,Diminye dansite ak trete enfeksyon segondè.,သိပ်သည်းဆကို လျှော့ချပြီး ဒုတိယကူးစက်မှုကို ကုသပါ။
dis_sunburn,main,Sunburn,Coup de soleil,晒伤,Quemadura Solar,Sunburn,Cháy nắng,ผิวไหม้แดด,Queimadura Solar,धूप से झुलसना,Kuchomwa na jua,Terbakar sinar matahari,Sunburn,နေလောင်ခြင်း။
dis_sunburn_desc,main,Affects white-skinned pigs outdoors.,Affecte les porcs à peau blanche en extérieur.,影响户外饲养的白皮猪。,Afecta a cerdos de piel blanca en exteriores.,Nakakaapekto sa mga puting baboy na nasa labas.,Ảnh hưởng đến heo trắng nuôi ngoài trời.,ส่งผลกระทบต่อสุกรผิวขาวที่เลี้ยงกลางแจ้ง,Afeta porcos de pele branca criados ao ar livre.,बाहर रहने वाले सफेद चमड़ी वाले सूअरों को प्रभावित करता है।,Huathiri nguruwe wenye ngozi nyeupe nje.,Menyerang babi berkulit putih di luar ruangan.,Afekte kochon po blan deyò.,အပြင်မှာ အသားဖြူတဲ့ဝက်တွေကို ထိခိုက်စေတယ်။
dis_sunburn_prev,main,Provide shade.,Fournir de l'ombre.,提供遮荫。,Proporcionar sombra.,Maglagay ng silong.,Cung cấp bóng mát.,จัดหาที่ร่มให้สัตว์,Fornecer sombra.,छाया की व्यवस्था करें।,Kutoa kivuli.,Berikan keteduhan.,Bay lonbraj.,အရိပ်ပေး။
dis_tail_biting,main,Tail Biting,Morsure de queue,咬尾,Mordedura de Cola,Tail Biting,Cắn đuôi,พฤติกรรมกัดหาง,Mordedura de Cauda (Canibalismo),पूंछ काटना (Tail Biting),Kuuma Mkia,Menggigit Ekor,Ke mòde,အမြီးကိုက်ခြင်း။
dis_tail_biting_desc,main,Behavioral issue due to stress/boredom.,Problème comportemental dû au stress/ennui.,应激/无聊引起的行为问题。,Problema de comportamiento debido al estrés/aburrimiento.,Problema sa ugali dahil sa stress o pagkabagot.,Vấn đề hành vi do stress hoặc buồn chán.,ปัญหาพฤติกรรมเนื่องจากความเครียดหรือความเบื่อหน่าย,Problema comportamental devido a estresse/tédio.,तनाव/बोरियत के कारण व्यवहार संबंधी समस्या।,Suala la kitabia kutokana na msongo wa mawazo/kuchoshwa.,Masalah perilaku karena stres/kebosanan.,Pwoblèm konpòtman akòz estrès / annwi.,စိတ်ဖိစီးမှု/ ပျင်းခြင်းကြောင့် အပြုအမူဆိုင်ရာ ပြဿနာ။
dis_tail_biting_prev,main,Reduce stress and enrich environment.,Réduire le stress et enrichir l'environnement.,减少应激和丰富环境。,Reducir el estrés y enriquecer el medio ambiente.,Bawasan ang stress at ayusin ang kulungan.,Giảm stress và làm phong phú môi trường.,ลดความเครียดและเพิ่มสิ่งแวดล้อมที่กระตุ้นสัตว์,Reduzir estresse e enriquecer o ambiente.,तनाव कम करें और वातावरण में सुधार करें।,Kupunguza shinikizo na kuboresha mazingira.,Mengurangi stres dan memperkaya lingkungan.,Diminye estrès ak anrichi anviwònman an.,စိတ်ဖိစီးမှုကို လျှော့ချပြီး ပတ်ဝန်းကျင်ကို ကြွယ်ဝစေပါတယ်။
dis_navel_ill,main,Navel Ill,Infection de l'ombilic (Navel Ill),脐炎,Infección del Ombligo (Navel Ill),Navel Ill,Viêm rốn (Navel Ill),โรคสะดืออักเสบ (Navel Ill),Onfalite (Infeção de Umbigo),नाभि का संक्रमण (Navel Ill),Ugonjwa wa Kitovu,sakit pusar,Lonbrit malad,Navel Ill
dis_navel_ill_desc,main,Infection of the umbilical cord at birth.,Infection du cordon ombilical à la naissance.,出生时脐带感染。,Infección del cordón umbilical al nacer.,Impeksyon sa pusod pagkapanganak.,Nhiễm trùng dây rốn khi sinh.,การติดเชื้อที่สายสะดือเมื่อแรกเกิด,Infeção do cordão umbilical ao nascimento.,जन्म के समय गर्भनाल का संक्रमण।,Kuambukizwa kwa kitovu wakati wa kuzaliwa.,Infeksi tali pusat saat lahir.,Enfeksyon nan kòd lonbrit la nan nesans.,မွေးစတွင် ချက်ကြိုး ပိုးဝင်ခြင်း။
dis_navel_ill_prev,main,Iodine dip at birth and sanitation.,Trempage à l'iode à la naissance et assainissement.,出生时脐带消毒和环境卫生。,Desinfección con yodo al nacer y saneamiento.,Paglagay ng iodine sa pusod at sanitasyon.,Sát trùng rốn bằng cồn i-ốt khi sinh và giữ vệ sinh.,จุ่มไอโอดีนที่สะดือเมื่อแรกเกิดและสุขอนามัย,Imersão em iodo ao nascimento e higiene.,जन्म के समय आयोडीन का प्रयोग और स्वच्छता।,Iodini dip wakati wa kuzaliwa na usafi wa mazingira.,Pencelupan yodium saat lahir dan sanitasi.,Yòd plonje nan nesans ak sanitasyon.,မွေးစတွင် အိုင်အိုဒင်းနစ်၍ အညစ်အကြေးစွန့်ပါ။
dis_iron_toxicity,main,Iron Toxicity,Toxicité ferrique,铁中毒,Toxicidad por Hierro,Iron Toxicity,Ngộ độc sắt,พิษจากธาตุเหล็ก,Toxicidade por Ferro,आयरन विषाक्तता,Sumu ya Chuma,Toksisitas Besi,Toksisite Iron,သံဓာတ် အဆိပ်သင့်မှု
dis_iron_toxicity_desc,main,Can occur if iron is injected into Vit E deficient piglets.,Peut survenir si le fer est injecté à des porcelets carencés en Vit E.,可能发生于向维生素 E 缺乏的仔猪注射铁剂时。,Puede ocurrir si se inyecta hierro a lechones deficientes en Vit E.,Maaaring mangyari kung iniksyunan ng iron ang biik na kulang sa Vit E.,Có thể xảy ra nếu tiêm sắt cho heo con thiếu Vitamin E.,เกิดขึ้นได้หากฉีดธาตุเหล็กให้ลูกสุกรที่ขาดวิตามินอี,Pode ocorrer se o ferro for injetado em leitões deficientes em Vit E.,यदि विटामिन ई की कमी वाले पिगलेट्स को आयरन दिया जाए तो हो सकता है।,Inaweza kutokea ikiwa madini ya chuma yatadungwa ndani ya nguruwe wenye upungufu wa Vit E.,Dapat terjadi jika zat besi disuntikkan pada anak babi yang kekurangan Vit E.,Kapab rive si yo enjekte fè nan porsele ki pa gen Vit E.,သံဓာတ်အား Vit E ချို့တဲ့သော ၀က်ကလေးများတွင် သံဓာတ် ထိုးသွင်းပါက ဖြစ်ပွားနိုင်သည်။
dis_iron_toxicity_prev,main,Ensure sow diet is balanced.,Assurer une alimentation équilibrée de la truie.,确保母猪日粮营养平衡。,Asegurar que la dieta de la cerda esté equilibrada.,Siguruhing balanse ang pagkain ng inahin.,Đảm bảo khẩu phần ăn của nái cân bằng.,ตรวจสอบว่าอาหารแม่สุกรมีความสมดุล,Garantir que a dieta da porca esteja equilibrada.,सुनिश्चित करें कि मादा सूअर का आहार संतुलित हो।,Hakikisha lishe ya nguruwe ina usawa.,Pastikan pola makan babi seimbang.,Asire ke rejim simen an ekilibre.,မျိုးစေ့အစားအစာ မျှတမှုရှိစေရန် သေချာစေပါ။
training_title,main,TRAINING,FORMATION,培训,CAPACITACIÓN,PAGSASANAY,ĐÀO TẠO,การฝึกอบรม,TREINAMENTO,प्रशिक्षण,MAFUNZO,PELATIHAN,FÒMASYON,လေ့ကျင့်ရေး
quick_farming_tips,main,Quick Farming Tips,Conseils Rapides d'Élevage,快速养殖技巧,Consejos Rápidos de Cría,Mabilis na Tips sa Pag-aalaga,Mẹo Chăn Nuôi Nhanh,เคล็ดลับการทำฟาร์มด่วน,Dicas Rápidas de Criação,त्वरित खेती के टिप्स,Vidokezo vya Kilimo Haraka,Tips Bertani Cepat,Konsèy Agrikilti rapid,အမြန်စိုက်ပျိုးနည်းများ
video_tutorials,main,Video Tutorials,Tutoriels Vidéo,视频教程,Tutoriales en Vídeo,Mga Tutorial sa Video,Hướng Dẫn Video,วิดีโอสอนการใช้งาน,Tutoriais em Vídeo,वीडियो ट्यूटorial,Mafunzo ya Video,Video Tutorial,Didacticiel Videyo,ဗီဒီယို ကျူတိုရီရယ်များ
tip_1_title,main,Feeding Strategy,Stratégie d'Alimentation,喂养策略,Estrategia de Alimentación,Estratehiya sa Pagpapakain,Chiến Lược Cho Ăn,กลยุทธ์การให้อาหาร,Estratégia de Alimentação,खिलाने की रणनीति,Mkakati wa Kulisha,Strategi Pemberian Makan,Estrateji manje,အစာကျွေးခြင်းဆိုင်ရာ ဗျူဟာ
tip_1_content,main,High-quality feed is essential. Ensure pigs have constant access to fresh water and balanced nutrition tailored to their growth stage.,Une alimentation de haute qualité est essentielle. Assurez-vous que les porcs ont un accès constant à de l'eau fraîche et à une nutrition équilibrée adaptée à leur stade de croissance.,高品质饲料至关重要。确保生猪能够持续获得新鲜饮水和根据其生长阶段定制的均衡营养。,El alimento de alta calidad es esencial. Asegúrese de que los cerdos tengan acceso constante a agua fresca y una nutrición equilibrada adaptada a su etapa de crecimiento.,Mahalaga ang de-kalidad na pakain. Siguraduhing laging may malinis na tubig ang mga baboy at balanseng nutrisyon na angkop sa kanilang paglaki.,Thức ăn chất lượng cao là thiết yếu. Đảm bảo lợn luôn được tiếp cận với nước sạch và dinh dưỡng cân bằng phù hợp với từng giai đoạn phát triển.,อาหารคุณภาพสูงเป็นสิ่งจำเป็น ตรวจสอบให้แน่ใจว่าสุกรสามารถเข้าถึงน้ำสะอาดและโภชนาการที่สมดุลซึ่งปรับให้เหมาะกับช่วงการเจริญเติบโตได้อย่างต่อเนื่อง,Ração de alta qualidade é essencial. Garanta que os porcos tenham acesso constante a água fresca e nutrição equilibrada adaptada ao seu estágio de crescimento.,उच्च गुणवत्ता वाला चारा आवश्यक है। सुनिश्चित करें कि सूअरों को ताजे पानी और उनके विकास के चरण के अनुरूप संतुलित पोषण की निरंतर पहुंच मिले।,Chakula cha ubora wa juu ni muhimu. Hakikisha nguruwe wanapata maji safi mara kwa mara na lishe bora inayolingana na hatua yao ya ukuaji.,Pakan berkualitas tinggi sangat penting. Pastikan babi memiliki akses konstan terhadap air bersih dan nutrisi seimbang yang disesuaikan dengan tahap pertumbuhannya.,Manje bon jan kalite esansyèl. Asire kochon yo gen aksè konstan a dlo fre ak nitrisyon ekilibre ki adapte a etap kwasans yo.,အရည်အသွေးမြင့် အစားအစာသည် မရှိမဖြစ်လိုအပ်ပါသည်။ ဝက်များသည် ၎င်းတို့၏ကြီးထွားမှုအဆင့်နှင့် အံဝင်ခွင်ကျဖြစ်စေသော ရေချိုနှင့် မျှတသောအာဟာရကို အဆက်မပြတ်ရရှိစေရန် သေချာစေပါ။
tip_2_title,main,Disease Prevention,Prévention des Maladies,疾病预防,Prevención de Enfermedades,Pag-iwas sa Sakit,Phòng Chống Dịch Bệnh,การป้องกันโรค,Prevenção de Doenças,रोग की रोकथाम,Kuzuia Magonjwa,Pencegahan Penyakit,Prevansyon Maladi,ရောဂါကာကွယ်ရေး
tip_2_content,main,"Biosecurity is key. Limit visitors, provide footbaths, and maintain a strict vaccination schedule with your veterinarian.","La biosécurité est la clé. Limitez les visiteurs, fournissez des bains de pieds et maintenez un programme de vaccination strict avec votre vétérinaire.",生物安全是关键。限制访客，提供消毒足浴，并与您的兽医一起维持严格的疫苗接种计划。,"La bioseguridad es clave. Limite las visitas, proporcione pediluvios y mantenga un calendario de vacunación estricto con su veterinario.","Susi ang biosecurity. Limitahan ang mga bisita, magbigay ng footbath, at panatilihin ang mahigpit na iskedyul ng bakuna kasama ang iyong beterinaryo.","An toàn sinh học là chìa khóa. Hạn chế khách tham quan, cung cấp bồn ngâm chân và duy trì lịch tiêm phòng nghiêm ngặt với bác sĩ thú y của bạn.",ความปลอดภัยทางชีวภาพเป็นกุญแจสำคัญ จำกัดผู้เข้าชม จัดให้มีอ่างล้างเท้า และรักษาตารางการฉีดวัคซีนที่เข้มงวดร่วมกับสัตวแพทย์ของคุณ,"A biossegurança é fundamental. Limite os visitantes, forneça pedilúvios e mantenha um cronograma rígido de vacinação com seu veterinário.","जैव सुरक्षा महत्वपूर्ण है। आगंतुकों को सीमित करें, फुटबाथ प्रदान करें, और अपने पशु चिकित्सक के साथ एक सख्त टीकाकरण कार्यक्रम बनाए रखें।","Usalama wa viumbe ni muhimu. Punguza wageni, toa bafu kwa miguu, na udumishe ratiba kali ya chanjo na daktari wako wa mifugo.","Keamanan hayati adalah kuncinya. Batasi pengunjung, sediakan tempat mandi kaki, dan pertahankan jadwal vaksinasi yang ketat dengan dokter hewan Anda.","Biosekirite se kle. Limite vizitè yo, bay footbath, epi kenbe yon orè vaksinasyon strik ak veterinè ou.",ဇီဝလုံခြုံရေးက အဓိကပါ။ ဧည့်သည်များကို ကန့်သတ်ပါ၊ ခြေထောက်ဖြင့် ရေချိုးပေးခြင်းနှင့် သင့်တိရစ္ဆာန်ဆေးကုဆရာဝန်နှင့် တင်းကျပ်သော ကာကွယ်ဆေးထိုးသည့်အချိန်ဇယားကို ထိန်းသိမ်းပါ။
tip_3_title,main,Piglet Care,Soins aux Porcelets,仔猪护理,Cuidado de Lechones,Pag-aalaga sa Mga Tutu,Chăm Sóc Lợn Con,การดูแลลูกสุกร,Cuidados com Leitões,पिगलेट की देखभाल,Utunzaji wa Nguruwe,Perawatan Anak Babi,Swen Piglet,ဝက်ကလေး စောင့်ရှောက်မှု
tip_3_content,main,Keep newborn piglets warm and ensure they receive colostrum within the first few hours of birth to build immunity.,Gardez les porcelets nouveau-nés au chaud et assurez-vous qu'ils reçoivent du colostrum dans les premières heures de la naissance pour renforcer leur immunité.,保持新生仔猪温暖，并确保它们在出生后的最初几个小时内获得初乳以建立免疫力。,Mantenga calientes a los lechones recién nacidos y asegúrese de que reciban calostro durante las primeras horas de vida para desarrollar inmunidad.,Panatilihing mainit ang mga bagong panganak na tutu at siguraduhing makakuha sila ng colostrum sa loob ng unang ilang oras ng kapanganakan para sa resistensya.,Giữ ấm cho lợn con mới sinh và đảm bảo chúng nhận được sữa đầu trong vòng vài giờ đầu sau khi sinh để xây dựng khả năng miễn dịch.,ทำให้ลูกสุกรแรกเกิดอบอุ่นและให้แน่ใจว่าได้รับนมน้ำเหลืองภายในไม่กี่ชั่วโมงแรกของการเกิดเพื่อสร้างภูมิคุ้มกัน,Mantenha os leitões recém-nascidos aquecidos e garanta que recebam colostro nas primeiras horas de vida para criar imunidade.,नवजात पिगलेट को गर्म रखें और सुनिश्चित करें कि उन्हें प्रतिरक्षा बनाने के लिए जन्म के पहले कुछ घंटों के भीतर कोलोस्ट्रม मिले।,Wawekee joto watoto wachanga na hakikisha wanapokea kolostramu ndani ya saa chache za kwanza baada ya kuzaliwa ili kujenga kinga.,Jaga agar anak babi yang baru lahir tetap hangat dan pastikan mereka menerima kolostrum dalam beberapa jam pertama setelah lahir untuk membangun kekebalan.,Kenbe ti porsele ki fèk fèt yo cho epi asire yo resevwa kolostrom nan premye èdtan yo nan nesans yo pou bati iminite.,မွေးကင်းစ ဝက်ကလေးများကို နွေးထွေးစေပြီး ကိုယ်ခံစွမ်းအားကို တည်ဆောက်ရန်အတွက် မွေးစပထမနာရီအနည်းငယ်အတွင်း နို့ရည်ကြည်ရရှိစေရန် သေချာစေပါ။
tip_4_title,main,Waste Management,Gestion des Déchets,废物管理,Gestión de Residuos,Pamamahala ng Basura,Quản Lý Chất Thải,การจัดการของเสีย,Gestão de Resíduos,अपशिष्ट प्रबंधन,Usimamizi wa Taka,Pengelolaan sampah,Jesyon fatra,အမှိုက်စီမံခန့်ခွဲမှု
tip_4_content,main,Proper manure handling prevents odor and disease. Consider composting or using waste as fertilizer for crops.,Une manipulation appropriée du fumier prévient les odeurs et les maladies. Envisagez le compostage ou l'utilisation des déchets comme engrais pour les cultures.,适当的粪便处理可防止异味和疾病。考虑进行堆肥或将废物用作农作物的肥料。,El manejo adecuado del estiércol previene el olor y las enfermedades. Considere el compostaje o el uso de residuos como fertilizante para los cultivos.,Ang tamang paghawak sa dumi ay nakakaiwas sa amoy at sakit. Isaalang-alang ang pagko-compost o paggamit ng dumi bilang abono sa mga pananim.,Xử lý phân đúng cách giúp ngăn ngừa mùi hôi và dịch bệnh. Cân nhắc ủ phân hoặc sử dụng chất thải làm phân bón cho cây trồng.,การจัดการมูลสุกรอย่างเหมาะสมช่วยป้องกันกลิ่นและโรค พิจารณาการทำปุ๋ยหมักหรือใช้ของเสียเป็นปุ๋ยสำหรับพืชผล,O manuseio adequado do esterco evita odores e doenças. Considere a compostagem ou o uso de resíduos como fertilizante para as plantações.,उचित खाद प्रबंधन गंध और बीमारी को रोकता है। खाद बनाने या फसलों के लिए उर्वरक के रूप में कचरे का उपयोग करने पर विचार करें।,Utunzaji sahihi wa samadi huzuia harufu na magonjwa. Fikiria kuweka mboji au kutumia taka kama mbolea ya mazao.,Penanganan kotoran yang tepat dapat mencegah bau dan penyakit. Pertimbangkan untuk membuat kompos atau menggunakan sampah sebagai pupuk untuk tanaman.,Bon manyen fimye anpeche odè ak maladi. Konsidere konpostaj oswa itilize fatra kòm angrè pou rekòt.,မြေဩဇာကို မှန်ကန်စွာ ကိုင်တွယ်ခြင်းသည် အနံ့ဆိုးနှင့် ရောဂါများကို ကာကွယ်ပေးသည်။ သီးနှံများအတွက် မြေဆွေး သို့မဟုတ် အမှိုက်များကို မြေသြဇာအဖြစ် အသုံးပြုရန် စဉ်းစားပါ။
tip_5_title,main,Record Keeping,Tenue de Registres,记录保存,Mantenimiento de Registros,Pagtatala ng mga Rekord,Ghi Chép Hồ Sơ,การบันทึกข้อมูล,Manutenção de Registros,रिकॉर्ड कीपिंग,Utunzaji wa Rekodi,Pencatatan,Konsèvasyon Dosye,မှတ်တမ်းထားရှိခြင်း။
tip_5_content,main,"Track growth, health, and financials meticulously to identify trends and improve farm profitability.","Suivez méticuleusement la croissance, la santé et les finances pour identifier les tendances et améliorer la rentabilité de la ferme.",细致地跟踪生长、健康和财务状况，以识别趋势并提高农场盈利能力。,"Realice un seguimiento meticuloso del crecimiento, la salud y las finanzas para identificar tendencias y mejorar la rentabilidad de la granja.","I-track nang maigi ang paglaki, kalusugan, at pananalapi upang matukoy ang mga trend at mapabuti ang kita ng sakahan.","Theo dõi tỉ mỉ sự tăng trưởng, sức khỏe và tài chính để xác định xu hướng và cải thiện lợi nhuận của trang trại.",ติดตามการเจริญเติบโต สุขภาพ และการเงินอย่างพิถีพิถันเพื่อระบุแนวโน้มและปรับปรุงผลกำไรของฟาร์ม,"Acompanhe o crescimento, a saúde e as finanças meticulosamente para identificar trends e melhorar a lucratividade da fazenda.","रुझानों की पहचान करने और खेत की लाभप्रदता में सुधार करने के लिए विकास, स्वास्थ्य और वित्तीय स्थिति को सावधानीपूर्वक ट्रैक करें।","Fuatilia ukuaji, afya na fedha kwa uangalifu ili kutambua mienendo na kuboresha faida ya shamba.","Lacak pertumbuhan, kesehatan, dan keuangan dengan cermat untuk mengidentifikasi tren dan meningkatkan profitabilitas pertanian.","Swiv kwasans, sante, ak finansye ak metikul pou idantifye tandans ak amelyore rentabilité fèm.",ခေတ်ရေစီးကြောင်းများကို ခွဲခြားသတ်မှတ်ရန်နှင့် လယ်ယာအမြတ်အစွန်းကို မြှင့်တင်ရန် ကြီးထွားမှု၊ ကျန်းမာရေးနှင့် ငွေကြေးများကို ဂရုတစိုက် ခြေရာခံပါ။
video_1_title,main,Modern Pig Farming Basics,Bases de l'Élevage de Porcs Moderne,现代生猪养殖基础,Conceptos Básicos de la Porcicultura Moderna,Mga Pangunahing Kaalaman sa Modernong Pagbababuyan,Cơ Bản Về Chăn Nuôi Lợn Hiện Đại,พื้นฐานการเลี้ยงสุกรสมัยใหม่,Fundamentos da Suinocultura Moderna,आधुनिक सुअर पालन की मूल बातें,Misingi ya Kisasa ya Ufugaji wa Nguruwe,Dasar-dasar Peternakan Babi Modern,Modèn Pig Farming Basics,ခေတ်မီဝက်မွေးမြူရေးအခြေခံများ
video_2_title,main,Advanced Feeding Guide,Guide d'Alimentation Avancé,高级喂养指南,Guía de Alimentación Avanzada,Advanced na Gabay sa Pagpapakain,Hướng Dẫn Cho Ăn Nâng Cao,คู่มือการให้อาหารขั้นสูง,Guia de Alimentação Avançada,उन्नत आहार गाइड,Mwongozo wa Juu wa Kulisha,Panduan Pemberian Makan Tingkat Lanjut,Gid Manje Avanse,အဆင့်မြင့် အစားအသောက်လမ်းညွှန်
video_3_title,main,Pig Housing Design,Conception de Logements pour Porcs,猪舍设计,Diseño de Alojamientos para Cerdos,Disenyo ng Kulungan ng Baboy,Thiết Kế Chuồng Trại,การออกแบบโรงเรือนสุกร,Projeto de Instalações para Porcos,सुअर आवास डिजाइन,Ubunifu wa Makazi ya Nguruwe,Desain Perumahan Babi,Konsepsyon Lojman Kochon,ဝက်အိမ်ဒီဇိုင်း
video_4_title,main,Health and Vaccination,Santé et Vaccination,健康与疫苗接种,Salud y Vacunación,Kalusugan at Pagbabakuna,Sức Khỏe và Tiêm Phòng,สุขภาพและการฉีดวัคซีน,Saúde e Vacinação,स्वास्थ्य और टीकाकरण,Afya na Chanjo,Kesehatan dan Vaksinasi,Sante ak Vaksinasyon,ကျန်းမာရေးနှင့် ကာကွယ်ဆေးထိုးခြင်း။
last_updated,main,Last Updated: %s,Dernière mise à jour : %s,最后更新：%s,Última actualización: %s,Huling Na-update: %s,Cập nhật lần cuối: %s,อัปเดตล่าสุด: %s,Última Atualização: %s,अंतिम अपडेट: %s,Ilisasishwa Mwisho: %s,Terakhir Diperbarui: %s,Dènye Mizajou: %s,နောက်ဆုံးမွမ်းမံမှု- %s
edit_profile_title,main,Edit Profile,Modifier le profil,编辑资料,Editar perfil,I-edit ang Profile,Chỉnh sửa hồ sơ,แก้ไขโปรไฟล์,Editar Perfil,प्रोफ़ाइल संपादित करें,Badilisha Wasifu,Sunting Profil,Edit Profile,Profile ကို တည်းဖြတ်ပါ။
save_changes,main,Save Changes,Enregistrer les modifications,保存更改,Guardar cambios,I-save ang mga Pagbabago,Lưu thay đổi,บันทึกการเปลี่ยนแปลง,Salvar Alterações,परिवर्तन सहेजें,Hifadhi Mabadiliko,Simpan Perubahan,Sove Chanjman yo,အပြောင်းအလဲများကို သိမ်းဆည်းပါ။
login_credentials,main,Login Credentials,Identifiants de connexion,登录凭据,Credenciales de inicio de sesión,Credentials sa Pag-login,Thông tin đăng nhập,ข้อมูลการเข้าสู่ระบบ,Credenciais de Login,लॉगिन क्रेडेंशियल,Kitambulisho cha Kuingia,Kredensial Masuk,Konekte kalifikasyon,အကောင့်ဝင်ခြင်းအထောက်အထားများ
new_password_hint,main,New Password (leave blank to keep current),Nouveau mot de passe (laisser vide pour conserver l'actuel),新密码（如不更改请留空）,Nueva contraseña (dejar en blanco para mantener la actual),Bagong Password (iwanang blangko kung hindi babaguhin),Mật khẩu mới (để trống nếu không đổi),รหัสผ่านใหม่ (ปล่อยว่างไว้หากไม่เปลี่ยน),Nova Senha (deixe em branco para manter a atual),नया पासवर्ड (वर्तमान रखने के लिए खाली छोड़ दें),Nenosiri Jipya (acha tupu ili kuweka la sasa),Kata Sandi Baru (biarkan kosong agar tetap terkini),Nouvo modpas (kite vid pou kenbe aktyèl),စကားဝှက်အသစ် (လက်ရှိနေရန် ကွက်လပ်ထားခဲ့ပါ)
confirm_new_password,main,Confirm New Password,Confirmer le nouveau mot de passe,确认新密码,Confirmar nueva contraseña,Kumpirmahin ang Bagong Password,Xác nhận mật khẩu mới,ยืนยันรหัสผ่านใหม่,Confirmar Nova Senha,नए पासवर्ड की पुष्टि करें,Thibitisha Nenosiri Jipya,Konfirmasi Kata Sandi Baru,Konfime Nouvo Modpas,စကားဝှက်အသစ်ကို အတည်ပြုပါ။
tos_acceptance_title,main,1. Acceptance of Terms,1. Acceptation des conditions,1. 接受条款,1. Aceptación de los términos,1. Pagtanggap sa mga Tuntunin,1. Chấp nhận các điều khoản,1. การยอมรับข้อกำหนด,1. Aceitação dos Termos,1. शर्तों की स्वीकृति,1. Kukubali Masharti,1. Penerimaan Persyaratan,1. Akseptasyon kondisyon yo,1. စည်းမျဥ်းများလက်ခံခြင်း။
tos_acceptance_content,main,"By accessing and using SmartSwine app, you agree to be bound by these Terms of Service. If you do not agree to these terms, please do not use the service.","En accédant à l'application SmartSwine et en l'utilisant, vous acceptez d'être lié par ces conditions d'utilisation. Si vous n'acceptez pas ces conditions, veuillez ne pas utiliser le service.",访问并使用 SmartSwine 应用，即表示您同意受这些服务条款的约束。如果您不同意这些条款，请不要使用该服务。,"Al acceder y utilizar la aplicación SmartSwine, usted acepta estar sujeto a estos Términos de servicio. Si no está de acuerdo con estos términos, no utilice el servicio.","Sa pag-access at paggamit ng SmartSwine app, sumasang-ayon kang maitali sa mga Tuntunin ng Serbisyo na ito. Kung hindi ka sumasang-ayon, mangyaring huwag gamitin ang serbisyo.","Bằng cách truy cập và sử dụng ứng dụng SmartSwine, bạn đồng ý tuân thủ các Điều khoản dịch vụ này. Nếu bạn không đồng ý, vui lòng không sử dụng dịch vụ.",โดยการเข้าถึงและใช้งานแอป SmartSwine คุณตกลงที่จะผูกพันตามข้อกำหนดการให้บริการเหล่านี้ หากคุณไม่ตกลง โปรดอย่าใช้บริการ,"Ao acessar e usar o aplicativo SmartSwine, você concorda em cumprir estes Termos de Serviço. Se você não concordar, por favor, não use o serviço.","SmartSwine ऐप का उपयोग करके, आप इन सेवा की शर्तों से सहमत होते हैं। यदि आप सहमत नहीं हैं, तो कृपया सेवा का उपयोग न करें।","Kwa kufikia na kutumia programu ya SmartSwine, unakubali kuwa chini ya Sheria na Masharti haya. Ikiwa hukubaliani na masharti haya, tafadhali usitumie huduma.","Dengan mengakses dan menggunakan aplikasi SmartSwine, Anda setuju untuk terikat dengan Ketentuan Layanan ini. Jika Anda tidak menyetujui ketentuan ini, mohon jangan menggunakan layanan ini.","Lè w gen aksè a epi itilize aplikasyon SmartSwine, ou dakò pou w respekte Kondisyon Sèvis sa yo. Si ou pa dakò ak kondisyon sa yo, tanpri pa sèvi ak sèvis la.",SmartSwine အက်ပ်ကို ဝင်ရောက်အသုံးပြုခြင်းဖြင့်၊ သင်သည် ဤဝန်ဆောင်မှုစည်းမျဥ်းစည်းကမ်းများဖြင့် ချည်နှောင်ရန် သဘောတူပါသည်။ ဤစည်းကမ်းချက်များကို သင်သဘောမတူပါက ဝန်ဆောင်မှုကို အသုံးမပြုပါနှင့်။
tos_description_title,main,2. Description of Service,2. Description du service,2. 服务说明,2. Descripción del servicio,2. Paglalarawan ng Serbisyo,2. Mô tả dịch vụ,2. คำอธิบายบริการ,2. Descrição do Serviço,2. सेवा का विवरण,2. Maelezo ya Huduma,2. Deskripsi Layanan,2. Deskripsyon Sèvis,2. ဝန်ဆောင်မှု၏ဖော်ပြချက်
tos_description_content,main,"""SmartSwine"" provides farm management tools including, but not limited to:\n• Herd tracking and health data.\n• Financial record keeping.\n• Human Resource management.\n• AI-assisted diagnostic suggestions.\n• Market access information.","""SmartSwine"" fournit des outils de gestion de ferme incluant, mais sans s'y limiter :\n• Suivi du troupeau et données de santé.\n• Tenue de registres financiers.\n• Gestion des ressources humaines.\n• Suggestions de diagnostic assistées par IA.\n• Informations sur l'accès au marché.","""SmartSwine"" 提供农场管理工具，包括但不限于：\n• 猪群追踪和健康数据。\n• 财务记录保存。\n• 人力资源管理。\n• AI 辅助诊断建议。\n• 市场准入信息。","""SmartSwine"" proporciona herramientas de gestión agrícola que incluyen, entre otras :\n• Seguimiento del ganado y datos de salud.\n• Mantenimiento de registros financieros.\n• Gestión de recursos humanos.\n• Sugerencias de diagnóstico asistidas por IA.\n• Información de acceso al mercado.","Ang ""SmartSwine"" ay nagbibigay ng mga tool sa pamamahala ng farm kabilang ang:\n• Pagsubaybay sa kawan at data ng kalusugan.\n• Pag-iingat ng rekord ng pinansyal.\n• Pamamahala ng Yamang Tao.\n• Mga mungkahi sa diagnosis na tinutulungan ng AI.\n• Impormasyon sa pag-access sa merkado.","""SmartSwine"" cung cấp các công cụ quản lý trang trại bao gồm:\n• Theo dõi đàn và dữ liệu sức khỏe.\n• Ghi chép hồ sơ tài chính.\n• Quản lý nhân sự.\n• Gợi ý chẩn đoán hỗ trợ bởi AI.\n• Thông tin tiếp cận thị trường.","""SmartSwine"" จัดหาเครื่องมือจัดการฟาร์มรวมถึง:\n• การติดตามฝูงสัตว์และข้อมูลสุขภาพ\n• การบันทึกข้อมูลการเงิน\n• การจัดการทรัพยากรบุคคล\n• คำแนะนำการวินิจฉัยโดย AI\n• ข้อมูลการเข้าถึงตลาด","""SmartSwine"" fornece ferramentas de gestão agrícola incluindo:\n• Rastreamento do rebanho e dados de saúde.\n• Registro de dados financeiros.\n• Gestão de Recursos Humanos.\n• Sugestões de diagnóstico assistidas por IA.\n• Informações de acesso ao mercado.","""SmartSwine"" फार्म प्रबंधन उपकरण प्रदान करता है जिसमें शामिल हैं:\n• झुंड ट्रैकिंग और स्वास्थ्य डेटा।\n• वित्तीय रिकॉर्ड रखना।\n• मानव संसाधन प्रबंधन।\n• AI-सहायता प्राप्त निदान सुझाव।\n• बाजार पहुंच की जानकारी।","""SmartSwine"" hutoa zana za usimamizi wa shamba ikijumuisha, lakini sio tu:\n• Ufuatiliaji wa mifugo na data ya afya.\n• Utunzaji wa rekodi za kifedha.\n• Usimamizi wa Rasilimali Watu.\n• Mapendekezo ya uchunguzi yanayosaidiwa na AI.\n• Maelezo ya ufikiaji wa soko.","""SmartSwine"" menyediakan alat pengelolaan peternakan termasuk, namun tidak terbatas pada:\n• Pelacakan kawanan dan data kesehatan.\n• Pencatatan keuangan.\n• Manajemen Sumber Daya Manusia.\n• Saran diagnostik yang dibantu AI.\n• Informasi akses pasar.","""SmartSwine"" bay zouti jesyon fèm ki gen ladan, men se pa sa sèlman:\n• Suivi bann bèt ak done sante.\n• Konsèvasyon dosye finansye.\n• Jesyon Resous Imèn.\n• Sijesyon dyagnostik ki ede AI.\n• Enfòmasyon sou aksè nan mache.","""SmartSwine"" သည်-\n• တိရစ္ဆာန်ခြေရာခံခြင်းနှင့် ကျန်းမာရေးဒေတာများအပါအဝင် လယ်ယာစီမံခန့်ခွဲရေးကိရိယာများကို အကန့်အသတ်မရှိ ပံ့ပိုးပေးပါသည်။\n• ငွေကြေးမှတ်တမ်းထိန်းသိမ်းခြင်း။\n• လူ့စွမ်းအားအရင်းအမြစ်စီမံခန့်ခွဲမှု။\n• AI-အကူအညီပေးသော ရောဂါရှာဖွေရေး အကြံပြုချက်များ။\n• စျေးကွက်ဝင်ရောက်ခွင့် အချက်အလက်။"
tos_data_privacy_title,main,3. Data Privacy & Cloud Backup,3. Confidentialité des données et sauvegarde cloud,3. 数据隐私与云端备份,3. Privacidad de datos y respaldo en la nube,3. Privacy ng Datos at Cloud Backup,3. Quyền riêng tư dữ liệu và Sao lưu đám mây,3. ความเป็นส่วนตัวของข้อมูลและการสำรองข้อมูลบนคลาวด์,3. Privacidade de Dados e Backup na Nuvem,3. डेटा गोपनीयता और क्लाउड बैकअप,3. Faragha ya Data na Hifadhi Nakala ya Wingu,3. Privasi Data & Pencadangan Cloud,3. Done Konfidansyalite & Cloud Backup,3. ဒေတာ ကိုယ်ရေးကိုယ်တာနှင့် Cloud Backup
tos_data_privacy_content,main,"You retain ownership of the data you input (herd data, financials, e.t.c.). \nYour farm data is stored securely using Google Firebase, while we strive to protect your data, we cannot guarantee absolute security. \nBy enabling Cloud Backup, you consent to the storage and synchronization of your data across your devices. \nWe do not sell your personal or farm data to third parties.\nYou are responsible for the accuracy of the data entered. Incorrect data in the ""Feed"" or ""Financials"" modules may result in incorrect calculations.","Vous restez propriétaire des données que vous saisissez. Vos données de ferme sont stockées de manière sécurisée via Google Firebase. Bien que nous nous efforcions de les protéger, nous ne pouvons garantir une sécurité absolue. En activant la sauvegarde cloud, vous consentez au stockage et à la synchronisation de vos données. Nous ne vendons pas vos données à des tiers. Vous êtes responsable de l'exactitude des données saisies.",您保留输入数据的所有权。您的农场数据使用 Google Firebase 安全存储。虽然我们致力于保护您的数据，但无法保证绝对安全。启用云端备份即表示您同意在设备之间存储和同步数据。我们不会将您的数据出售给第三方。您对输入数据的准确性负责。,"Usted conserva la propiedad de los datos que ingresa. Sus datos se almacenan de forma segura mediante Google Firebase. Aunque nos esforzamos por proteger sus datos, no podemos garantizar una seguridad absoluta. Al habilitar el Respaldo en la nube, usted acepta el almacenamiento y la sincronización de sus datos. No vendemos sus datos a terceros. Usted es responsable de la precisión de los datos ingresados.","Ikaw ang may-ari ng datos na iyong inilalagay. Ang iyong data ay ligtas na nakaimbak gamit ang Google Firebase. Bagama't sinisikap naming protektahan ito, hindi kami makakagarantiya ng ganap na seguridad. Sa pag-enable ng Cloud Backup, pumapayag ka sa pag-imbak ng iyong data. Hindi namin ibinebenta ang iyong data sa mga ikatlong partido.","Bạn giữ quyền sở hữu dữ liệu bạn nhập. Dữ liệu của bạn được lưu trữ an toàn bằng Google Firebase. Mặc dù chúng tôi cố gắng bảo vệ nó, chúng tôi không thể đảm bảo an ninh tuyệt đối. Bằng cách bật Sao lưu đám mây, bạn đồng ý với việc lưu trữ và đồng bộ dữ liệu. Chúng tôi không bán dữ liệu của bạn cho bên thứ ba.",คุณยังคงเป็นเจ้าของข้อมูลที่คุณกรอก ข้อมูลของคุณจะถูกเก็บไว้อย่างปลอดภัยโดยใช้ Google Firebase แม้ว่าเราจะพยายามปกป้องข้อมูล แต่เราไม่สามารถรับประกันความปลอดภัยที่สมบูรณ์ได้ โดยการเปิดใช้ระบบคลาวด์ คุณยินยอมให้จัดเก็บและซิงค์ข้อมูล,"Você mantém a propriedade dos dados que insere. Seus dados são armazenados com segurança no Google Firebase. Embora nos esforcemos para protegê-los, não podemos garantir segurança absoluta. Ao ativar o Backup na Nuvem, você consente com o armazenamento e sincronização de seus dados.","आप अपने द्वारा दर्ज किए गए डेटा के मालिक बने रहते हैं। आपका डेटा Google Firebase का उपयोग करके सुरक्षित रूप से संग्रहीत किया जाता है। हम सुरक्षा के लिए प्रयास करते हैं, लेकिन पूर्ण सुरक्षा की गारंटी नहीं दे सकते।","Unahifadhi umiliki wa data unayoingiza (data ya mifugo, fedha, n.k.). \nData yako ya shamba imehifadhiwa kwa usalama kwa kutumia Google Firebase, huku tukijitahidi kulinda data yako, hatuwezi kukuhakikishia usalama kamili. \nKwa kuwezesha Hifadhi Nakala ya Wingu, unakubali uhifadhi na usawazishaji wa data yako kwenye vifaa vyako vyote. \nHatuuzi data yako ya kibinafsi au ya shamba kwa washirika wengine.\nUnawajibika kwa usahihi wa data iliyowekwa. Data isiyo sahihi katika moduli za ""Mlisho"" au ""Fedha"" inaweza kusababisha hesabu zisizo sahihi.","Anda tetap memiliki kepemilikan atas data yang Anda masukkan (data kawanan, keuangan, dll.). \nData peternakan Anda disimpan dengan aman menggunakan Google Firebase, meskipun kami berupaya melindungi data Anda, kami tidak dapat menjamin keamanan mutlak. \nDengan mengaktifkan Cloud Backup, Anda menyetujui penyimpanan dan sinkronisasi data di seluruh perangkat Anda. \nKami tidak menjual data pribadi atau data pertanian Anda kepada pihak ketiga.\nAnda bertanggung jawab atas keakuratan data yang dimasukkan. Data yang salah pada modul ""Umpan"" atau ""Keuangan"" dapat mengakibatkan perhitungan yang salah.","Ou kenbe pwopriyetè done ou antre yo (done twoupo, finansye, elatriye). \nDone fèm ou yo estoke an sekirite avèk Google Firebase, pandan n ap fè efò pou pwoteje done ou yo, nou pa ka garanti sekirite absoli. \nLè w pèmèt Cloud Backup, ou dakò pou estoke ak senkronizasyon done w yo atravè aparèy ou yo. \nNou pa vann done pèsonèl ou oswa done fèm yo bay twazyèm pati.\nOu responsab pou presizyon done yo antre yo. Done ki pa kòrèk nan modil ""Feed"" oswa ""Finansye"" yo ka lakòz kalkil ki pa kòrèk.","သင်ထည့်သွင်းလိုက်သော ဒေတာ (အစုအဝေးဒေတာ၊ ငွေကြေး၊ \nသင်၏ လယ်ယာဒေတာကို Google Firebase သုံးပြီး လုံခြုံစွာ သိမ်းဆည်းထားပါသည်၊ ကျွန်ုပ်တို့သည် သင့်ဒေတာကို ကာကွယ်ရန် ကြိုးစားနေချိန်တွင်၊ ကျွန်ုပ်တို့သည် လုံးဝလုံခြုံရေးကို အာမခံနိုင်မည်မဟုတ်ပေ။ \nCloud Backup ကိုဖွင့်ခြင်းဖြင့်၊ သင်သည် သင့်စက်ပစ္စည်းများအနှံ့ရှိ သင့်ဒေတာများကို သိုလှောင်မှုနှင့် ထပ်တူပြုခြင်းအား သဘောတူခွင့်ပြုပါသည်။ \nကျွန်ုပ်တို့သည် သင်၏ကိုယ်ရေးကိုယ်တာ သို့မဟုတ် လယ်ယာဒေတာကို ပြင်ပအဖွဲ့အစည်းများထံ ရောင်းချခြင်းမပြုပါ။\nထည့်သွင်းထားသောဒေတာများ၏ တိကျမှုအတွက် သင့်တွင် တာဝန်ရှိပါသည်။ ""Feed"" သို့မဟုတ် ""Financials"" မော်ဂျူးများတွင် ဒေတာမမှန်ကန်ပါက တွက်ချက်မှုများ မှားယွင်းနိုင်ပါသည်။"
tos_no_medical_title,main,4. No Medical or Veterinary Advice (Critical Disclaimer),4. Pas de conseils médicaux ou vétérinaires,4. 无医疗或兽医建议,4. Sin asesoramiento médico o veterinario,4. Walang Medikal o Beterinaryo na Payo,4. Không có lời khuyên y tế hoặc thú y,4. ไม่มีคำแนะนำทางการแพทย์หรือทางสัตวแพทย์,4. Sem Aconselhamento Médico ou Veterinário,4. कोई चिकित्सा या पशु चिकित्सा सलाह नहीं,4. Hakuna Ushauri wa Matibabu au Mifugo (Kanusho Muhimu),4. Tidak Ada Saran Medis atau Kedokteran Hewan (Penafian Kritis),4. Pa gen konsèy medikal oswa veterinè (Avètisman kritik),4. ဆေးဘက်ဆိုင်ရာ သို့မဟုတ် ကုသရေးဆိုင်ရာ အကြံဉာဏ်များ မရှိပါ (အရေးပါသော ငြင်းဆိုချက်)
tos_no_medical_content,main,"The ""Feed Calculator"", ""Feed Formulator"", ""Symptoms Analyzer"" and ""Disease Finder"" features are for educational and informational purposes only.\n• The AI results are generated by algorithms and are not a substitute for professional veterinary advice, diagnosis, or treatment.\n• The User agrees to consult a licensed veterinarian before making any feeding and medical decisions regarding livestock.\n• The App Owner is not liable for any livestock loss or damages resulting from the use of the app and its features.",Les fonctionnalités AI et les calculateurs sont à but éducatif uniquement. Les résultats générés ne remplacent pas un avis vétérinaire professionnel. L'utilisateur accepte de consulter un vétérinaire agréé avant toute décision médicale. Le propriétaire de l'application n'est pas responsable des pertes résultant de l'utilisation de ces fonctionnalités.,AI 功能和计算器仅用于教育目的。生成的结论不能替代专业的兽医建议。用户同意在做出医疗决定前咨询执业兽医。应用所有者不对因使用这些功能而造成的任何损失负责。,Las funciones de IA y las calculadoras son solo para fines educativos. Los resultados generados no sustituyen el asesoramiento veterinario profesional. El usuario acepta consultar a un veterinario antes de tomar cualquier decisión médica. El propietario de la aplicación no es responsable de las pérdidas resultantes del uso de estas funciones.,Ang mga feature ng AI at calculator ay para sa edukasyon lamang. Ang mga resulta ay hindi kapalit ng propesyonal na payo ng beterinaryo. Sumasang-ayon ang User na kumonsulta sa lisensyadong beterinaryo bago gumawa ng anumang desisyong medikal.,Các tính năng AI và máy tính chỉ dành cho mục đích giáo dục. Kết quả không thay thế cho lời khuyên thú y chuyên nghiệp. Người dùng đồng ý tham vấn bác sĩ thú y trước khi đưa ra bất kỳ quyết định y tế nào.,ฟีเจอร์ AI และเครื่องคำนวณมีไว้เพื่อการศึกษาเท่านั้น ผลลัพธ์ที่ได้ไม่สามารถทดแทนคำแนะนำจากสัตวแพทย์มืออาชีพได้ ผู้ใช้ตกลงที่จะปรึกษาสัตวแพทย์ก่อนตัดสินใจทางการแพทย์ใดๆ,Os recursos de IA e calculadoras são apenas para fins educacionais. Os resultados não substituem o aconselhamento veterinário profissional. O usuário concorda em consultar um veterinário licenciado antes de tomar decisões médicas.,AI सुविधाएँ और कैलकुलेटर केवल शैक्षिक उद्देश्यों के लिए हैं। परिणाम पेशेवर पशु चिकित्सा सलाह का विकल्प नहीं हैं। उपयोगकर्ता किसी भी निर्णय से पहले पशु चिकित्सक से परामर्श करने के लिए सहमत है।,"Vipengele vya ""Kikokotoo cha Milisho"", ""Kiunda cha Milisho"", ""Kichanganuzi cha Dalili"" na ""Kitafuta Magonjwa"" ni kwa madhumuni ya elimu na taarifa pekee.\n• Matokeo ya AI yanatolewa kwa kanuni na si badala ya ushauri wa kitaalamu wa mifugo, utambuzi au matibabu.\n• Mtumiaji anakubali kushauriana na daktari wa mifugo aliyeidhinishwa na Mmiliki wa matibabu kabla ya kufanya maamuzi yoyote kuhusu ulishaji mifugo. kuwajibika kwa hasara yoyote ya mifugo au uharibifu unaotokana na matumizi ya programu na vipengele vyake.","Fitur ""Kalkulator Pakan"", ""Perumus Pakan"", ""Penganalisis Gejala"", dan ""Pencari Penyakit"" hanya untuk tujuan pendidikan dan informasi.\n• Hasil AI dihasilkan oleh algoritme dan bukan pengganti saran, diagnosis, atau perawatan dokter hewan profesional.\n• Pengguna setuju untuk berkonsultasi dengan dokter hewan berlisensi sebelum membuat keputusan pemberian pakan dan medis terkait ternak.\n• Pemilik Aplikasi tidak bertanggung jawab atas kehilangan atau kerusakan ternak apa pun yang diakibatkan oleh penggunaan aplikasi dan fitur-fiturnya fitur.","Karakteristik ""Feed Calculator"", ""Feed Formulator"", ""Symptoms Analyzer"" ak ""Disease Finder"" se pou rezon edikasyon ak enfòmasyon sèlman.\n• Rezilta AI yo pwodwi pa algoritm epi yo pa ranplase konsèy veterinè pwofesyonèl, dyagnostik, oswa tretman.\n• Itilizatè a dakò pou konsilte yon veterinè ak yon veterinè ki gen lisans anvan ou pran nenpòt desizyon veterinè ki gen lisans. pa responsab pou nenpòt pèt bèt oswa domaj ki soti nan itilizasyon aplikasyon an ak karakteristik li yo.","""Feed Calculator"", ""Feed Formulator"", ""Symptoms Analyzer"" နှင့် ""Disease Finder"" ဝန်ဆောင်မှုများသည် ပညာရေးနှင့် သတင်းအချက်အလက်ဆိုင်ရာ ရည်ရွယ်ချက်များအတွက်သာဖြစ်သည်။\n• AI ရလဒ်များကို အယ်လဂိုရီသမ်များဖြင့် ဖန်တီးထားပြီး ကျွမ်းကျင်တိရစ္ဆာန်ဆေးကုသရေးဆိုင်ရာ အကြံပြုချက်၊ ရောဂါရှာဖွေရေး သို့မဟုတ် ကုသမှုများအတွက် အစားထိုးမဟုတ်ပါ။\n• အသုံးပြုသူသည် အစားအသောက်နှင့် လိုင်စင်ရ ဆုံးဖြတ်ချက်များမချမီ တိုင်ပင်ဆွေးနွေးရန် တစ်စုံတစ်ရာကို အသုံးပြုသူမှ သဘောတူပါသည်။ တိရစ္ဆာန်များ။\n• အက်ပ်နှင့် ၎င်း၏အင်္ဂါရပ်များကို အသုံးပြုခြင်းကြောင့် ဖြစ်ပေါ်လာသည့် တိရစ္ဆာန်များ ဆုံးရှုံးမှု သို့မဟုတ် ပျက်စီးဆုံးရှုံးမှုများအတွက် အက်ပ်ပိုင်ရှင်က တာဝန်မကင်းပါ။"
tos_user_resp_title,main,5. User Responsibilities,5. Responsabilités de l'utilisateur,5. 用户责任,5. Responsabilidades del usuario,5. Mga Responsibilidad ng User,5. Trách nhiệm của người dùng,5. ความรับผิดชอบของผู้ใช้,5. Responsabilidades do Usuário,5. उपयोगकर्ता की जिम्मेदारियां,5. Majukumu ya Mtumiaji,5. Tanggung Jawab Pengguna,5. Responsablite Itilizatè yo,5. အသုံးပြုသူ၏ တာဝန်များ
tos_user_resp_content,main,Users are responsible for maintaining the confidentiality of their account credentials. You are responsible for all activities that occur under your account.,Les utilisateurs sont responsables du maintien de la confidentialité de leurs identifiants. Vous êtes responsable de toutes les activités survenant sous votre compte.,用户负责维护其账户凭据的机密性。您对在您的账户下发生的所有活动负责。,Los usuarios son responsables de mantener la confidencialidad de sus credenciales. Usted es responsable de todas las actividades que ocurran bajo su cuenta.,Responsibilidad ng mga user na panatilihing lihim ang kanilang mga credential. Ikaw ang responsable sa lahat ng aktibidad sa ilalim ng iyong account.,Người dùng có trách nhiệm bảo mật thông tin đăng nhập của mình. Bạn chịu trách nhiệm cho tất cả các hoạt động xảy ra dưới tài khoản của mình.,ผู้ใช้มีหน้าที่รักษาความลับของข้อมูลบัญชี คุณต้องรับผิดชอบต่อกิจกรรมทั้งหมดที่เกิดขึ้นภายใต้บัญชีของคุณ,Os usuários são responsáveis por manter a confidencialidade de suas credenciais. Você é responsável por todas as atividades que ocorrem em sua conta.,उपयोगकर्ता अपने खाते की गोपनीयता बनाए रखने के लिए जिम्मेदार हैं। आप अपने खाते के तहत होने वाली सभी गतिविधियों के लिए जिम्मेदार हैं।,Watumiaji wana wajibu wa kudumisha usiri wa kitambulisho cha akaunti zao. Unawajibika kwa shughuli zote zinazotokea chini ya akaunti yako.,Pengguna bertanggung jawab untuk menjaga kerahasiaan kredensial akun mereka. Anda bertanggung jawab atas semua aktivitas yang terjadi di bawah akun Anda.,Itilizatè yo responsab pou kenbe konfidansyalite kalifikasyon kont yo. Ou responsab pou tout aktivite ki fèt sou kont ou.,အသုံးပြုသူများသည် ၎င်းတို့၏ အကောင့်အထောက်အထားများ၏ လျှို့ဝှက်ချက်ကို ထိန်းသိမ်းရန် တာဝန်ရှိပါသည်။ သင့်အကောင့်အောက်တွင် ဖြစ်ပေါ်လာသည့် လုပ်ဆောင်ချက်အားလုံးအတွက် သင်သည် တာဝန်ရှိပါသည်။
tos_prohibited_title,main,6. Prohibited Conduct,6. Conduite interdite,6. 禁止行为,6. Conducta prohibida,6. Ipinagbabawal na Gawi,6. Hành vi bị cấm,6. พฤติกรรมที่ต้องห้าม,6. Conduta Proibida,6. निषिद्ध आचरण,6. Mwenendo uliokatazwa,6. Perilaku yang Dilarang,6. Konduit entèdi,6. တားမြစ်ထားသော အပြုအမူ
tos_prohibited_content,main,Users agree not to:\n• Use the app for any illegal purposes.\n• Attempt to reverse engineer the application.\n• Input fraudulent financial data for the purpose of deceiving third parties.,"Les utilisateurs s'engagent à ne pas : utiliser l'application à des fins illégales, tenter de rétro-concevoir l'application, ou saisir des données financières frauduleuses.",用户同意：不将应用用于非法目的，不尝试对应用进行逆向工程，不输入虚假财务数据。,"Los usuarios aceptan no: utilizar la aplicación para fines ilegales, intentar realizar ingeniería inversa o ingresar datos financieros fraudulentos.","Sumasang-ayon ang mga user na huwag: gamitin ang app para sa ilegal na layunin, subukang i-reverse engineer ang app, o maglagay ng mapanlinlang na data.","Người dùng đồng ý không: sử dụng ứng dụng cho mục đích bất hợp pháp, cố gắng thiết kế ngược ứng dụng hoặc nhập dữ liệu gian lận.",ผู้ใช้ตกลงที่จะไม่: ใช้แอปเพื่อวัตถุประสงค์ที่ผิดกฎหมาย พยายามเจาะระบบแอป หรือกรอกข้อมูลการเงินที่เป็นเท็จ,"Os usuários concordam em não: usar o aplicativo para fins ilegais, tentar fazer engenharia reversa do aplicativo ou inserir dados financeiros fraudulentos.","उपयोगकर्ता सहमत हैं कि वे: अवैध उद्देश्यों के लिए ऐप का उपयोग नहीं करेंगे, ऐप को रिवर्स इंजीनियर करने का प्रयास नहीं करेंगे, या गलत वित्तीय डेटा दर्ज नहीं करेंगे।",Watumiaji wanakubali kuto:\n• Kutumia programu kwa madhumuni yoyote yasiyo halali.\n• Kujaribu kubadilisha mhandisi wa programu.\n• Kuingiza data ya ulaghai ya kifedha kwa madhumuni ya kuwahadaa washirika wengine.,Pengguna setuju untuk tidak:\n• Menggunakan aplikasi untuk tujuan ilegal apa pun.\n• Mencoba merekayasa balik aplikasi.\n• Memasukkan data keuangan palsu untuk tujuan menipu pihak ketiga.,Itilizatè yo dakò pou yo pa:\n• Sèvi ak aplikasyon an pou nenpòt ki rezon ilegal.\n• Eseye fè enjenyè reverse aplikasyon an.\n• Antre done finansye fwod nan objektif pou twonpe twazyèm pati.,အသုံးပြုသူများသည်-\n• အက်ပ်အား တရားမဝင်သောရည်ရွယ်ချက်များအတွက် အသုံးပြုပါ။\n• အပလီကေးရှင်းကို ပြောင်းပြန်လှန်ရန် အင်ဂျင်နီယာချုပ် ကြိုးစားခြင်း။\n• ပြင်ပအဖွဲ့အစည်းများကို လှည့်ဖြားရန် ရည်ရွယ်ချက်အတွက် အတုအယောင်ငွေကြေးဒေတာကို ထည့်သွင်းပါ။
tos_availability_title,main,7. Service Availability,7. Disponibilité du service,7. 服务可用性,7. Disponibilidad del servicio,7. Availability ng Serbisyo,7. Tính sẵn có của dịch vụ,7. ความพร้อมในการให้บริการ,7. Disponibilidade do Serviço,7. सेवा की उपलब्धता,7. Upatikanaji wa Huduma,7. Ketersediaan Layanan,7. Disponibilite Sèvis,7. ဝန်ဆောင်မှုရရှိနိုင်မှု
tos_availability_content,main,"We strive for 99% uptime but do not guarantee uninterrupted access to the service. Data backups are provided as a convenience; however, users are encouraged to maintain their own records.",Nous visons une disponibilité de 99 % mais ne garantissons pas un accès ininterrompu. Les sauvegardes sont fournies pour commodité ; les utilisateurs sont encouragés à tenir leurs propres registres.,我们力求 99% 的运行时间，但不保证不间断访问。备份仅为提供方便；建议用户保留自己的记录。,"Nos esforzamos por lograr un tiempo de actividad del 99%, pero no garantizamos el acceso ininterrumpido. Los respaldos se proporcionan por conveniencia; se recomienda a los usuarios mantener sus propios registros.",Sinisikap naming magkaroon ng 99% uptime ngunit hindi namin ginagarantiya ang walang abalang access. Ang mga backup ay ibinibigay para sa kaginhawaan; hinihikayat ang mga user na magtabi ng sariling rekord.,Chúng tôi nỗ lực đạt 99% thời gian hoạt động nhưng không đảm bảo quyền truy cập không bị gián đoạn. Các bản sao lưu được cung cấp để thuận tiện; người dùng nên tự lưu giữ hồ sơ riêng.,เราพยายามให้บริการได้ 99% แต่ไม่รับประกันการเข้าถึงที่ต่อเนื่อง การสำรองข้อมูลจัดทำขึ้นเพื่อความสะดวก ผู้ใช้ควรเก็บข้อมูลของตนเองไว้ด้วย,"Buscamos 99% de tempo de atividade, mas não garantimos acesso ininterrupto. Os backups são fornecidos por conveniência; os usuários são incentivados a manter seus próprios registros.",हम 99% अपटाइम के लिए प्रयास करते हैं लेकिन निरंतर पहुंच की गारंटी नहीं देते हैं। बैकअप सुविधा के लिए प्रदान किए जाते हैं; उपयोगकर्ताओं को अपने रिकॉर्ड रखने के लिए प्रोत्साहित किया जाता है।,"Tunajitahidi kuongeza muda wa 99% lakini hatuhakikishii ufikiaji usiokatizwa wa huduma. Hifadhi nakala za data hutolewa kama urahisi; hata hivyo, watumiaji wanahimizwa kudumisha rekodi zao wenyewe.","Kami mengupayakan waktu aktif 99% tetapi tidak menjamin akses tanpa gangguan ke layanan. Cadangan data disediakan untuk kenyamanan; namun, pengguna didorong untuk menyimpan catatan mereka sendiri.","Nou fè efò pou 99%disponiblite men nou pa garanti aksè san enteripsyon nan sèvis la. Sovgad done yo bay kòm yon konvenyans; sepandan, yo ankouraje itilizatè yo kenbe pwòp dosye yo.",ကျွန်ုပ်တို့သည် 99% အလုပ်ဖွင့်ချိန်အတွက် ကြိုးစားသော်လည်း ဝန်ဆောင်မှုကို အနှောက်အယှက်မဖြစ်စေရန် အာမခံချက်မရှိပါ။ ဒေတာအရန်များကို အဆင်ပြေစေရန် ပံ့ပိုးပေးပါသည်။ သို့သော်လည်း သုံးစွဲသူများသည် ၎င်းတို့၏ ကိုယ်ပိုင်မှတ်တမ်းများကို ထိန်းသိမ်းထားရန် တိုက်တွန်းထားသည်။
tos_liability_title,main,8. Limitation of Liability,8. Limitation de responsabilité,8. 责任限制,8. Limitación de responsabilidad,8. Limitasyon ng Pananagutan,8. Giới hạn trách nhiệm,8. การจำกัดความรับผิด,8. Limitação de Responsabilidade,8. देयता की सीमा,8. Ukomo wa Dhima,8. Batasan Tanggung Jawab,8. Limitasyon responsablite,8. တာဝန်ကန့်သတ်ချက်
tos_liability_content,main,"SmartSwine app is provided ""as is."" To the maximum extent permitted by law, its developers shall not be liable for any direct, indirect, incidental, or consequential damages resulting from the use or inability to use the service, including livestock loss or financial discrepancies.","L'application est fournie ""en l'état"". Dans la mesure permise par la loi, les développeurs ne seront pas responsables des dommages directs ou indirects résultant de l'utilisation du service.",本应用按“原样”提供。在法律允许的最大范围内，开发者不对因使用本服务而产生的任何直接或间接损害负责。,"La aplicación se proporciona ""tal cual"". En la medida permitida por la ley, los desarrolladores no serán responsables de ningún daño directo o indirecto resultante del uso del servicio.","Ang app ay ibinibigay nang ""as is"". Sa lawak na pinapayagan ng batas, ang mga developer ay hindi mananagot sa anumang pinsalang dulot ng paggamit ng serbisyo.","Ứng dụng được cung cấp ""nguyên trạng"". Trong phạm vi pháp luật cho phép, các nhà phát triển sẽ không chịu trách nhiệm cho bất kỳ thiệt hại nào phát sinh từ việc sử dụng dịch vụ.","แอปจัดหาให้ ""ตามสภาพ"" เท่าที่กฎหมายอนุญาต นักพัฒนาจะไม่รับผิดชอบต่อความเสียหายใดๆ ที่เกิดจากการใช้บริการ","O aplicativo é fornecido ""como está"". Na extensão máxima permitida por lei, os desenvolvedores não serão responsáveis por quaisquer danos resultantes do uso do serviço.","ऐप ""जैसा है"" प्रदान किया जाता है। कानून द्वारा अनुमत अधिकतम सीमा तक, डेवलपर्स सेवा के उपयोग से होने वाले किसी भी नुकसान के लिए उत्तरदायी नहीं होंगे।","Programu ya SmartSwine imetolewa ""kama ilivyo."" Kwa kiwango cha juu kinachoruhusiwa na sheria, watengenezaji wake hawatawajibika kwa uharibifu wowote wa moja kwa moja, usio wa moja kwa moja, wa bahati mbaya au wa matokeo kutokana na matumizi au kutoweza kutumia huduma, ikijumuisha upotevu wa mifugo au hitilafu za kifedha.","Aplikasi SmartSwine disediakan ""apa adanya."" Sejauh diizinkan oleh undang-undang, pengembangnya tidak bertanggung jawab atas segala kerugian langsung, tidak langsung, insidental, atau konsekuensial yang diakibatkan oleh penggunaan atau ketidakmampuan menggunakan layanan, termasuk hilangnya ternak atau perbedaan keuangan.","Yo bay aplikasyon SmartSwine ""tankou."" Nan limit maksimòm lalwa pèmèt, devlopè li yo pa dwe responsab pou nenpòt domaj dirèk, endirèk, aksidan oswa konsekan ki soti nan itilizasyon oswa enkapasite pou sèvi ak sèvis la, ki gen ladan pèt bèt oswa diferans finansye.","SmartSwine အက်ပ်ကို ""ရှိသကဲ့သို့"" ပေးထားသည်။ ဥပဒေအရ ခွင့်ပြုထားသည့် အမြင့်ဆုံးအတိုင်းအတာအထိ၊ ၎င်း၏ ဆော့ဖ်ဝဲအင်ဂျင်နီယာများသည် တိရစ္ဆာန်များ ဆုံးရှုံးခြင်း သို့မဟုတ် ငွေကြေးကွာဟမှုအပါအဝင် ဝန်ဆောင်မှုကို အသုံးပြုခြင်း သို့မဟုတ် အသုံးမပြုနိုင်ခြင်းတို့ကြောင့် ဖြစ်ပေါ်လာသည့် တိုက်ရိုက်၊ သွယ်ဝိုက်သော၊ မတော်တဆ သို့မဟုတ် နောက်ဆက်တွဲ ပျက်စီးဆုံးရှုံးမှုများအတွက် တာဝန်မကင်းပါ။"
tos_financial_data_title,main,9. Financial Data,9. Données financières,9. 财务数据,9. Datos financieros,9. Datos ng Pinansyal,9. Dữ liệu tài chính,9. ข้อมูลการเงิน,9. Dados Financeiros,9. वित्तीय डेटा,9. Takwimu za Fedha,9. Data Keuangan,9. Done Finansye,9. ငွေကြေးဒေတာ
tos_financial_data_content,main,"The ""Financials"" module is a tracking tool and does not constitute professional accounting or tax advice. Users are encouraged to export their data for review by certified accountants.",Le module financier est un outil de suivi et ne constitue pas un conseil comptable professionnel. Les utilisateurs sont encouragés à exporter leurs données pour révision par des experts.,财务模块是追踪工具，不构成专业会计建议。建议用户导出数据供注册会计师审阅。,El módulo financiero es una herramienta de seguimiento y no constituye asesoramiento contable profesional. Se recomienda a los usuarios exportar sus datos para que sean revisados por expertos.,Ang module ng pinansyal ay isang tracking tool at hindi bumubuo ng propesyonal na payo sa accounting. Hinihikayat ang mga user na i-export ang data para sa pagsusuri ng mga eksperto.,Mô-đun tài chính là một công cụ theo dõi và không cấu thành lời khuyên kế toán chuyên nghiệp. Người dùng nên xuất dữ liệu để các chuyên gia soát xét.,โมดูลการเงินเป็นเครื่องมือติดตามและไม่ใช่คำแนะนำทางบัญชีมืออาชีพ ผู้ใช้ควรส่งออกข้อมูลเพื่อให้นักบัญชีตรวจสอบ,O módulo financeiro é uma ferramenta de rastreamento e não constitui aconselhamento contábil profissional. Recomenda-se exportar os dados para revisão por especialistas.,वित्तीय मॉड्यूल एक ट्रैकिंग टूल है और पेशेवर लेखांकन सलाह नहीं है। उपयोगकर्ताओं को विशेषज्ञों द्वारा समीक्षा के लिए अपना डेटा निर्यात करने की सलाह दी जाती है।,"Moduli ya ""Fedha"" ni zana ya kufuatilia na haijumuishi ushauri wa kitaalamu wa uhasibu au kodi. Watumiaji wanahimizwa kutuma data zao kwa ukaguzi na wahasibu walioidhinishwa.","Modul ""Keuangan"" adalah alat pelacakan dan bukan merupakan nasihat akuntansi atau pajak profesional. Pengguna didorong untuk mengekspor data mereka untuk ditinjau oleh akuntan bersertifikat.","Modil ""Finansye"" a se yon zouti pou swiv epi li pa konstitye kontablite pwofesyonèl oswa konsèy taks. Itilizatè yo ankouraje yo ekspòte done yo pou revize pa kontab sètifye.","""Financials"" module သည် ခြေရာခံကိရိယာတစ်ခုဖြစ်ပြီး ပရော်ဖက်ရှင်နယ်စာရင်းကိုင် သို့မဟုတ် အခွန်ဆိုင်ရာအကြံဉာဏ်ကို မပါဝင်ပါ။ အသုံးပြုသူများကို အသိအမှတ်ပြုစာရင်းကိုင်များမှ ပြန်လည်သုံးသပ်ရန်အတွက် ၎င်းတို့၏ဒေတာကို တင်ပို့ရန် တိုက်တွန်းထားသည်။"
tos_changes_title,main,10. Changes to Terms,10. Modifications des conditions,10. 条款变更,10. Cambios en los términos,10. Mga Pagbabago sa Tuntunin,10. Thay đổi các điều khoản,10. การเปลี่ยนแปลงข้อกำหนด,10. Alterações nos Termos,10. शर्तों में परिवर्तन,10. Mabadiliko ya Masharti,10. Perubahan Ketentuan,10. Chanjman nan Kondisyon yo,10. စည်းမျဉ်းများ ပြောင်းလဲမှုများ
tos_changes_content,main,We reserve the right to modify these terms at any time. Continued use of the app constitutes acceptance of the new terms.,Nous nous réservons le droit de modifier ces conditions. L'utilisation continue de l'application constitue l'acceptation des nouvelles conditions.,我们保留随时修改这些条款的权利。继续使用本应用即表示接受新条款。,Nos reservamos el derecho de modificar estos términos en cualquier momento. El uso continuado de la aplicación constituye la aceptación de los nuevos términos.,Inirereserba namin ang karapatang baguhin ang mga tuntuning ito. Ang patuloy na paggamit ng app ay nangangahulugang pagtanggap sa mga bagong tuntunin.,Chúng tôi có quyền sửa đổi các điều khoản này bất cứ lúc nào. Việc tiếp tục sử dụng ứng dụng đồng nghĩa với việc chấp nhận các điều khoản mới.,เราขอสงวนสิทธิ์ในการแก้ไขข้อกำหนดเหล่านี้ การใช้งานอย่างต่อเนื่องหมายถึงการยอมรับข้อกำหนดใหม่,Reservamo-nos o direito de modificar estes termos. O uso continuado do aplicativo constitui aceitação dos novos termos.,हम किसी भी समय इन शर्तों को संशोधित करने का अधिकार सुरक्षित रखते हैं। ऐप का निरंतर उपयोग नई शर्तों की स्वीकृति माना जाएगा।,Tunahifadhi haki ya kurekebisha masharti haya wakati wowote. Kuendelea kutumia programu kunajumuisha kukubali sheria na masharti mapya.,Kami berhak mengubah ketentuan ini kapan saja. Penggunaan aplikasi yang berkelanjutan merupakan penerimaan terhadap persyaratan baru.,Nou rezève dwa pou modifye kondisyon sa yo nenpòt ki lè. Kontinye itilizasyon app a reprezante akseptasyon nouvo kondisyon yo.,ဤအသုံးအနှုန်းများကို အချိန်မရွေး ပြုပြင်ပြောင်းလဲရန် ကျွန်ုပ်တို့ လက်ဝယ်ရှိပါသည်။ အက်ပ်ကို ဆက်လက်အသုံးပြုခြင်းသည် စည်းမျဉ်းအသစ်များကို လက်ခံခြင်းဖြစ်သည်။
tos_contact_title,main,11. Contact Information,11. Informations de contact,11. 联系信息,11. Información de contacto,11. Impormasyon sa Pakikipag-ugnayan,11. Thông tin liên hệ,11. ข้อมูลการติดต่อ,11. Informações de Contato,11. संपर्क जानकारी,11. Maelezo ya Mawasiliano,11. Informasi Kontak,11. Enfòmasyon sou kontak,11. ဆက်သွယ်ရန်အချက်အလက်
tos_contact_content,main,"For support or legal inquiries, please contact the developer through the app's profile settings.","Pour toute question juridique ou d'assistance, veuillez contacter le développeur via les paramètres du profil de l'application.",如有支持或法律咨询，请通过应用的个人资料设置联系开发者。,"Para soporte o consultas legales, comuníquese con el desarrollador a través de los ajustes del perfil de la aplicación.","Para sa suporta o legal na katanungan, mangyaring makipag-ugnayan sa developer sa pamamagitan ng profile settings ng app.","Để được hỗ trợ hoặc có thắc mắc pháp lý, vui lòng liên hệ với nhà phát triển thông qua cài đặt hồ sơ của ứng dụng.",สำหรับการสนับสนุนหรือคำถามทางกฎหมาย โปรดติดต่อผู้พัฒนาผ่านการตั้งค่าโปรไฟล์ของแอป,"Para suporte ou questões legais, entre em contato com o desenvolvedor através das configurações de perfil do aplicativo.","सहायता या कानूनी पूछताछ के लिए, कृपया ऐप की प्रोफ़ाइल सेटिंग्स के माध्यम से डेवलपर से संपर्क करें।","Kwa usaidizi au maswali ya kisheria, tafadhali wasiliana na msanidi programu kupitia mipangilio ya wasifu wa programu.","Untuk dukungan atau pertanyaan hukum, silakan hubungi pengembang melalui pengaturan profil aplikasi.","Pou sipò oswa kesyon legal, tanpri kontakte pwomotè a atravè paramèt pwofil aplikasyon an.",ပံ့ပိုးကူညီမှု သို့မဟုတ် ဥပဒေဆိုင်ရာ စုံစမ်းမေးမြန်းမှုများအတွက် အက်ပ်၏ပရိုဖိုင်ဆက်တင်များမှတစ်ဆင့် ဆော့ဖ်ဝဲအင်ဂျင်နီယာထံ ဆက်သွယ်ပါ။
contact_support,main,Contact Support: %s,Contacter l'assistance : %s,联系支持：%s,Contactar soporte: %s,Makipag-ugnayan sa Suporta: %s,Liên hệ hỗ trợ: %s,ติดต่อฝ่ายสนับสนุน: %s,Contatar Suporte: %s,सहायता से संपर्क करें: %s,Wasiliana na Usaidizi: %s,Hubungi Dukungan: %s,Kontakte sipò: %s,ဆက်သွယ်ရန် အကူအညီ- %s
quote_1,main,"Agriculture is the most healthful, most useful and most noble employment of man. - George Washington","L'agriculture est l'emploi de l'homme le plus sain, le plus utile et le plus noble. - George Washington",农业是人类最健康、最有用、最高尚的职业。 - 乔治·华盛顿,"La agricultura es el empleo del hombre más saludable, más útil y más noble. - George Washington","Ang agrikultura ang pinakamalusog, pinakakapaki-pakinabang, at pinakadangal na hanapbuhay ng tao. - George Washington","Nông nghiệp là nghề nghiệp lành mạnh nhất, hữu ích nhất và cao quý nhất của con người. - George Washington",เกษตรกรรมเป็นการจ้างงานที่ดีต่อสุขภาพ มีประโยชน์ และสูงส่งที่สุดของมนุษย์ - จอร์จ วอชิงตัน,"A agricultura é o emprego mais saudável, mais útil e mais nobre do homem. - George Washington","कृषि मनुष्य का सबसे स्वस्थ, सबसे उपयोगी और सबसे महान व्यवसाय है। - जॉर्ज वाशिंगटन","Kilimo ndio ajira yenye afya zaidi, muhimu zaidi na adhimu zaidi ya mwanadamu. - George Washington","Pertanian adalah pekerjaan manusia yang paling menyehatkan, paling berguna dan paling mulia. -George Washington","Agrikilti se travay ki pi an sante, pi itil ak pi nòb lèzòm. - George Washington",စိုက်ပျိုးရေးသည် လူသားတို့၏ ကျန်းမာရေးအတွက် အကောင်းဆုံး၊ အသုံးအဝင်ဆုံးနှင့် အမွန်မြတ်ဆုံး အလုပ်ဖြစ်သည်။ - ဂျော့ခ်ျဝါရှင်တန်
quote_2,main,"The farmer is the only man in our economy who buys everything at retail, sells everything at wholesale, and pays the freight both ways. - John F. Kennedy","L'agriculteur est le seul homme dans notre économie qui achète tout au détail, vend tout en gros et paie le fret dans les deux sens. - John F. Kennedy",农民是我们经济中唯一一个以零售价买入一切，以批发价卖出一切，并双向支付运费的人。 - 约翰·F·肯尼迪,"El agricultor es el único hombre en nuestra economía que compra todo al por menor, vende todo al por mayor y paga el flete en ambos sentidos. - John F. Kennedy","Ang magsasaka ang tanging tao sa ating ekonomiya na bumibili ng lahat sa retail, nagbebenta ng lahat sa wholesale, at nagbabayad ng kargamento sa parehong paraan. - John F. Kennedy","Người nông dân là người duy nhất trong nền kinh tế của chúng ta mua mọi thứ với giá bán lẻ, bán mọi thứ với giá bán buôn và trả tiền cước vận chuyển cả hai chiều. - John F. Kennedy",เกษตรกรเป็นคนคนเดียวในเศรษฐกิจของเราที่ซื้อทุกอย่างในราคาปลีก ขายทุกอย่างในราคาส่ง และจ่ายค่าขนส่งทั้งสองทาง - จอห์น เอฟ. เคนเนดี,"O agricultor é o único homem na nossa economia que compra tudo a retalho, vende tudo por atacado e paga o frete nos dois sentidos. - John F. Kennedy","किसान हमारी अर्थव्यवस्था में अकेला ऐसा व्यक्ति है जो सब कुछ खुदरा में खरीदता है, सब कुछ थोक में बेचता है, और दोनों तरफ का भाड़ा देता है। - जॉन एफ. कैनेडी","Mkulima ndiye mtu pekee katika uchumi wetu ambaye ananunua kila kitu kwa rejareja, anauza kila kitu kwa jumla, na analipa mizigo pande zote mbili. - John F. Kennedy","Petani adalah satu-satunya orang dalam perekonomian kita yang membeli segala sesuatu secara eceran, menjual segala sesuatu secara grosir, dan membayar ongkos angkut dua arah. - John F.Kennedy","Kiltivatè a se sèl moun nan ekonomi nou an ki achte tout bagay an detay, ki vann tout bagay an gwo, epi ki peye machandiz la tou de sens. - John F. Kennedy",လယ်သမားသည် ကျွန်ုပ်တို့၏စီးပွားရေးတွင် အရာအားလုံးကို လက်လီရောင်းချသည်၊ လက်ကားရောင်းချပြီး ကုန်စည်ပို့ဆောင်မှုကို နည်းလမ်းနှစ်မျိုးလုံးပေးဆောင်သည့် တစ်ဦးတည်းသောလူဖြစ်သည်။ - John F. Kennedy
quote_3,main,Farming is a profession of hope. - Brian Brett,L'agriculture est une profession d'espoir. - Brian Brett,务农是一种希望的职业。 - 布莱恩·布雷特,La agricultura es una profesión de esperanza. - Brian Brett,Ang pagsasaka ay isang propesyon ng pag-asa. - Brian Brett,Nông nghiệp là một nghề nghiệp của hy vọng. - Brian Brett,การทำฟาร์มคืออาชีพแห่งความหวัง - ไบรอัน เบรตต์,A agricultura é uma profissão de esperança. - Brian Brett,खेती आशा का पेशा है। - ब्रायन ब्रेट,Kilimo ni taaluma ya matumaini. - Brian Brett,Pertanian adalah sebuah profesi harapan. -Brian Brett,Agrikilti se yon pwofesyon nan espwa. - Brian Brett,လယ်ယာစိုက်ပျိုးခြင်းသည် မျှော်လင့်ချက်၏ အသက်မွေးဝမ်းကြောင်းတစ်ခုဖြစ်သည်။ - Brian Brett
quote_4,main,"The ultimate goal of farming is not the growing of crops, but the cultivation and perfection of human beings. - Masanobu Fukuoka","Le but ultime de l'agriculture n'est pas la culture de céréales, mais la culture et la perfection des êtres humains. - Masanobu Fukuoka",务农的最终目标不是作物的生长，而是人的培养和完善。 - 福冈正信,"El objetivo final de la agricultura no es el cultivo de cosechas, sino el cultivo y la perfección de los seres humanos. - Masanobu Fukuoka","Ang huling layunin ng pagsasaka ay hindi ang pagpapatubo ng mga pananim, kundi ang paglilinang at pagperpekto ng mga tao. - Masanobu Fukuoka","Mục tiêu cuối cùng của canh tác không phải là trồng cây, mà là sự nuôi dưỡng và hoàn thiện con người. - Masanobu Fukuoka",เป้าหมายสูงสุดของการทำฟาร์มไม่ใช่การปลูกพืช แต่เป็นการบ่มเพาะและความสมบูรณ์แบบของมนุษย์ - มาซาโนบุ ฟุกุโอกะ,"O objetivo final de la agricultura não é o cultivo de colheitas, mas o cultivo e o aperfeiçoamento dos seres humanos. - Masanobu Fukuoka","खेती का अंतिम लक्ष्य फसलों को उगाना नहीं है, बल्कि मनुष्यों का संवर्धन और पूर्णता है। - मासानोबू फुकुओका","Lengo kuu la kilimo sio ukuaji wa mazao, lakini kilimo na ukamilifu wa wanadamu. - Masanobu Fukuoka","Tujuan akhir bertani bukanlah bercocok tanam, melainkan budidaya dan kesempurnaan umat manusia. - Masanobu Fukuoka","Objektif final la nan agrikilti se pa grandi nan rekòt, men kiltivasyon ak pèfeksyon nan èt imen. - Masanobu Fukuoka",လယ်ယာစိုက်ပျိုးခြင်း၏ အဆုံးစွန်ပန်းတိုင်မှာ ကောက်ပဲသီးနှံများ စိုက်ပျိုးခြင်းမဟုတ်ဘဲ လူသားများ စိုက်ပျိုးခြင်းနှင့် ပြီးပြည့်စုံခြင်းပင်ဖြစ်သည်။ - Masanobu Fukuoka
quote_5,main,"Hard work spotlights the character of people: some turn up their sleeves, some turn up their noses, and some don't turn up at all. - Sam Ewing","Le travail acharné met en lumière le caractère des gens : certains retroussent leurs manches, certains froncent les sourcils et d'autres ne se présentent pas du tout. - Sam Ewing",艰苦的工作能凸显人的性格：有些人卷起袖子，有些人皱起鼻子，还有些人根本不出现。 - 萨姆·尤因,"El trabajo duro pone de relieve el carácter de las personas: algunos se arremangan, algunos arrugan la nariz y otros no aparecen en absoluto. - Sam Ewing","Ang masipag na trabaho ay nagbibigay-diin sa karakter ng mga tao: ang ilan ay naglululon ng kanilang mga manggas, ang ilan ay kumukulubot ng kanilang mga ilong, at ang ilan ay hindi sumisipot. - Sam Ewing","Làm việc chăm chỉ làm nổi bật tính cách của con người: một số người xắn tay áo, một số người hếch mũi và một số người hoàn toàn không xuất hiện. - Sam Ewing",งานหนักช่วยส่องสว่างตัวตนของผู้คน: บางคนม้วนแขนเสื้อขึ้น บางคนทำจมูกย่น และบางคนไม่ปรากฏตัวเลย - แซม อีวิง,"O trabalho árduo destaca o caráter das pessoas: alguns arregaçam as mangas, alguns torcem o nariz e alguns nem sequer aparecem. - Sam Ewing","कड़ी मेहनत लोगों के चरित्र को उजागर करती है: कुछ अपनी आस्तीनें चढ़ा लेते हैं, कुछ अपनी नाक सिकोड़ लेते हैं, और कुछ बिल्कुल भी सामने नहीं आते। - सैम इविंग","Kufanya kazi kwa bidii huangazia tabia ya watu: wengine huinua mikono yao juu, wengine huinua pua zao, na wengine hawajitokezi kabisa. - Sam Ewing","Kerja keras menonjolkan karakter seseorang: ada yang angkat lengan, ada yang angkat hidung, dan ada yang tidak muncul sama sekali. - Sam Ewing","Travay di montre karaktè moun yo: gen kèk ki leve manch yo, gen kèk ki leve nen yo, ki gen kèk ki pa leve ditou. - Sam Ewing",အလုပ်ကြိုးစားမှုသည် လူတို့၏စရိုက်ကို မီးမောင်းထိုးပြသည်- အချို့က အင်္ကျီကို လှန်လိုက်၊ အချို့က နှာခေါင်းကို လှန်ကြပြီး အချို့မှာ လုံးဝမထလိုက်။ - Sam Ewing
quote_6,main,Persistence is to the character of man as carbon is to steel. - Napoleon Hill,La persévérance est au caractère de l'homme ce que le carbone est à l'acier. - Napoleon Hill,坚持之于人的性格，犹碳之于钢。 - 拿破仑·希尔,La persistencia es para el carácter del hombre lo que el carbono es para el acero. - Napoleon Hill,Ang pagtitiyaga ay sa karakter ng tao gaya ng carbon sa bakal. - Napoleon Hill,Sự kiên trì đối với tính cách của con người giống như carbon đối với thép. - Napoleon Hill,ความพากเพียรมีความสำคัญต่ออุปนิสัยของมนุษย์ เหมือนกับคาร์บอนที่มีต่อเหล็กกล้า - นโปเลียน ฮิลล์,A persistência está para o caráter do homem como o carbono está para o aço. - Napoleon Hill,दृढ़ता मनुष्य के चरित्र के लिए वैसी ही है जैसे स्टील के लिए कार्बन। - नेपोलियन हिल,Ustahimilivu ni kwa tabia ya mwanadamu kama vile kaboni ni chuma. - Napoleon Hill,Kegigihan merupakan karakter manusia seperti halnya karbon terhadap baja. - Bukit Napoleon,Pèsistans se pou karaktè moun tankou kabòn se pou fe. - Napoleon Hill,ကာဗွန်သည် သံမဏိကဲ့သို့ မြဲမြံစွာ တည်ရှိနေခြင်းသည် လူသား၏ စရိုက်လက္ခဏာဖြစ်သည်။ - နပိုလီယံဟေးလ်
quote_7,main,"Success is not final, failure is not fatal: it is the courage to continue that counts. - Winston Churchill","Le succès n'est pas final, l'échec n'est pas fatal : c'est le courage de continuer qui compte. - Winston Churchill",成功不是终点，失败也不是终结：重要的是继续前进的勇气。 - 温斯顿·丘吉尔,"El éxito no es el final, el fracaso no es fatal: es el valor para continuar lo que cuenta. - Winston Churchill","Ang tagumpay ay hindi katapusan, ang kabiguan ay hindi nakamamatay: ang lakas ng loob na magpatuloy ang mahalaga. - Winston Churchill","Thành công không phải là cuối cùng, thất bại không phải là tử vong: lòng can đảm để tiếp tục mới là điều quan trọng. - Winston Churchill",ความสำเร็จไม่ใช่จุดสิ้นสุด ความล้มเหลวไม่ใช่เรื่องคอขาดบาดตาย: ความกล้าที่จะเดินหน้าต่อไปต่างหากที่สำคัญ - วินสตัน เชอร์ชิลล์,"O sucesso não é definitivo, o fracasso não é fatal: o que conta é a coragem de continuar. - Winston Churchill","सफलता अंतिम नहीं है, असफलता घातक नहीं है: जो मायने रखता है वह जारी रखने का साहस है। - विंस्टन चर्चिल","Mafanikio sio mwisho, kutofaulu sio kifo: ni ujasiri wa kuendelea ndio muhimu. - Winston Churchill","Kesuksesan bukanlah sesuatu yang final, kegagalan bukanlah sesuatu yang fatal: yang terpenting adalah keberanian untuk melanjutkan. -Winston Churchill","Siksè pa final, echèk pa fatal: se kouraj pou kontinye ki konte. - Winston Churchill",အောင်မြင်မှုသည် နောက်ဆုံးမဟုတ်ပါ၊ ရှုံးနိမ့်ခြင်းသည် အသက်မသေပါ။ ၎င်းသည် အရေအတွက်များစွာကို ဆက်လက်လုပ်ဆောင်ရန် သတ္တိဖြစ်သည်။ - Winston Churchill
quote_8,main,The only place where success comes before work is in the dictionary. - Vidal Sassoon,Le seul endroit où le succès vient avant le travail est dans le dictionnaire. - Vidal Sassoon,成功唯一排在工作前面的地方是在字典里。 - 维达·沙宣,El único lugar donde el éxito viene antes que el trabajo es en el diccionario. - Vidal Sassoon,Ang tanging lugar kung saan nauuna ang tagumpay bago ang trabaho ay sa diksyunaryo. - Vidal Sassoon,Nơi duy nhất mà thành công đứng trước công việc là trong từ điển. - Vidal Sassoon,ที่เดียวที่ความสำเร็จมาก่อนการทำงานคือในพจนานุกรม - วิดัล แซสซูน,O único lugar onde o sucesso vem antes do trabalho é no dicionário. - Vidal Sassoon,डिक्शनरी ही एकमात्र ऐसी जगह है जहाँ सफलता काम से पहले आती है। - विडाल सैसून,Mahali pekee ambapo mafanikio huja kabla ya kazi ni katika kamusi. - Vidal Sassoon,Satu-satunya tempat di mana kesuksesan datang sebelum bekerja adalah di kamus. - Vidal Sassoon,Sèl plas kote siksè vini anvan travay se nan diksyonè a. - Vidal Sassoon,အလုပ်မစခင် အောင်မြင်မှုရရှိသည့် တစ်ခုတည်းသောနေရာသည် အဘိဓာန်တွင်ဖြစ်သည်။ - Vidal Sassoon
quote_9,main,Don't judge each day by the harvest you reap but by the seeds that you plant. - Robert Louis Stevenson,"Ne jugez pas chaque jour à la récolte que vous faites, mais aux graines que vous plantez. - Robert Louis Stevenson",不要以收获多少来评判每一天，而要以播种多少来评判。 - 罗伯特·路易斯·史蒂文森,"No juzgues cada día por la cosecha que recoges, sino por las semillas que plantas. - Robert Louis Stevenson",Huwag husgahan ang bawat araw sa aning iyong inaani kundi sa mga binhing iyong itinatanim. - Robert Louis Stevenson,Đừng đánh giá mỗi ngày qua vụ thu hoạch bạn gặt hái được mà hãy đánh giá qua những hạt giống bạn gieo trồng. - Robert Louis Stevenson,อย่าตัดสินแต่ละวันจากพืชผลที่คุณเก็บเกี่ยว แต่ให้ตัดสินจากเมล็ดพันธุ์ที่คุณหว่านลงไป - โรเบิร์ต หลุยส์ สตีเวนสัน,"Não julgue cada dia pela colheita que você colhe, mas pelas sementes que você planta. - Robert Louis Stevenson",प्रत्येक दिन को अपनी काटी गई फसल से नहीं बल्कि अपने द्वारा बोए गए बीजों से आंकें। - रॉबर्ट लुई स्टीवेन्सन,Usihukumu kila siku kwa mavuno unayovuna bali kwa mbegu ulizopanda. - Robert Louis Stevenson,"Jangan menilai setiap hari dari hasil panen yang kamu tuai, tapi dari benih yang kamu tanam. -Robert Louis Stevenson","Pa jije chak jou dapre rekòt ou rekòlte, men dapre grenn ou plante yo. - Robert Louis Stevenson",အသီးအနှံကို အသီးအနှံအလိုက် နေ့တိုင်းမစီရင်ဘဲ စိုက်သောအစေ့ကို ကြည့်ပြီး၊ - Robert Louis Stevenson
quote_10,main,The best way to predict your future is to create it. - Abraham Lincoln,La meilleure façon de prédire votre avenir est de le créer. - Abraham Lincoln,预测未来的最好方法是创造它。 - 亚伯拉罕·林肯,La mejor manera de predecir tu futuro es creándolo. - Abraham Lincoln,Ang pinakamahusay na paraan upang mahulaan ang iyong kinabukasan ay ang likhain ito. - Abraham Lincoln,Cách tốt nhất để dự đoán tương lai của bạn là tạo ra nó. - Abraham Lincoln,วิธีที่ดีที่สุดในการทำนายอนาคตของคุณคือการสร้างมันขึ้นมา - อับราฮัม ลินคอล์น,A melhor maneira de prever o seu futuro é criá-lo. - Abraham Lincoln,अपने भविष्य की भविष्यवाणी करने का सबसे अच्छा तरीका इसे बनाना है। - अब्राहम लिंकन,Njia bora ya kutabiri maisha yako ya baadaye ni kuunda. - Abraham Lincoln,Cara terbaik untuk memprediksi masa depan Anda adalah dengan menciptakannya. -Abraham Lincoln,Pi bon fason pou predi lavni ou se kreye li. - Abraram Lincoln,သင့်အနာဂတ်ကို ကြိုတင်ခန့်မှန်းရန် အကောင်းဆုံးနည်းလမ်းမှာ ၎င်းကို ဖန်တီးရန်ဖြစ်သည်။ - အေဗရာဟမ်လင်ကွန်း
quote_11,main,Hard work beats talent when talent doesn't work hard. - Tim Notke,Le travail acharné bat le talent quand le talent ne travaille pas dur. - Tim Notke,当才华不努力时，努力胜过才华。 - 蒂姆·诺特克,El trabajo duro vence al talento cuando el talento no trabaja duro. - Tim Notke,Talo ng sipag ang galing kapag ang galing ay hindi nagsisipag. - Tim Notke,Sự chăm chỉ đánh bại tài năng khi tài năng không làm việc chăm chỉ. - Tim Notke,งานหนักชนะพรสวรรค์ เมื่อพรสวรรค์ไม่ทำงานหนัก - ทิม น็อตเก้,O trabalho árduo vence o talento quando o talento não trabalha arduamente. - Tim Notke,"जब प्रतिभा कड़ी मेहनत नहीं करती, तो कड़ी मेहनत प्रतिभा को मात दे देती है। - टिम नॉटके",Kufanya kazi kwa bidii kunashinda talanta wakati talanta haifanyi kazi kwa bidii. - Tim Notke,Kerja keras mengalahkan bakat ketika bakat tidak bekerja keras. - Tim Notke,Travay di bat talan lè talan pa travay di. - Tim Notke,ပင်ကိုယ်စွမ်းရည်က အလုပ်မကြိုးစားတဲ့အခါ ပင်ကိုယ်စွမ်းရည်ကို ထက်မြက်စေတယ်။ - Tim Notke
quote_12,main,Farming looks mighty easy when your plow is a pencil and you're a thousand miles from the corn field. - Dwight D. Eisenhower,L'agriculture a l'air très facile quand votre charrue est un crayon et que vous êtes à mille kilomètres du champ de maïs. - Dwight D. Eisenhower,当你的犁是一支铅笔，而你离玉米地有一千英里远时，务农看起来非常容易。 - 德怀特·D·艾森豪威尔,La agricultura parece muy fácil cuando tu arado es un lápiz y estás a mil millas del campo de maíz. - Dwight D. Eisenhower,Ang pagsasaka ay mukhang napakadali kapag ang iyong araro ay isang lapis at ikaw ay nasa libu-libong milya ang layo mula sa bukid ng mais. - Dwight D. Eisenhower,Nông nghiệp trông có vẻ rất dễ dàng khi cái cày của bạn là một cây bút chì và bạn cách cánh đồng ngô một ngàn dặm. - Dwight D. Eisenhower,การทำฟาร์มดูเหมือนจะง่ายมากเมื่อคันไถของคุณคือดินสอ และคุณอยู่ห่างจากทุ่งข้าวโพดหนึ่งพันไมล์ - ดไวต์ ดี. ไอเซนฮาวร์,A agricultura parece muito fácil quando o seu arado é um lápis e você está a mil milhas do milharal. - Dwight D. Eisenhower,खेती करना तब बहुत आसान लगता है जब आपका हल एक पेंसिल हो और आप मक्के के खेत से हजार मील दूर हों। - ड्वाइट डी. आइजनहावर,Kilimo kinaonekana rahisi sana wakati jembe lako ni penseli na uko maili elfu moja kutoka shamba la mahindi. - Dwight D. Eisenhower,Bertani terlihat sangat mudah jika bajak Anda hanya sebatang pensil dan Anda berada ribuan mil dari ladang jagung. -Dwight D.Eisenhower,Agrikilti sanble pisan fasil lè chari ou a se yon kreyon epi ou se yon mil kilomèt de jaden an mayi. - Dwight D. Eisenhower,မင်းရဲ့ထယ်က ခဲတံဖြစ်ပြီး စပါးလယ်နဲ့ မိုင်တစ်ထောင်လောက်ဝေးတဲ့ အချိန်မှာ လယ်လုပ်ရတာ အရမ်းလွယ်တယ်။ - Dwight D. Eisenhower
quote_13,main,The master's eye fattens the pig. - Proverb,L'œil du maître engraisse le porc. - Proverbe,主人的眼睛能养肥猪。 - 谚语,El ojo del amo engorda al cerdo. - Proverbio,Ang mata ng amo ang nagpapataba sa baboy. - Salawikain,Mắt của chủ làm béo con heo. - Ngạn ngữ,สายตาของเจ้าของทำให้หมูอ้วน - สุภาษิต,O olho do dono é que engorda o porco. - Provérbio,मालिक की नजर ही सुअर को मोटा करती है। - कहावत,Jicho la bwana hunenepesha nguruwe. - Methali,Mata tuan menggemukkan babi. - Pepatah,Je mèt la angrese kochon an. - Pwovèb,သခင်၏မျက်လုံးသည် ဝက်ကို ဆူစေသည်။ - စကားပုံ
quote_14,main,Great things are done by a series of small things brought together. - Vincent Van Gogh,Les grandes choses se font par une série de petites choses rassemblées. - Vincent Van Gogh,伟大的事业是由一系列汇聚在一起的小事完成的。 - 文森特·梵高,Las cosas grandes se hacen mediante una serie de cosas pequeñas reunidas. - Vincent Van Gogh,Ang malalaking bagay ay nagagawa sa pamamagitan ng serye ng maliliit na bagay na pinagsama-sama. - Vincent Van Gogh,Những điều lớn lao được thực hiện bởi một loạt những điều nhỏ bé được tập hợp lại với nhau. - Vincent Van Gogh,สิ่งที่ยิ่งใหญ่สำเร็จได้ด้วยสิ่งเล็กน้อยหลายอย่างที่นำมารวมกัน - วินเซนต์ แวน โก๊ะ,Grandes coisas são feitas por uma série de pequenas coisas reunidas. - Vincent Van Gogh,महान कार्य एक साथ लाई गई छोटी-छोटी चीजों की श्रृंखला द्वारा किए जाते हैं। - विंसेंट वैन गॉग,Mambo makubwa hufanywa na msururu wa mambo madogo madogo yanayoletwa pamoja. - Vincent Van Gogh,Hal-hal besar dilakukan melalui serangkaian hal-hal kecil yang disatukan. -Vincent Van Gogh,Gwo bagay yo fè pa yon seri de ti bagay ki te rasanble ansanm. - Vincent Van Gogh,ကြီးကျယ်ခမ်းနားသော အရာများကို သေးငယ်သော အရာများ ဆက်တိုက် ပေါင်းစပ်၍ လုပ်ဆောင်သည်။ - ဗင်းဆင့်ဗန်ဂေါ့
quote_15,main,The foundation of every state is the education of its youth. - Diogenes,Le fondement de chaque État est l'éducation de sa jeunesse. - Diogenes,每一个国家的根基都在于对其青年的教育。 - 第欧根尼,La base de todo estado es la educación de su juventud. - Diógenes,Ang pundasyon ng bawat estado ay ang edukasyon ng kabataan nito. - Diogenes,Nền tảng của mọi quốc gia là giáo dục thanh thiếu niên. - Diogenes,รากฐานของทุกรัฐคือการศึกษาของเยาวชน - ไดโอจินีส,A base de todo estado é a educação de sua juventude. - Diógenes,हर राज्य की नींव उसके युवाओं की शिक्षा है। - डायोजनीज,Msingi wa kila jimbo ni elimu ya vijana wake. - Diogenes,Fondasi setiap negara bagian adalah pendidikan generasi mudanya. - Diogenes,Fondasyon chak eta se edikasyon jèn li yo. - Diogenes,ပြည်နယ်တိုင်း၏ အခြေခံအုတ်မြစ်သည် လူငယ်များ၏ ပညာရေးဖြစ်သည်။ - Diogenes
quote_16,main,Life on a farm is a school of patience. You can't hurry the crops or make an ox in two days. - Henri Alain,La vie à la ferme est une école de patience. On ne peut pas presser les récoltes ou faire un bœuf en deux jours. - Henri Alain,农场生活是一所耐心的学校。你不能催促庄稼生长，也不能在两天内造出一头牛。 - 亨利·阿兰,La vida en una granja es una escuela de paciencia. No puedes apresurar las cosechas ni hacer un buey en dos días. - Henri Alain,Ang buhay sa bukid ay isang paaralan ng pagtitiyaga. Hindi mo maaaring madaliin ang mga pananim o gumawa ng baka sa loob ng dalawang araw. - Henri Alain,Cuộc sống trong trang trại là một ngôi trường của lòng kiên nhẫn. Bạn không thể thúc giục cây trồng hay tạo ra một con bò trong hai ngày. - Henri Alain,ชีวิตในฟาร์มคือโรงเรียนแห่งความอดทน คุณไม่สามารถเร่งพืชผลหรือสร้างวัวในสองวันได้ - อองรี อาลัน,A vida em uma fazenda é uma escola de paciência. Você não pode apressar as colheitas ou fazer um boi em dois dias. - Henri Alain,फार्म पर जीवन धैर्य की एक पाठशाला है। आप फसलों में जल्दबाजी नहीं कर सकते या दो दिनों में बैल नहीं बना सकते। - हेनरी एलेन,Maisha ya shambani ni shule ya uvumilivu. Huwezi kuharakisha mazao au kutengeneza ng'ombe kwa siku mbili. - Henri Alain,Kehidupan di peternakan adalah sekolah kesabaran. Anda tidak bisa mempercepat panen atau menghasilkan seekor lembu dalam dua hari. - Henri Alain,Lavi nan yon fèm se yon lekòl pasyans. Ou pa ka prese rekòt yo oswa fè yon bèf nan de jou. - Henri Alain,လယ်ကွင်းဘဝသည် သည်းခံခြင်း၏ကျောင်းဖြစ်သည်။ နှစ်ရက်အတွင်း ကောက်ပဲသီးနှံများကို အလျင်စလို မလုပ်နိုင်ပါ။ - Henri Alain
quote_17,main,"Farming is not just a job, it's a way of life. - Unknown","L'agriculture n'est pas seulement un travail, c'est un mode de vie. - Inconnu",务农不只是一份工作，它是一种生活方式。 - 佚名,"La agricultura no es solo un trabajo, es una forma de vida. - Desconocido","Ang pagsasaka ay hindi lamang isang trabaho, ito ay isang paraan ng pamumuhay. - Hindi Kilala","Nông nghiệp không chỉ là một công việc, đó là một lối sống. - Khuyết danh",การทำฟาร์มไม่ใช่แค่เรื่องงาน แต่มันคือวิถีชีวิต - ไม่ระบุชื่อ,"A agricultura não é apenas um trabalho, é um modo de vida. - Desconhecido","खेती केवल एक काम नहीं है, यह जीने का एक तरीका है। - अज्ञात","Kilimo sio kazi tu, ni njia ya maisha. - Haijulikani","Bertani bukan sekedar pekerjaan, tapi cara hidup. - Tidak dikenal","Agrikilti se pa sèlman yon travay, se yon fason pou lavi. - Enkoni",လယ်ယာလုပ်ငန်းသည် အလုပ်တစ်ခုမဟုတ်၊ ဘဝနေထိုင်မှုပုံစံတစ်ခုဖြစ်သည်။ - အမည်မသိ
quote_18,main,"The goal is not to be better than the other man, but your previous self. - Dalai Lama","Le but n'est pas d'être meilleur que l'autre, mais d'être meilleur que votre moi précédent. - Dalai Lama",目标不是要比别人更好，而是要比过去的自己更好。 - 达赖喇嘛,"El objetivo no es ser mejor que el otro hombre, sino mejor que tu yo anterior. - Dalai Lama","Ang layunin ay hindi ang maging mas mahusay kaysa sa ibang tao, kundi ang maging mas mahusay kaysa sa iyong dating sarili. - Dalai Lama","Mục tiêu không phải là tốt hơn người khác, mà là tốt hơn chính bản thân mình trước đây. - Đạt Lai Lạt Ma",เป้าหมายไม่ใช่การเก่งกว่าคนอื่น แต่เป็นการเก่งกว่าตัวคุณในอดีต - ดาไล ลามะ,"O objetivo não é ser melhor do que o outro homem, mas do que o seu eu anterior. - Dalai Lama","लक्ष्य दूसरे व्यक्ति से बेहतर होना नहीं है, बल्कि अपने पिछले स्वरूप से बेहतर होना है। - दलाई लामा","Lengo sio kuwa bora kuliko mtu mwingine, lakini ubinafsi wako wa zamani. - Dalai Lama","Tujuannya bukan untuk menjadi lebih baik dari orang lain, tapi diri Anda sebelumnya. - Dalai Lama","Objektif la se pa pi bon pase lòt moun nan, men pwòp tèt ou anvan ou. - Dalayi Lama",ပန်းတိုင်က တခြားလူထက် ပိုကောင်းဖို့ မဟုတ်ဘူး၊ မင်းအရင်က ကိုယ့်ကိုကိုယ်။ - ဒလိုင်းလားမား
quote_19,main,Sustainability is about the future of our children and grandchildren. - Unknown,La durabilité concerne l'avenir de nos enfants et petits-enfants. - Inconnu,可持续发展关乎我们子孙后代的未来。 - 佚名,La sostenibilidad se trata del futuro de nuestros hijos y nietos. - Desconocido,Ang pagpapanatili ay tungkol sa kinabukasan ng ating mga anak at apo. - Hindi Kilala,Sự bền vững là về tương lai của con cái và cháu chắt chúng ta. - Khuyết danh,ความยั่งยืนคือเรื่องของอนาคตของลูกหลานเรา - ไม่ระบุชื่อ,Sustentabilidade é sobre o futuro de nossos filhos e netos. - Desconhecido,स्थायित्व हमारे बच्चों और पोते-पोतियों के भविष्य के बारे में है। - अज्ञात,Uendelevu unahusu mustakabali wa watoto na wajukuu wetu. - Haijulikani,Keberlanjutan adalah tentang masa depan anak cucu kita. - Tidak dikenal,Dirab la se sou avni pitit nou yo ak pitit pitit nou yo. - Enkoni,ရေရှည်တည်တံ့မှုသည် ကျွန်ုပ်တို့၏ သားသမီးမြေးများ၏ အနာဂတ်နှင့် ပတ်သက်သည်။ - အမည်မသိ
quote_20,main,The first duty of a farmer is to leave the soil better than he found it. - Unknown,Le premier devoir d'un agriculteur est de laisser le sol en meilleur état qu'il ne l'a trouvé. - Inconnu,农民的首要职责是让土地比他发现时更好。 - 佚名,El primer deber de un agricultor es dejar el suelo mejor de lo que lo encontró. - Desconocido,Ang unang tungkulin ng isang magsasaka ay iwanan ang lupa nang mas maayos kaysa sa natagpuan niya ito. - Hindi Kilala,Nhiệm vụ đầu tiên của một người nông dân là để lại đất đai tốt hơn so với khi anh ta tìm thấy nó. - Khuyết danh,หน้าที่แรกของเกษตรกรคือการทำให้ดินดีขึ้นกว่าตอนที่เขาพบมัน - ไม่ระบุชื่อ,O primeiro dever de um agricultor é deixar o solo melhor do que o encontrou. - Desconhecido,किसान का पहला कर्तव्य मिट्टी को उससे बेहतर स्थिति में छोड़ना है जैसा उसने उसे पाया था। - अज्ञात,Wajibu wa kwanza wa mkulima ni kuacha udongo bora kuliko alivyoupata. - Haijulikani,Tugas pertama seorang petani adalah merawat tanah dengan kondisi yang lebih baik dari yang ia temukan. - Tidak dikenal,Premye devwa yon kiltivatè se kite tè a pi bon pase li te jwenn li. - Enkoni,လယ်သမားတစ်ယောက်ရဲ့ ပထမဆုံးတာဝန်က သူတွေ့တာထက် ပိုကောင်းတဲ့မြေကို ချန်ထားဖို့ပါပဲ။ - အမည်မသိ
quote_21,main,"Work hard in silence, let your success be your noise. - Frank Ocean","Travaillez dur en silence, laissez votre succès faire du bruit. - Frank Ocean",在沉默中努力工作，让成功成为你的呐喊。 - 弗兰克·奥申,"Trabaja duro en silencio, deja que tu éxito sea tu ruido. - Frank Ocean","Magtrabaho nang mabuti sa katahimikan, hayaang ang iyong tagumpay ang maging ingay. - Frank Ocean","Làm việc chăm chỉ trong im lặng, hãy để thành công của bạn là tiếng ồn của bạn. - Frank Ocean",ทำงานหนักอย่างเงียบเชียบ และปล่อยให้ความสำเร็จส่งเสียงแทนคุณ - แฟรงก์ โอเชียน,"Trabalhe duro em silêncio, deixe seu sucesso ser seu ruído. - Frank Ocean","शांति से कड़ी मेहनत करें, अपनी सफलता को शोर मचाने दें। - फ्रैंक ओशन","Fanya kazi kwa bidii kwa ukimya, mafanikio yako yawe kelele yako. - Frank Ocean","Bekerja keraslah dalam diam, biarkan kesuksesanmu menjadi kebisinganmu. - Frank Samudera","Travay di an silans, se pou siksè ou bri ou. - Frank Oseyan",တိတ်တိတ်ဆိတ်ဆိတ်နဲ့ ကြိုးစားလုပ်ဆောင်ပါ၊ မင်းရဲ့အောင်မြင်မှုဟာ မင်းရဲ့အသံဖြစ်ပါစေ။ - Frank Ocean
quote_22,main,Persistence can change failure into extraordinary achievement. - Matt Biondi,La persévérance peut transformer l'échec en une réussite extraordinaire. - Matt Biondi,坚持可以将失败转化为非凡的成就。 - 马特·比昂迪,La persistencia puede transformar el fracaso en un logro extraordinario. - Matt Biondi,Ang pagtitiyaga ay maaaring magbago ng kabiguan tungo sa pambihirang tagumpay. - Matt Biondi,Sự kiên trì có thể biến thất bại thành thành tựu phi thường. - Matt Biondi,ความพากเพียรสามารถเปลี่ยนความล้มเหลวให้เป็นความสำเร็จที่ยิ่งใหญ่ได้ - แมตต์ บิออนดิ,A persistência pode transformar o fracasso em uma conquista extraordinária. - Matt Biondi,दृढ़ता असफलता को असाधारण उपलब्धि में बदल सकती है। - मैट बियोंडी,Ustahimilivu unaweza kubadilisha kushindwa kuwa mafanikio ya ajabu. - Matt Biondi,Kegigihan mampu mengubah kegagalan menjadi pencapaian yang luar biasa. - Matt Biondi,Pèsistans ka chanje echèk nan siksè ekstraòdinè. - Matt Biondi,ဇွဲရှိခြင်းသည် ကျရှုံးခြင်းကို ထူးကဲသော အောင်မြင်မှုအဖြစ် ပြောင်းလဲနိုင်သည်။ - Matt Biondi
quote_23,main,"A farmer's work is never done, but the rewards are eternal. - Unknown","Le travail d'un fermier n'est jamais terminé, mais les récompenses sont éternelles. - Inconnu",农民的工作永无止境，但回报是永恒的。 - 佚名,"El trabajo de un agricultor nunca termina, pero las recompensas son eternas. - Desconocido","Ang trabaho ng magsasaka ay hindi natatapos, ngunit ang mga gantimpala ay walang hanggan. - Hindi Kilala","Công việc của một người nông dân không bao giờ kết thúc, nhưng phần thưởng là vĩnh cửu. - Khuyết danh",งานของเกษตรกรไม่มีวันสิ้นสุด แต่ผลตอบแทนนั้นเป็นนิรันดร์ - ไม่ระบุชื่อ,"O trabalho de um agricultor nunca termina, mas as recompensas são eternas. - Desconhecido","एक किसान का काम कभी पूरा नहीं होता, लेकिन पुरस्कार शाश्वत होते हैं। - अज्ञात","Kazi ya mkulima haifanyiki kamwe, lakini thawabu ni za milele. - Haijulikani","Pekerjaan seorang petani tidak pernah selesai, namun imbalannya abadi. - Tidak dikenal","Travay yon kiltivatè pa janm fèt, men rekonpans yo p'ap janm fini an. - Enkoni",လယ်သမားတစ်ယောက်ရဲ့ အလုပ်က ဘယ်တော့မှ မပြီးပေမယ့် ဆုလာဘ်တွေက ထာဝရပါပဲ။ - အမည်မသိ
quote_24,main,Every day is a new opportunity to grow. - Unknown,Chaque jour est une nouvelle opportunité de grandir. - Inconnu,每一天都是成长的崭新机会。 - 佚名,Cada día es una nueva oportunidad para crecer. - Desconocido,Ang bawat araw ay isang bagong pagkakataon upang lumago. - Hindi Kilala,Mỗi ngày là một cơ hội mới để phát triển. - Khuyết danh,ทุกวันคือโอกาสใหม่ในการเติบโต - ไม่ระบุชื่อ,Cada dia é uma nova oportunidade de crescer. - Desconhecido,हर दिन बढ़ने का एक नया अवसर है। - अज्ञात,Kila siku ni fursa mpya ya kukua. - Haijulikani,Setiap hari adalah kesempatan baru untuk berkembang. - Tidak dikenal,Chak jou se yon nouvo opòtinite pou w grandi. - Enkoni,နေ့စဥ်ကြီးထွားဖို့ အခွင့်အလမ်းသစ်တစ်ခုပါ။ - အမည်မသိ
quote_25,main,Growth is never by mere chance; it is the result of forces working together. - James Cash Penney,La croissance n'est jamais le fruit du hasard ; elle est le résultat de forces travaillant ensemble. - James Cash Penney,增长绝非偶然；它是各方力量共同作用的结果。 - 詹姆斯·卡什·潘尼,El crecimiento nunca es por pura casualidad; es el resultado de fuerzas que trabajan juntas. - James Cash Penney,Ang paglago ay hindi kailanman dahil sa pagkakataon lamang; ito ay resulta ng mga puwersang nagtutulungan. - James Cash Penney,Sự tăng trưởng không bao giờ là do ngẫu nhiên; nó là kết quả của các lực lượng làm việc cùng nhau. - James Cash Penney,การเติบโตไม่ได้เกิดขึ้นโดยบังเอิญ แต่มันคือผลลัพธ์ของพลังที่ทำงานร่วมกัน - เจมส์ แคช เพนนีย์,O crescimento nunca é por mero acaso; é o resultado de forças trabalhando juntas. - James Cash Penney,विकास कभी भी केवल संयोग से नहीं होता; यह एक साथ काम करने वाली शक्तियों का परिणाम है। - जेम्स कैश पेनी,Ukuaji hauji kwa bahati mbaya tu; ni matokeo ya nguvu zinazofanya kazi pamoja. - James Cash Penney,Pertumbuhan tidak pernah terjadi secara kebetulan; itu adalah hasil dari kekuatan yang bekerja sama. - James Tunai Penney,Kwasans pa janm pa sèlman chans; se rezilta fòs k ap travay ansanm. - James Cash Penney,ကြီးထွားမှုသည် အခွင့်အခါမျှသာမဟုတ်၊ အင်အားစုများ စုပေါင်းလုပ်ဆောင်ခြင်း၏ ရလဒ်ဖြစ်သည်။ - James Cash Penney
quote_26,main,The simple life is its own reward. - Unknown,La vie simple est sa propre récompense. - Inconnu,简单生活本身就是回报。 - 佚名,La vida sencilla es su propia recompensa. - Desconocido,Ang simpleng buhay ay sarili nitong gantimpala. - Hindi Kilala,Cuộc sống giản đơn là phần thưởng của riêng nó. - Khuyết danh,ชีวิตที่เรียบง่ายคือรางวัลในตัวมันเอง - ไม่ระบุชื่อ,A vida simples é sua própria recompensa. - Desconhecido,सादा जीवन अपने आप में एक पुरस्कार है। - अज्ञात,Maisha rahisi ni malipo yake mwenyewe. - Haijulikani,Hidup sederhana adalah pahala tersendiri. - Tidak dikenal,Lavi a senp se pwòp rekonpans li. - Enkoni,ရိုးရှင်းသောဘဝသည် ၎င်း၏ကိုယ်ပိုင်ဆုလာဘ်ဖြစ်သည်။ - အမည်မသိ
quote_27,main,Farmers are the backbone of the world. - Unknown,Les agriculteurs sont la colonne vertébrale du monde. - Inconnu,农民是世界的脊梁。 - 佚名,Los agricultores son la columna vertebral del mundo. - Desconocido,Ang mga magsasaka ang gulugod ng mundo. - Hindi Kilala,Nông dân là xương sống của thế giới. - Khuyết danh,เกษตรกรคือกระดูกสันหลังของโลก - ไม่ระบุชื่อ,Os agricultores são a espinha dorsal do mundo. - Desconhecido,किसान दुनिया की रीढ़ हैं। - अज्ञात,Wakulima ni uti wa mgongo wa dunia. - Haijulikani,Petani adalah tulang punggung dunia. - Tidak dikenal,Kiltivatè yo se kolòn vètebral la nan mond lan. - Enkoni,လယ်သမားများသည် ကမ္ဘာကြီး၏ ကျောရိုးဖြစ်သည်။ - အမည်မသိ
quote_28,main,A field is only as good as the man who tends it. - Unknown,Un champ n'est bon que si l'homme qui s'en occupe l'est aussi. - Inconnu,田地的好坏取决于照料它的人。 - 佚名,Un campo es tan bueno como el hombre que lo cuida. - Desconocido,Ang isang bukid ay kasinghusay lamang ng taong nag-aalaga rito. - Hindi Kilala,Một cánh đồng chỉ tốt bằng người chăm sóc nó. - Khuyết danh,ทุ่งนาจะดีได้ก็ต่อเมื่อมีคนที่คอยดูแลมันเป็นอย่างดี - ไม่ระบุชื่อ,Um campo é tão bom quanto o homem que cuida dele. - Desconhecido,एक खेत उतना ही अच्छा होता है जितना उसे सँभालने वाला आदमी। - अज्ञात,Shamba ni nzuri tu kama mtu anayelitunza. - Haijulikani,Suatu ladang hanya akan berguna jika orang yang mengolahnya. - Tidak dikenal,Yon jaden se sèlman kòm bon jan moun ki gen tandans li. - Enkoni,လယ်ကွင်းသည် ပြုစုသူနှင့်တူ၏။ - အမည်မသိ
quote_29,main,"To a farmer, every seed is a promise. - Unknown","Pour un agriculteur, chaque graine est une promesse. - Inconnu",对于农民来说，每一颗种子都是一个承诺。 - 佚名,"Para un agricultor, cada semilla es una promesa. - Desconocido","Para sa isang magsasaka, ang bawat binhi ay isang pangako. - Hindi Kilala","Đối với một người nông dân, mỗi hạt giống là một lời hứa. - Khuyết danh",สำหรับเกษตรกร ทุกเมล็ดพันธุ์คือคำสัญญา - ไม่ระบุชื่อ,"Para um agricultor, cada semente é uma promessa. - Desconhecido","एक किसान के लिए, हर बीज एक वादा है। - अज्ञात","Kwa mkulima, kila mbegu ni ahadi. - Haijulikani","Bagi seorang petani, setiap benih adalah sebuah janji. - Tidak dikenal","Pou yon kiltivatè, chak grenn se yon pwomès. - Enkoni",လယ်သမားအတွက် မျိုးစေ့တိုင်းသည် ကတိတစ်ခုဖြစ်သည်။ - အမည်မသိ
quote_30,main,Faith is the bird that feels the light when the dawn is still dark. - Rabindranath Tagore,La foi est l'oiseau qui sent la lumière quand l'aube est encore sombre. - Rabindranath Tagore,信念是那只在黎明尚未降临时便感受到光明的鸟。 - 泰戈尔,La fe es el pájaro que siente la luz cuando el amanecer aún está oscuro. - Rabindranath Tagore,Ang pananampalataya ay ang ibon na nakararamdam ng liwanag kapag ang bukang-liwayway ay madilim pa. - Rabindranath Tagore,Đức tin là con chim cảm nhận được ánh sáng khi bình minh vẫn còn tối. - Rabindranath Tagore,ศรัทธาคือวิกที่สัมผัสได้ถึงแสงสว่างในขณะที่รุ่งอรุณยังมืดมิด - รพินทรนาถ ฐากูร,A fé é o pássaro que sente la luz quando o amanhecer ainda está escuro. - Rabindranath Tagore,विश्वास वह पक्षी है जो रोशनी को महसूस करता है जब भोर अभी भी अंधेरी होती है। - रवींद्रनाथ टैगोर,Imani ni ndege anayehisi mwanga wakati mapambazuko bado ni giza. - Rabindranath Tagore,Iman ibarat burung yang merasakan terang ketika fajar masih gelap. -Rabindranath Tagore,Lafwa se zwazo a ki santi limyè a lè douvanjou a toujou fè nwa. - Rabindranath Tagore,ယုံကြည်ခြင်းသည် အရုဏ်မမှောင်သေးသည့်အချိန်တွင် အလင်းရောင်ကို ခံစားနိုင်သော ငှက်ဖြစ်သည်။ - Rabindranath Tagore
quote_31,main,Success usually comes to those who are too busy to be looking for it. - Henry David Thoreau,Le succès vient généralement à ceux qui sont trop occupés pour le chercher. - Henry David Thoreau,成功通常降临在那些忙得没时间寻找它的人身上。 - 亨利·大卫·梭罗,El éxito suele llegar a quienes están demasiado ocupados para buscarlo. - Henry David Thoreau,Ang tagumpay ay karaniwang dumarating sa mga masyadong abala para hanapin ito. - Henry David Thoreau,Thành công thường đến với những người quá bận rộn để tìm kiếm nó. - Henry David Thoreau,ความสำเร็จมักมาหาผู้ที่ยุ่งเกินกว่าจะมองหาตัวมัน - เฮนรี เดวิด โธโร,O sucesso geralmente vem para aqueles que estão ocupados demais para procurar por ele. - Henry David Thoreau,सफलता आमतौर पर उन लोगों के पास आती है जो इसे खोजने के लिए बहुत व्यस्त होते हैं। - हेनरी डेविड थोरो,Mafanikio kwa kawaida huja kwa wale ambao wana shughuli nyingi sana wasiweze kuyatafuta. - Henry David Thoreau,Kesuksesan biasanya datang kepada mereka yang terlalu sibuk untuk mencarinya. -Henry David Thoreau,Siksè anjeneral vini nan moun ki twò okipe yo dwe chèche li. - Henry David Thoreau,အောင်မြင်မှုဆိုတာ မရှာချင်လောက်အောင် အလုပ်များနေတဲ့သူတွေဆီ လာလေ့ရှိပါတယ်။ - Henry David Thoreau
quote_32,main,There are no shortcuts to any place worth going. - Beverly Sills,Il n'y a pas de raccourcis vers les endroits qui valent la peine d'aller. - Beverly Sills,通往任何值得去的地方都没有捷径。 - 贝弗利·希尔斯,No hay atajos para ningún lugar al que valga la pena ir. - Beverly Sills,Walang mga shortcut sa anumang lugar na karapat-dapat puntahan. - Beverly Sills,Không có đường tắt đến bất cứ nơi nào xứng đáng để đi. - Beverly Sills,ไม่มีทางลัดไปยังสถานที่ใดก็ตามที่คุ้มค่าแก่การไป - เบเวอร์ลี ซิลส์,Não há atalhos para nenhum lugar que valha a pena ir. - Beverly Sills,जाने लायक किसी भी स्थान के लिए कोई छोटा रास्ता नहीं है। - बेवर्ली सिल्स,Hakuna njia za mkato za kwenda mahali popote panapostahili kwenda. - Beverly Sills,Tidak ada jalan pintas menuju tempat mana pun yang layak dikunjungi. - Beverly Kusen,Pa gen okenn rakoursi nan nenpòt kote ki vo ale. - Beverly Sills,သွားသင့်တဲ့နေရာကို ဖြတ်လမ်းမရှိပါဘူး။ - Beverly Sills
quote_33,main,Believe you can and you're halfway there. - Theodore Roosevelt,Croyez que vous pouvez et vous êtes déjà à mi-chemin. - Theodore Roosevelt,相信你能做到，你就已经成功了一半。 - 西奥多·罗斯福,Cree que puedes y estarás a mitad de camino. - Theodore Roosevelt,Maniwala kang kaya mo at nasa kalagitnaan ka na. - Theodore Roosevelt,Hãy tin rằng bạn có thể và bạn đã đi được nửa đường. - Theodore Roosevelt,เชื่อว่าคุณทำได้ และคุณก็มาได้ครึ่งทางแล้ว - ธีโอดอร์ รูสเวลต์,Acredite que você pode e você já está no meio do caminho. - Theodore Roosevelt,विश्वास करें कि आप कर सकते हैं और आप आधे रास्ते तक पहुँच गए हैं। - थियोडोर रूजवेल्ट,Amini unaweza na uko katikati ya njia. - Theodore Roosevelt,Percayalah Anda bisa dan Anda sudah setengah jalan menuju kesuksesan. - Theodore Roosevelt,Kwè ou kapab epi ou gen mwatye nan. - Theodore Roosevelt,မင်းလုပ်နိုင်မယ်လို့ ယုံကြည်ပြီး မင်းလမ်းတစ်ဝက်ရောက်နေပြီ။ - Theodore Roosevelt
quote_34,main,Your heart is like a garden. You can plant flowers or you can plant weeds. - Unknown,Votre cœur est comme un jardin. Vous pouvez planter des fleurs ou des mauvaises herbes. - Inconnu,你的心就像一个花园。你可以种花，也可以种杂草。 - 佚名,Tu corazón es como un jardín. Puedes plantar flores o puedes plantar malezas. - Desconocido,Ang iyong puso ay parang hardin. Maaari kang magtanim ng mga bulaklak o maaari kang magtanim ng mga damo. - Hindi Kilala,Trái tim bạn giống như một khu vườn. Bạn có thể trồng hoa hoặc bạn có thể trồng cỏ dại. - Khuyết danh,หัวใจของคุณก็เหมือนสวน คุณสามารถปลูกดอกไม้หรือจะปลูกวัชพืชก็ได้ - ไม่ระบุชื่อ,Seu coração é como um jardim. Você pode plantar flores ou pode plantar ervas daninhas. - Desconhecido,आपका दिल एक बगीचे की तरह है। आप फूल लगा सकते हैं या खरपतवार उगा सकते हैं। - अज्ञात,Moyo wako ni kama bustani. Unaweza kupanda maua au unaweza kupanda magugu. - Haijulikani,Hatimu seperti taman. Anda bisa menanam bunga atau menanam gulma. - Tidak dikenal,Kè ou tankou yon jaden. Ou ka plante flè oswa ou ka plante move zèb. - Enkoni,မင်းရဲ့နှလုံးသားက ဥယျာဉ်တစ်ခုလိုပါပဲ။ ပန်းပင်စိုက်နိုင်သလို ပေါင်းပင်လည်း စိုက်နိုင်ပါတယ်။ - အမည်မသိ
quote_35,main,The discovery of agriculture was the first big step toward a civilized life. - Arthur Keith,La découverte de l'agriculture a été le premier grand pas vers une vie civilisée. - Arthur Keith,农业的发现是迈向文明生活的第一大步。 - 亚瑟·基思,El descubrimiento de la agricultura fue el primer gran paso hacia una vida civilizada. - Arthur Keith,Ang pagtuklas ng agrikultura ang unang malaking hakbang tungo sa isang sibilisadong buhay. - Arthur Keith,Sự khám phá ra nông nghiệp là bước tiến lớn đầu tiên hướng tới một cuộc sống văn minh. - Arthur Keith,การค้นพบเกษตรกรรมเป็นก้าวแรกที่ยิ่งใหญ่สู่ชีวิตที่มีอารยธรรม - อาร์เธอร์ คีธ,A descoberta da agricultura foi o primeiro grande passo em direção a uma vida civilizada. - Arthur Keith,कृषि की खोज सभ्य जीवन की ओर पहला बड़ा कदम था। - आर्थर कीथ,Ugunduzi wa kilimo ulikuwa hatua ya kwanza kubwa kuelekea maisha ya kistaarabu. - Arthur Keith,Penemuan pertanian adalah langkah besar pertama menuju kehidupan yang beradab. -Arthur Keith,Dekouvèt agrikilti a se te premye gwo etap nan direksyon yon lavi sivilize. - Arthur Keith,စိုက်ပျိုးရေးကို ရှာဖွေတွေ့ရှိခြင်းသည် ယဉ်ကျေးသောဘဝဆီသို့ ပထမဆုံးခြေလှမ်းဖြစ်သည်။ - Arthur Keith
quote_36,main,Cultivators of the earth are the most valuable citizens. - Thomas Jefferson,Les cultivateurs de la terre sont les citoyens les plus précieux. - Thomas Jefferson,大地的耕耘者是最有价值的公民。 - 托马斯·杰斐逊,Los cultivadores de la tierra son los ciudadanos más valiosos. - Thomas Jefferson,Ang mga tagapagtanam sa lupa ang pinakamahalagang mamamayan. - Thomas Jefferson,Những người canh tác đất đai là những công dân có giá trị nhất. - Thomas Jefferson,ผู้เพาะปลูกบนผืนดินคือพลเมืองที่มีค่าที่สุด - โธมัส เจฟเฟอร์สัน,Cultivadores da terra são os cidadãos mais valiosos. - Thomas Jefferson,मिट्टी जोतने वाले सबसे मूल्यवान नागरिक होते हैं। - थॉमस जेफरसन,Wakulima wa ardhi ni raia wa thamani zaidi. - Thomas Jefferson,Penggarap bumi adalah warga negara yang paling berharga. -Thomas Jefferson,Kiltivatè sou tè a se sitwayen ki gen plis valè. - Thomas Jefferson,ကမ္ဘာပေါ်ရှိ ပြုစုပျိုးထောင်သူများသည် တန်ဖိုးအရှိဆုံး နိုင်ငံသားများဖြစ်သည်။ - သောမတ်စ်ဂျက်ဖာဆင်
quote_37,main,The farmer has to be an optimist or he wouldn't still be a farmer. - Will Rogers,"Le fermier doit être optimiste, sinon il ne serait pas fermier. - Will Rogers",农民必须是一个乐观主义者，否则他不会继续当农民。 - 威尔·罗杰斯,El agricultor tiene que ser optimista o no seguiría siendo agricultor. - Will Rogers,Ang magsasaka ay kailangang maging positibo o hindi na siya mananatiling magsasaka. - Will Rogers,"Người nông dân phải là một người lạc quan, nếu không anh ta sẽ không còn là một người nông dân nữa. - Will Rogers",เกษตรกรต้องเป็นคนมองโลกในแง่ดี ไม่อย่างนั้นเขาคงเลิกเป็นเกษตรกรไปแล้ว - วิล โรเจอร์ส,O agricultor tem que ser um otimista ou não continuaria sendo um agricultor. - Will Rogers,किसान को आशावादी होना चाहिए वरना वह अभी भी किसान नहीं होता। - विल रोजर्स,Mkulima anapaswa kuwa na matumaini au bado hangekuwa mkulima. - Je Rogers,"Petani harus optimis, kalau tidak ia tidak akan tetap menjadi petani. - Akankah Rogers",Kiltivatè a dwe yon optimis oswa li pa ta toujou yon kiltivatè. - Will Rogers,လယ်သမားသည် အကောင်းမြင်ဝါဒီဖြစ်ရမည် သို့မဟုတ် သူသည် လယ်သမားမဖြစ်သေးပါ။ - Will Rogers
quote_38,main,"It is only the farmer who faithfully plants seeds in the Spring, who reaps a harvest in the Autumn. - B.C. Forbes",Seul le fermier qui plante fidèlement des graines au printemps récolte à l'automne. - B.C. Forbes,只有在春天忠实播种的农民，才能在秋天收获。 - B.C. 福布斯,Solo el agricultor que planta semillas fielmente en la primavera recoge una cosecha en el otoño. - B.C. Forbes,Ang magsasaka lamang na tapat na nagtatanim ng mga binhi sa Tag-sibol ang umaani ng anihan sa Taglagas. - B.C. Forbes,Chỉ có người nông dân trung thành gieo hạt vào mùa xuân mới gặt hái được vụ thu hoạch vào mùa thu. - B.C. Forbes,มีเพียงเกษตรกรที่ปลูกเมล็ดพันธุ์อย่างซื่อสัตย์ในฤดูใบไม้ผลิเท่านั้นที่จะได้เก็บเกี่ยวผลผลิตในฤดูใบไม้ร่วง - บี.ซี. ฟอร์บส์,"É apenas o agricultor que fielmente planta sementes na Primavera, que colhe uma colheita no Outono. - B.C. Forbes","केवल वही किसान जो वसंत ऋतु में ईमानदारी से बीज बोता है, शरद ऋतु में फसल काटता है। - बी.सी. फोर्ब्स","Ni mkulima tu ambaye hupanda mbegu kwa uaminifu katika Spring, ambaye huvuna mavuno katika Autumn. -B.C. Forbes","Hanya petani yang dengan setia menanam benih di musim semi, yang menuai panen di musim gugur. - SM Forbes","Li se sèlman kiltivatè a ki fidèlman plante grenn nan sezon prentan an, ki moun ki rekòlte yon rekòt nan otòn la. - B.C. Forbes",နွေဦးတွင် မျိုးစေ့များကို သစ္စာရှိရှိ စိုက်ပျိုးသော တောင်သူတစ်ဦးတည်းသာဖြစ်ပြီး ဆောင်းဦးတွင် ရိတ်သိမ်းရသူဖြစ်သည်။ - B.C. Forbes
quote_39,main,No race can prosper till it learns that there is as much dignity in tilling a field as in writing a poem. - Booker T. Washington,Aucune race ne peut prospérer tant qu'elle n'a pas appris qu'il y a autant de dignité à cultiver un champ qu'à écrire un poème. - Booker T. Washington,除非学会耕田和写诗同样尊严，否则任何种族都无法繁荣。 - 布克·T·华盛顿,Ninguna raza puede prosperar hasta que aprenda que hay tanta dignidad en labrar un campo como en escribir un poema. - Booker T. Washington,Walang lahing uunlad hanggang sa malaman nito na may kasingdangal ang pagbubungkal ng bukid sa pagsusulat ng tula. - Booker T. Washington,Không có chủng tộc nào có thể thịnh vượng cho đến khi họ học được rằng có nhiều phẩm giá trong việc cày ruộng cũng như trong việc viết một bài thơ. - Booker T. Washington,ไม่มีเผ่าพันธุ์ใดเจริญรุ่งเรืองได้จนกว่าจะเรียนรู้ว่าการทำนามีเกียรติพอๆ กับการเขียนบทกวี - บุ๊คเกอร์ ที. วอชิงตัน,Nenhuma raça pode prosperar até aprender que há tanta dignidade em cultivar um campo quanto em escrever um poema. - Booker T. Washington,कोई भी जाति तब तक समृद्ध नहीं हो सकती जब तक वह यह न सीख ले कि खेत जोतने में उतनी ही गरिमा है जितनी कविता लिखने में। - बुकर टी. वाशिंगटन,Hakuna jamii inayoweza kufanikiwa hadi ijue kwamba kuna heshima kubwa katika kulima shamba kama vile kuandika shairi. - Booker T. Washington,Tidak ada ras yang bisa sejahtera sampai mereka mengetahui bahwa ada martabat dalam menggarap ladang seperti halnya dalam menulis puisi. - Booker T.Washington,Okenn ras pa ka pwospere jiskaske li aprann ke gen diyite nan travay yon jaden tankou nan ekri yon powèm. - Booker T. Washington,ကဗျာရေးသလိုမျိုး လယ်ထွန်ခြင်းမှာ ဂုဏ်သိက္ခာရှိတယ်ဆိုတာ သိလာရတဲ့အထိ ဘယ်လူမျိုးမှ မတိုးတက်နိုင်ပါဘူး။ - Booker T. Washington
quote_40,main,If you tickle the earth with a hoe she laughs with a harvest. - Douglas Jerrold,"Si vous chatouillez la terre avec une houe, elle rit avec une récolte. - Douglas Jerrold",如果你用锄头逗弄大地，她就会以丰收作为欢笑。 - 道格拉斯·杰罗德,"Si le haces cosquillas a la tierra con una azada, ella se ríe con una cosecha. - Douglas Jerrold","Kung kilitiin mo ang lupa gamit ang asarol, tatawa siya nang may anihan. - Douglas Jerrold","Nếu bạn thọc lét đất đai bằng một cái cuốc, cô ấy sẽ cười bằng một vụ thu hoạch. - Douglas Jerrold",หากคุณจี้แผ่นดินด้วยจอบ เธอจะหัวเราะออกมาเป็นผลผลิต - ดักลาส เจอร์โรลด์,"Se você fizer cócegas na terra com uma enxada, ela ri com uma colheita. - Douglas Jerrold",यदि आप कुदाल से धरती को गुदगुदाते हैं तो वह फसल के रूप में हंसती है। - डगलस जेरोल्ड,Ukifurahisha ardhi kwa jembe anacheka na mavuno. - Douglas Jerrold,"Jika kamu menggelitik bumi dengan cangkul, dia tertawa dengan hasil panennya. -Douglas Jerrold",Si ou chatouye tè a ak yon zo li ri ak yon rekòt. - Douglas Jerrold,မြေကြီးကို ပေါက်ပြားနဲ့ခြစ်ရင် ရိတ်သိမ်းပြီး ရယ်တယ်။ - Douglas Jerrold
quote_41,main,"Agriculture not only gives riches to a nation, but the only riches she can call her own. - Samuel Johnson","L'agriculture non seulement donne des richesses à une nation, mais les seules richesses qu'elle peut appeler siennes. - Samuel Johnson",农业不仅给国家带来财富，而且是唯一她可以称之为自己的财富。 - 塞缪尔·约翰逊,"La agricultura no solo da riquezas a una nación, sino las únicas riquezas que puede llamar suyas. - Samuel Johnson","Ang agrikultura ay hindi lamang nagbibigay ng kayamanan sa isang bansa, kundi ang tanging kayamanan na matatawag niyang sarili. - Samuel Johnson","Nông nghiệp không chỉ mang lại sự giàu có cho một quốc gia, mà là sự giàu có duy nhất mà quốc gia đó có thể gọi là của riêng mình. - Samuel Johnson",เกษตรกรรมไม่เพียงแต่ให้ความมั่งคั่งแก่ชาติ แต่ยังเป็นความมั่งคั่งเพียงอย่างเดียวที่ชาติเรียกได้ว่าเป็นของตนเอง - ซามูเอล จอห์นสัน,"A agricultura não apenas dá riquezas a uma nação, mas as únicas riquezas que ela pode chamar de suas. - Samuel Johnson","कृषि न केवल एक राष्ट्र को धन देती है, बल्कि एकमात्र ऐसा धन है जिसे वह अपना कह सकती है। - सैमुअल जॉनसन","Kilimo sio tu hutoa utajiri kwa taifa, lakini utajiri pekee anaoweza kuuita wake. - Samuel Johnson","Pertanian tidak hanya memberikan kekayaan bagi suatu bangsa, namun satu-satunya kekayaan yang bisa disebut sebagai miliknya. -Samuel Johnson","Agrikilti pa sèlman bay yon nasyon richès, men se sèl richès li ka rele pwòp. - Samyèl Johnson",စိုက်ပျိုးရေးသည် နိုင်ငံတစ်ခုအား ချမ်းသာစေရုံသာမက သူမကိုယ်သူမ ခေါ်ဆိုနိုင်သော တစ်ခုတည်းသော ချမ်းသာမှုဖြစ်သည်။ - Samuel Johnson
quote_42,main,The art of agriculture is the art of being a partner with God. - Unknown,L'art de l'agriculture est l'art d'être partenaire de Dieu. - Inconnu,农业艺术是与上帝合作的艺术。 - 佚名,El arte de la agricultura es el arte de ser socio de Dios. - Desconocido,Ang sining ng agrikultura ay ang sining ng pagiging kapareha ng Diyos. - Hindi Kilala,Nghệ thuật nông nghiệp là nghệ thuật làm đối tác với Chúa. - Khuyết danh,ศิลปะแห่งเกษตรกรรมคือศิลปะแห่งการเป็นหุ้นส่วนกับพระเจ้า - ไม่ระบุชื่อ,A arte da agricultura é a arte de ser um parceiro de Deus. - Desconhecido,कृषि की कला ईश्वर के साथ भागीदार होने की कला है। - अज्ञात,Sanaa ya kilimo ni sanaa ya kuwa mshirika na Mungu. - Haijulikani,Seni bertani adalah seni menjadi sekutu Tuhan. - Tidak dikenal,Atizay la nan agrikilti se atizay la pou yo te yon patnè ak Bondye. - Enkoni,စိုက်ပျိုးရေးအနုပညာသည် ဘုရားသခင်နှင့် မိတ်ဖက်ပြုခြင်းအနုပညာဖြစ်သည်။ - အမည်မသိ
quote_43,main,Being a farmer means you have a great deal of patience. - Unknown,Être agriculteur signifie avoir beaucoup de patience. - Inconnu,当一名农民意味着你非常有耐心。 - 佚名,Ser agricultor significa tener mucha paciencia. - Desconocido,Ang pagpapakita ng magsasaka ay nangangahulugan na mayroon kang malaking pagtitiyaga. - Hindi Kilala,Trở thành một nông dân có nghĩa là bạn có rất nhiều sự kiên nhẫn. - Khuyết danh,การเป็นเกษตรกรหมายความว่าคุณต้องมีความอดทนอย่างมาก - ไม่ระบุชื่อ,Ser agricultor significa que você tem muita paciência. - Desconhecido,किसान होने का मतलब है कि आपके पास बहुत धैर्य है। - अज्ञात,Ukiwa mkulima unamaanisha kuwa na subira kubwa. - Haijulikani,Menjadi seorang petani berarti memiliki kesabaran yang tinggi. - Tidak dikenal,Lè yon kiltivatè vle di ou gen anpil pasyans. - Enkoni,လယ်သမားဖြစ်ခြင်းဆိုသည်မှာ စိတ်ရှည်သည်းခံမှု ကြီးမားသည်။ - အမည်မသိ
quote_44,main,"Everything that slows us down and forces patience, everything that sets us back into the slow cycles of nature, is a help. - May Sarton","Tout ce qui nous ralentit et force la patience, tout ce qui nous replonge dans les cycles lents de la nature, est une aide. - May Sarton",任何让我们慢下来、迫使我们保持耐心的事情，任何让我们回到大自然缓慢循环的事情，都是一种帮助。 - 梅·萨顿,"Todo lo que nos frena y nos obliga a tener paciencia, todo lo que nos devuelve a los ciclos lentos de la naturaleza, es una ayuda. - May Sarton","Ang lahat ng nagpapabagal sa atin at nagpipilit ng pagtitiyaga, lahat ng nagbabalik sa atin sa mabagal na siklo ng kalikasan, ay isang tulong. - May Sarton","Mọi thứ làm chúng ta chậm lại và buộc chúng ta phải kiên nhẫn, mọi thứ đưa chúng ta trở lại chu kỳ chậm chạp của thiên nhiên, đều là một sự trợ giúp. - May Sarton",ทุกสิ่งที่ทำให้เราช้าลงและบังคับให้เราอดทน ทุกสิ่งที่ทำให้เรากลับสู่รอบวงจรที่เชื่องช้าของธรรมชาติ คือตัวช่วย - เมย์ ซาร์ตัน,"Tudo o que nos atrasa e nos força à paciência, tudo o que nos coloca de volta nos ciclos lentos da natureza, é uma ajuda. - May Sarton","वह सब कुछ जो हमें धीमा करता है और धैर्य के लिए मजबूर करता है, वह सब कुछ जो हमें प्रकृति के धीमे चक्रों में वापस ले जाता है, एक मदद है। - मे सार्टन","Kila kitu kinachotupunguza na kulazimisha uvumilivu, kila kitu kinachoturudisha kwenye mizunguko ya polepole ya asili, ni msaada. - Mei Sarton","Segala sesuatu yang memperlambat kita dan memaksa kita untuk bersabar, segala sesuatu yang membuat kita kembali ke siklus alam yang lambat, adalah bantuan. - Mei Sarton","Tout sa ki ralanti nou ak fòs pasyans, tout bagay ki mete nou tounen nan sik yo dousman nan lanati, se yon èd. - Me Sarton",ကျွန်ုပ်တို့ကို နှောင့်နှေးစေပြီး စိတ်ရှည်မှုကို တွန်းအားပေးသည့် အရာအားလုံး၊ သဘာဝတရား၏ နှေးကွေးသော သံသရာသို့ ပြန်လည်ရောက်ရှိစေသည့် အရာအားလုံးသည် အကူအညီတစ်ခုဖြစ်သည်။ - May Sarton
quote_45,main,The farmer is a magician who produces money from the mud. - Amit Kalantri,Le fermier est un magicien qui produit de l'argent de la boue. - Amit Kalantri,农民是一位能从泥土中变出钱来的魔术师。 - 阿米特·卡兰特里,El agricultor es un mago que produce dinero del barro. - Amit Kalantri,Ang magsasaka ay isang salamangkero na gumagawa ng pera mula sa putik. - Amit Kalantri,Người nông dân là một ảo thuật gia tạo ra tiền từ bùn đất. - Amit Kalantri,เกษตรกรคือนักมายากลที่เสกเงินขึ้นมาจากโคลนตม - อมิต กาลันตรี,O agricultor é um mágico que produz dinheiro da lama. - Amit Kalantri,किसान एक जादूगर है जो कीचड़ से पैसा निकालता है। - अमित कलंत्री,Mkulima ni mchawi ambaye hutoa pesa kutoka kwa matope. - Amit Kalantri,Petani adalah seorang pesulap yang menghasilkan uang dari lumpur. -Amit Kalantri,Kiltivatè a se yon majisyen ki pwodui lajan nan labou a. - Amit Kalantri,လယ်သမားသည် ရွှံ့နွံမှ ငွေထုတ်သော မှော်ဆရာဖြစ်သည်။ - Amit Kalantri
quote_46,main,Soil is the hidden half of nature. - Unknown,Le sol est la moitié cachée de la nature. - Inconnu,土壤是大自然隐藏的一半。 - 佚名,El suelo es la mitad oculta de la naturaleza. - Desconocido,Ang lupa ang nakatagong kalahati ng kalikasan. - Hindi Kilala,Đất là một nửa ẩn giấu của thiên nhiên. - Khuyết danh,ดินคือครึ่งหนึ่งของธรรมชาติที่ซ่อนอยู่ - ไม่ระบุชื่อ,O solo é a metade escondida da natureza. - Desconhecido,मिट्टी प्रकृति का छिपा हुआ आधा हिस्सा है। - अज्ञात,Udongo ni nusu iliyofichwa ya asili. - Haijulikani,Tanah adalah separuh alam yang tersembunyi. - Tidak dikenal,Tè se mwatye kache nan lanati. - Enkoni,မြေဆီလွှာသည် သဘာဝ၏ လျှို့ဝှက်တစ်ဝက်ဖြစ်သည်။ - အမည်မသိ
quote_47,main,Plowing is the foundation of agriculture. - Unknown,Le labourage est le fondement de l'agriculture. - Inconnu,耕耘是农业的基础。 - 佚名,Arar es la base de la agricultura. - Desconocido,Ang pag-aararo ang pundasyon ng agrikultura. - Hindi Kilala,Cày ruộng là nền tảng của nông nghiệp. - Khuyết danh,การไถคือรากฐานของเกษตรกรรม - ไม่ระบุชื่อ,Arar é a base da agricultura. - Desconhecido,हल चलाना कृषि की नींव है। - अज्ञात,Kulima ndio msingi wa kilimo. - Haijulikani,Membajak adalah fondasi pertanian. - Tidak dikenal,Raboure se fondasyon agrikilti. - Enkoni,လယ်ထွန်ခြင်းသည် စိုက်ပျိုးရေး၏ အခြေခံအုတ်မြစ်ဖြစ်သည်။ - အမည်မသိ
quote_48,main,"Nature does not hurry, yet everything is accomplished. - Lao Tzu","La nature ne se presse pas, et pourtant tout est accompli. - Lao Tzu",自然从不匆忙，却无事不成。 - 老子,"La naturaleza no se apresura, pero todo se logra. - Lao Tzu","Ang kalikasan ay hindi nagmamadali, gayunpaman ang lahat ay nagagawa. - Lao Tzu","Thiên nhiên không vội vã, nhưng mọi thứ đều hoàn thành. - Lão Tử",ธรรมชาติไม่เคยรีบร้อน แต่ทุกสิ่งก็สำเร็จลุล่วง - เล่าจื๊อ,"A natureza não tem pressa, mas tudo é realizado. - Lao Tzu","प्रकृति कभी जल्दबाजी नहीं करती, फिर भी सब कुछ पूरा हो जाता है। - लाओ त्सू","Asili haina haraka, lakini kila kitu kinakamilika. - Lao Tzu","Alam tidak terburu-buru, namun semuanya terlaksana. - Lao Tzu","Lanati pa prese, men tout bagay akonpli. - Lao Tzu",သဘာဝတရားသည် အရှိန်မပြင်းသော်လည်း အရာအားလုံး ပြီးမြောက်သည်။ - Lao Tzu
quote_49,main,One who has a land has a gold. - African Proverb,Celui qui a une terre a de l'or. - Proverbe africain,拥有土地的人就拥有黄金。 - 非洲谚语,Quien tiene una tierra tiene un oro. - Proverbio africano,Ang may lupa ay may ginto. - Salawikaing Aprikano,Người có đất là có vàng. - Ngạn ngữ Châu Phi,ผู้ที่มีที่ดินย่อมมีทองคำ - สุภาษิตแอฟริกัน,Quem tem uma terra tem um ouro. - Provérbio africano,जिसके पास जमीन है उसके पास सोना है। - अफ्रीकी कहावत,Mwenye ardhi ana dhahabu. - Methali ya Kiafrika,Orang yang mempunyai tanah mempunyai emas. - Pepatah Afrika,Yon moun ki gen yon tè gen yon lò. - Pwovèb Afriken,မြေရှိသူသည် ရွှေရှိသည်။ - အာဖရိကစကားပုံ
quote_50,main,Take care of the land and the land will take care of you. - Unknown,Prenez soin de la terre et la terre prendra soin de vous. - Inconnu,照顾好土地，土地就会照顾你。 - 佚名,Cuida la tierra y la tierra te cuidará a ti. - Desconocido,Alagaan mo ang lupa at ang lupa ang mag-aalaga sa iyo. - Hindi Kilala,Hãy chăm sóc đất đai và đất đai sẽ chăm sóc bạn. - Khuyết danh,ดูแลที่ดิน แล้วที่ดินจะดูแลคุณ - ไม่ระบุชื่อ,Cuide da terra e a terra cuidará de você. - Desconhecido,जमीन की देखभाल करें और जमीन आपकी देखभाल करेगी। - अज्ञात,Tunza ardhi na ardhi itakutunza. - Haijulikani,"Jagalah tanah itu, maka tanah itu akan menjagamu. - Tidak dikenal",Pran swen peyi a epi peyi a ap pran swen ou. - Enkoni,တပြည်လုံးကို စောင့်ရှောက်လော့။ - အမည်မသိ
quote_51,main,Small-scale farmers are the heroes of our food system. - Unknown,Les petits agriculteurs sont les héros de notre système alimentaire. - Inconnu,小规模农民是我们粮食系统的英雄。 - 佚名,Los pequeños agricultores son los héroes de nuestro sistema alimentario. - Desconocido,Ang mga maliliit na magsasaka ang mga bayani ng ating sistema ng pagkain. - Hindi Kilala,Những người nông dân quy mô nhỏ là những anh hùng trong hệ thống thực phẩm của chúng ta. - Khuyết danh,เกษตรกรรายย่อยคือวีรบุรุษในระบบอาหารของเรา - ไม่ระบุชื่อ,Pequenos agricultores são os heróis do nosso sistema alimentar. - Desconhecido,लघु स्तर के किसान हमारी खाद्य प्रणाली के नायक हैं। - अज्ञात,Wakulima wadogo ndio mashujaa wa mfumo wetu wa chakula. - Haijulikani,Petani skala kecil adalah pahlawan sistem pangan kita. - Tidak dikenal,Ti kiltivatè yo se ewo nan sistèm manje nou an. - Enkoni,အသေးစားလယ်သမားများသည် ကျွန်ုပ်တို့၏ စားနပ်ရိက္ခာစနစ်၏ သူရဲကောင်းများဖြစ်သည်။ - အမည်မသိ
quote_52,main,"Persistence is the twin sister of excellence. One is a matter of quality; the other, a matter of time. - Marabel Morgan","La persévérance est la sœur jumelle de l'excellence. L'une est une question de qualité ; l'autre, de temps. - Marabel Morgan",坚持是卓越的孪生姐妹。一个是质量问题；另一个是时间问题。 - 玛拉贝尔·摩根,"La persistencia es la hermana gemela de la excelencia. Una es cuestión de calidad; la otra, de tiempo. - Marabel Morgan",Ang pagtitiyaga ay ang kambal na kapatid ng kahusayan. Ang isa ay tungkol sa kalidad; ang isa naman ay tungkol sa oras. - Marabel Morgan,Sự kiên trì là chị em song sinh của sự xuất sắc. Một cái là vấn đề chất lượng; cái kia là vấn đề thời gian. - Marabel Morgan,ความพากเพียรคือฝาแฝดของความยอดเยี่ยม อย่างหนึ่งคือเรื่องของคุณภาพ อีกอย่างหนึ่งคือเรื่องของเวลา - มาราเบล มอร์แกน,"A persistência é a irmã gêmea da excelência. Uma é uma questão de qualidade; a outra, uma questão de tempo. - Marabel Morgan","दृढ़ता उत्कृष्टता की जुड़वां बहन है। एक गुणवत्ता की बात है; दूसरी, समय की। - माराबेल मॉर्गन","Kudumu ni dada pacha wa ubora. Moja ni suala la ubora; nyingine, ni suala la muda. - Marabel Morgan","Ketekunan adalah saudara kembar dari keunggulan. Salah satunya adalah soal kualitas; yang lain, masalah waktu. - Marabel Morgan","Pèsistans se sè jimo ekselans. Youn se yon kesyon de bon jan kalite; lòt la, yon kesyon de tan. - Marabel Morgan",ဇွဲကောင်းခြင်းသည် အမြွှာညီအစ်မဖြစ်သည်။ တစ်ခုက အရည်အသွေးကိစ္စ၊ နောက်တစ်ခုက အချိန်တစ်ခုပေါ့။ - Marabel Morgan
quote_53,main,Hard work is the formula for success. - Unknown,Le travail acharné est la formule du succès. - Inconnu,努力工作是成功的公式。 - 佚名,El trabajo duro es la fórmula para el éxito. - Desconocido,Ang sipag ang pormula para sa tagumpay. - Hindi Kilala,Làm việc chăm chỉ là công thức cho thành công. - Khuyết danh,งานหนักคือสูตรสำเร็จของความสำเร็จ - ไม่ระบุชื่อ,O trabalho árduo é a fórmula para o sucesso. - Desconhecido,कड़ी मेहनत सफलता का सूत्र है। - अज्ञात,Kufanya kazi kwa bidii ndio fomula ya mafanikio. - Haijulikani,Kerja keras adalah formula kesuksesan. - Tidak dikenal,Travay di se fòmil pou siksè. - Enkoni,ကြိုးစားအားထုတ်မှုသည် အောင်မြင်မှုအတွက် ပုံသေနည်းဖြစ်သည်။ - အမည်မသိ
quote_54,main,The sweat of the farmer is the rain for the crops. - Unknown,La sueur du fermier est la pluie pour les cultures. - Inconnu,农民的汗水是作物的雨露。 - 佚名,El sudor del agricultor es la lluvia para las cosechas. - Desconocido,Ang pawis ng magsasaka ang ulan para sa mga pananim. - Hindi Kilala,Mồ hôi của người nông dân là mưa cho mùa màng. - Khuyết danh,หยาดเหงื่อของเกษตรกรคือน้ำฝนสำหรับพืชผล - ไม่ระบุชื่อ,O suor do agricultor é a chuva para as colheitas. - Desconhecido,किसान का पसीना फसलों के लिए बारिश है। - अज्ञात,Jasho la mkulima ni mvua kwa mazao. - Haijulikani,Keringat petani adalah hujan bagi tanamannya. - Tidak dikenal,Swe kiltivatè a se lapli pou rekòt yo. - Enkoni,လယ်သမား၏ချွေးသည် ကောက်ပဲသီးနှံအတွက် မိုးရွာသည်။ - အမည်မသိ
quote_55,main,"The harder you work for something, the greater you'll feel when you achieve it. - Unknown","Plus vous travaillez dur pour quelque chose, plus vous vous sentirez bien quand vous l'obtiendrez. - Inconnu",你为某事付出的努力越多，当你实现它时你的感觉就越棒。 - 佚名,"Cuanto más duro trabajes por algo, más grande te sentirás cuando lo logres. - Desconocido","Kung mas pinaghirapan mo ang isang bagay, mas masaya ang pakiramdam mo kapag nakamit mo ito. - Hindi Kilala","Bạn càng làm việc chăm chỉ cho một điều gì đó, bạn sẽ càng cảm thấy tuyệt vời hơn khi đạt được nó. - Khuyết danh",ยิ่งคุณทำงานหนักเพื่อบางสิ่งมากเท่าไหร่ คุณจะยิ่งรู้สึกดีมากขึ้นเท่านั้นเมื่อคุณทำสำเร็จ - ไม่ระบุชื่อ,"Quanto mais você trabalhar por algo, melhor você se sentirá quando o alcançar. - Desconhecido","आप किसी चीज़ के लिए जितनी कड़ी मेहनत करेंगे, उसे हासिल करने पर आप उतना ही बेहतर महसूस करेंगे। - अज्ञात","Kadiri unavyofanya kazi kwa bidii kwa ajili ya jambo fulani, ndivyo utakavyohisi zaidi unapokifanikisha. - Haijulikani","Semakin keras Anda bekerja untuk sesuatu, semakin besar perasaan Anda saat mencapainya. - Tidak dikenal","Plis w ap travay di pou yon bagay, se plis w ap santi w lè w reyalize l. - Enkoni",တစ်စုံတစ်ခုအတွက် သင်ပိုကြိုးစားလေ၊ အောင်မြင်လာသောအခါတွင် ပို၍ခံစားရလေလေဖြစ်သည်။ - အမည်မသိ
quote_56,main,"Success is the sum of small efforts, repeated day in and day out. - Robert Collier","Le succès est la somme de petits efforts, répétés jour après jour. - Robert Collier",成功是日复一日积累的小努力的总和。 - 罗伯特·科利尔,"El éxito es la suma de pequeños esfuerzos, repetidos día tras día. - Robert Collier","Ang tagumpay ay ang kabuuan ng maliliit na pagsisikap, na inuulit araw-araw. - Robert Collier","Thành công là tổng của những nỗ lực nhỏ, được lặp đi lặp lại ngày này qua ngày khác. - Robert Collier",ความสำเร็จคือผลรวมของความพยายามเล็กๆ ที่ทำซ้ำแล้วซ้ำเล่าวันแล้ววันเล่า - โรเบิร์ต คอลลิเยอร์,"O sucesso é a soma de pequenos esforços, repetidos dia após dia. - Robert Collier","सफलता छोटे-छोटे प्रयासों का योग है, जो दिन-रात दोहराए जाते हैं। - रॉबर्ट कोलियर","Mafanikio ni jumla ya juhudi ndogo, zinazorudiwa siku hadi siku. - Robert Collier",Kesuksesan adalah hasil dari usaha-usaha kecil yang dilakukan berulang-ulang hari demi hari. - Robert Collier,"Siksè se sòm ti efò, repete jou apre jou. - Robert Collier",အောင်မြင်မှုဆိုတာ အသေးအမွှားကြိုးစားမှုရဲ့ အစုအဝေးဖြစ်ပြီး နေ့စဥ်နေ့စဉ်နဲ့အမျှ ထပ်ခါတလဲလဲလုပ်ပါ။ - Robert Collier
quote_57,main,"Dream big, work hard, stay focused. - Unknown","Rêvez grand, travaillez dur, restez concentré. - Inconnu",怀揣梦想，努力工作，保持专注。 - 佚名,"Sueña en grande, trabaja duro, mantente enfocado. - Desconocido","Mangarap nang malaki, magsipag, manatiling nakatutok. - Hindi Kilala","Mơ lớn, làm việc chăm chỉ, giữ tập trung. - Khuyết danh",ฝันให้ใหญ่ ทำงานหนัก และมีสมาธิ - ไม่ระบุชื่อ,"Sonhe alto, trabalhe duro, mantenha o foco. - Desconhecido","बड़ा सपना देखें, कड़ी मेहनत करें, केंद्रित रहें। - अज्ञात","Ndoto kubwa, fanya kazi kwa bidii, weka umakini. - Haijulikani","Bermimpilah besar, bekerja keras, tetap fokus. - Tidak dikenal","Rèv gwo, travay di, rete konsantre. - Enkoni",ကြီးကြီးကျယ်ကျယ် အိပ်မက်မက်ပြီး အလုပ်ကြိုးစား၊ အာရုံစိုက်ပါ။ - အမည်မသိ
quote_58,main,Challenges are what make life interesting and overcoming them is what makes life meaningful. - Joshua J. Marine,Les défis sont ce qui rend la vie intéressante et les surmonter est ce qui lui donne un sens. - Joshua J. Marine,挑战让生活变得有趣，而克服挑战让生活变得有意义。 - 约书亚·J·马林,Los desafíos son los que hacen la vida interesante y superarlos es lo que hace que la vida tenga sentido. - Joshua J. Marine,Ang mga hamon ang nagpapasaya sa buhay at ang pagtagumpay sa mga ito ang nagbibigay ng kahulugan sa buhay. - Joshua J. Marine,Thử thách là những gì làm cho cuộc sống trở nên thú vị và vượt qua chúng là những gì làm cho cuộc sống có ý nghĩa. - Joshua J. Marine,ความท้าทายคือสิ่งที่ทำให้ชีวิตน่าสนใจ และการเอาชนะมันคือสิ่งที่ทำให้ชีวิตมีความหมาย - โจชัว เจ. มารีน,Desafios são o que tornam a vida interessante e superá-los é o que torna a vida significativa. - Joshua J. Marine,चुनौतियां ही जीवन को दिलचस्प बनाती हैं और उन पर विजय पाना ही जीवन को अर्थपूर्ण बनाता है। - जोशुआ जे. मरीन,Changamoto ndizo zinazofanya maisha kuwa ya kuvutia na kuzishinda ndiko kunakofanya maisha kuwa na maana. - Joshua J. Marine,Tantangan adalah apa yang membuat hidup menarik dan mengatasinya adalah apa yang membuat hidup bermakna. - Joshua J. Marinir,Defi yo se sa ki fè lavi enteresan epi simonte yo se sa ki fè lavi a gen sans. - Jozye J. Marin,စိန်ခေါ်မှုများသည် ဘဝကို စိတ်ဝင်စားစေသည့်အရာဖြစ်ပြီး ၎င်းတို့ကို ကျော်ဖြတ်ခြင်းသည် ဘဝအဓိပ္ပာယ်ကို ဖြစ်စေသည်။ - Joshua J. Marine
quote_59,main,Don't wait for opportunity. Create it. - Unknown,N'attendez pas l'opportunité. Créez-la. - Inconnu,不要等待机会。去创造它。 - 佚名,No esperes la oportunidad. Créala. - Desconocido,Huwag maghintay para sa pagkakataon. Likhain ito. - Hindi Kilala,Đừng chờ đợi cơ hội. Hãy tạo ra nó. - Khuyết danh,อย่ารอโอกาส แต่จงสร้างมันขึ้นมา - ไม่ระบุชื่อ,Não espere pela oportunidade. Crie-a. - Desconhecido,अवसर का इंतजार न करें। इसे बनाएं। - अज्ञात,Usisubiri fursa. Unda. - Haijulikani,Jangan menunggu kesempatan. Ciptakan itu. - Tidak dikenal,Pa tann opòtinite. Kreye li. - Enkoni,အခွင့်အရေးကို စောင့်မနေပါနဲ့။ ဖန်တီးပါ။ - အမည်မသိ
quote_60,main,The secret of getting ahead is getting started. - Mark Twain,Le secret pour avancer est de commencer. - Mark Twain,领先的秘诀在于开始。 - 马克·吐温,El secreto para salir adelante es comenzar. - Mark Twain,Ang lihim ng pag-unlad ay ang pagsisimula. - Mark Twain,Bí mật của việc tiến lên phía trước là bắt đầu. - Mark Twain,ความลับของการก้าวไปข้างหน้าคือการเริ่มลงมือทำ - มาร์ก ทเวน,O segredo de seguir em frente é começar. - Mark Twain,आगे बढ़ने का रहस्य शुरुआत करना है। - मार्क ट्वेन,Siri ya kwenda mbele ni kuanza. - Mark Twain,Rahasia untuk maju adalah dengan memulainya. - Mark Twain,Sekrè pou w avanse se kòmanse. - Mark Twain,ရှေ့သို့တက်ခြင်း၏လျှို့ဝှက်ချက်သည် စတင်ခြင်းဖြစ်ပါသည်။ - Mark Twain
quote_61,main,"Quality is not an act, it is a habit. - Aristotle","La qualité n'est pas un acte, c'est une habitude. - Aristote",质量不是一种行为，而是一种习惯。 - 亚里士多德,"La calidad no es un acto, es un hábito. - Aristóteles","Ang kalidad ay hindi isang gawa, ito ay isang ugali. - Aristotle","Chất lượng không phải là một hành động, nó là một thói quen. - Aristotle",คุณภาพไม่ใช่การกระทำ แต่มันคือนิสัย - อริสโตเติล,"A qualidade não é um ato, é um hábito. - Aristóteles","गुणवत्ता कोई कार्य नहीं, बल्कि एक आदत है। - अरस्तू","Ubora sio kitendo, ni tabia. - Aristotle","Kualitas bukanlah sebuah tindakan, namun sebuah kebiasaan. - Aristoteles","Kalite se pa yon zak, se yon abitid. - Aristòt",အရည်အသွေးသည် အကျင့်တစ်ခုမဟုတ်၊ အကျင့်တစ်ခုဖြစ်သည်။ - Aristotle
quote_62,main,"I find that the harder I work, the more luck I seem to have. - Thomas Jefferson","Je trouve que plus je travaille dur, plus j'ai de la chance. - Thomas Jefferson",我发现我工作越努力，我的运气似乎就越好。 - 托马斯·杰斐逊,"Me parece que cuanto más duro trabajo, más suerte parezco tener. - Thomas Jefferson","Napapansin ko na kung gaano ako kasipag, tila mas sinuswerte ako. - Thomas Jefferson","Tôi thấy rằng tôi càng làm việc chăm chỉ, tôi càng gặp nhiều may mắn. - Thomas Jefferson",ฉันพบว่ายิ่งฉันทำงานหนักเท่าไหร่ ฉันก็ยิ่งดูเหมือนจะมีโชคมากขึ้นเท่านั้น - โธมัส เจฟเฟอร์สัน,"Descobri que quanto mais eu trabalho, mais sorte eu pareço ter. - Thomas Jefferson","मुझे लगता है कि मैं जितना कठिन काम करता हूँ, उतना ही अधिक भाग्य मेरा साथ देता है। - थॉमस जेफरसन","Ninaona kuwa kadiri ninavyofanya kazi kwa bidii, ndivyo ninaonekana kuwa na bahati zaidi. - Thomas Jefferson","Saya menyadari bahwa semakin keras saya bekerja, semakin banyak keberuntungan yang saya miliki. -Thomas Jefferson","Mwen jwenn ke plis mwen travay di, se plis chans mwen sanble genyen. - Thomas Jefferson",အလုပ်ပိုကြိုးစားလေလေ ကံကောင်းလေလေလို့ ထင်မြင်မိပါတယ်။ - သောမတ်စ်ဂျက်ဖာဆင်
quote_63,main,Strength and growth come only through continuous effort and struggle. - Napoleon Hill,La force et la croissance ne viennent que par des efforts et des luttes continus. - Napoleon Hill,力量和增长只能通过不断的努力和奋斗获得。 - 拿破仑·希尔,La fuerza y el crecimiento vienen solo a través del esfuerzo y la lucha continuos. - Napoleon Hill,Ang lakas at paglago ay dumarating lamang sa pamamagitan ng tuluy-tuloy na pagsisikap at pakikibaka. - Napoleon Hill,Sức mạnh và sự tăng trưởng chỉ đến thông qua nỗ lực và đấu tranh liên tục. - Napoleon Hill,ความเข้มแข็งและการเติบโตมาจากการพยายามและการต่อสู้ที่ต่อเนื่องเท่านั้น - นโปเลียน ฮิลล์,A força e o crescimento vêm apenas através de esforço e luta contínuos. - Napoleon Hill,शक्ति और विकास केवल निरंतर प्रयास और संघर्ष के माध्यम से ही आते हैं। - नेपोलियन हिल,Nguvu na ukuaji huja tu kupitia juhudi na mapambano ya kuendelea. - Napoleon Hill,Kekuatan dan pertumbuhan hanya datang melalui usaha dan perjuangan yang terus menerus. - Bukit Napoleon,Fòs ak kwasans vini sèlman nan efò kontinyèl ak lit. - Napoleon Hill,ခွန်အားနှင့် ကြီးထွားမှုသည် စဉ်ဆက်မပြတ် ကြိုးစားအားထုတ်မှုနှင့် ရုန်းကန်မှုမှသာလျှင် လာပါသည်။ - နပိုလီယံဟေးလ်
quote_64,main,Courage is not having the strength to go on; it is going on when you don't have the strength. - Theodore Roosevelt,Le courage n'est pas d'avoir la force de continuer ; c'est de continuer quand on n'a plus de force. - Theodore Roosevelt,勇气不是拥有继续前进的力量；而是在没有力量时依然继续前进。 - 西奥多·罗斯福,El coraje no es tener la fuerza para seguir; es seguir cuando no tienes fuerza. - Theodore Roosevelt,Ang lakas ng loob ay hindi ang pagkakaroon ng lakas upang magpatuloy; ito ay ang pagpapatuloy kapag wala ka nang lakas. - Theodore Roosevelt,Can đảm không phải là có sức mạnh để tiếp tục; đó là tiếp tục khi bạn không còn sức mạnh. - Theodore Roosevelt,ความกล้าหาญไม่ใช่การมีกำลังเพื่อที่จะไปต่อ แต่มันคือการไปต่อในเวลาที่คุณไม่มีกำลังเหลือแล้ว - ธีโอดอร์ รูสเวลต์,Coragem não é ter força para continuar; é continuar quando você não tem força. - Theodore Roosevelt,साहस आगे बढ़ने की शक्ति होना नहीं है; यह तब आगे बढ़ना है जब आपके पास शक्ति न हो। - थियोडोर रूजवेल्ट,Ujasiri sio kuwa na nguvu ya kuendelea; inaendelea wakati huna nguvu. - Theodore Roosevelt,Keberanian bukanlah memiliki kekuatan untuk terus maju; itu terjadi ketika Anda tidak memiliki kekuatan. - Theodore Roosevelt,Kouraj se pa gen fòs pou kontinye; li ap pase lè ou pa gen fòs la. - Theodore Roosevelt,ရဲရင့်ခြင်းသည် ရှေ့ဆက်ရန် ခွန်အားမရှိ၊ မင်းမှာ ခွန်အားမရှိတဲ့အခါ ဆက်ဖြစ်နေတာ။ - Theodore Roosevelt
quote_65,main,The road to success is always under construction. - Lily Tomlin,La route du succès est toujours en construction. - Lily Tomlin,通往成功的道路永远在建设中。 - 莉莉·汤姆林,El camino al éxito siempre está en construcción. - Lily Tomlin,Ang daan patungo sa tagumpay ay palaging nasa ilalim ng konstruksyon. - Lily Tomlin,Con đường đến thành công luôn luôn được xây dựng. - Lily Tomlin,ถนนสู่ความสำเร็จอยู่ระหว่างการก่อสร้างเสมอ - ลิลลี ทอมลิน,A estrada para o sucesso está sempre em construção. - Lily Tomlin,सफलता की सड़क हमेशा निर्माणाधीन रहती है। - लिली टอมलिन,Barabara ya mafanikio daima iko chini ya ujenzi. - Lily Tomlin,Jalan menuju kesuksesan selalu dalam pembangunan. - Lily Tomlin,Wout siksè se toujou sou konstriksyon. - Lily Tomlin,အောင်မြင်မှုဆီသွားတဲ့လမ်းက အမြဲတမ်း ဖောက်လုပ်နေတယ်။ - Lily Tomlin
quote_66,main,Failure is the condiment that gives success its flavor. - Truman Capote,L'échec est le condiment qui donne au succès sa saveur. - Truman Capote,失败是给成功增添风味的调味品。 - 杜鲁门·卡波特,El fracaso es el condimento que le da al éxito su sabor. - Truman Capote,Ang kabiguan ay ang pampalasa na nagbibigay ng lasa sa tagumpay. - Truman Capote,Thất bại là gia vị mang lại hương vị cho thành công. - Truman Capote,ความล้มเหลวคือเครื่องปรุงที่ทำให้ความสำเร็จมีรสชาติ - ทรูแมน คาโพตี,O fracasso é o condimento que dá ao sucesso o seu sabor. - Truman Capote,असफलता वह मसाला है जो सफलता को उसका स्वाद देता है। - ट्रूमैन कैपोटे,Kushindwa ni kitoweo kinachopa mafanikio ladha yake. - Truman Capote,Kegagalan adalah bumbu yang memberi cita rasa pada kesuksesan. - Truman Capote,Echèk se kondiman ki bay siksè gou li. - Truman Capote,ရှုံးနိမ့်မှုသည် အောင်မြင်မှု၏အရသာကို ပေးစွမ်းသော အရသာဖြစ်သည်။ - Truman Capote
quote_67,main,"Do not be embarrassed by your failures, learn from them and start again. - Richard Branson","Ne soyez pas embarrassé par vos échecs, apprenez d'eux et recommencez. - Richard Branson",不要为你的失败感到尴尬，从中学习并重新开始。 - 理查德·布兰森,"No te avergüences de tus fracasos, aprende de ellos y comienza de nuevo. - Richard Branson","Huwag kang mapahiya sa iyong mga kabiguan, matuto mula sa mga ito at magsimulang muli. - Richard Branson","Đừng xấu hổ bởi những thất bại của bạn, hãy học hỏi từ chúng và bắt đầu lại. - Richard Branson",อย่าอายในความล้มเหลว จงเรียนรู้จากมันและเริ่มใหม่ - ริชาร์ด แบรนสัน,"Não se sinta envergonhado por seus fracassos, aprenda com eles e comece de novo. - Richard Branson","अपनी असफलताओं से शर्मिंदा न हों, उनसे सीखें और फिर से शुरू करें। - रिचर्ड ब्रैनसन","Usiwe na aibu kwa kushindwa kwako, jifunze kutoka kwao na uanze tena. - Richard Branson","Jangan malu dengan kegagalan Anda, belajarlah dari kegagalan tersebut dan mulai lagi. - Richard Branson","Pa wont pa echèk ou yo, aprann nan men yo epi kòmanse ankò. - Richard Branson",မင်းရဲ့ ကျရှုံးမှုတွေကြောင့် မရှက်ပါနဲ့၊ အဲဒါတွေကို သင်ယူပြီး ပြန်စပါ။ - Richard Branson
quote_68,main,Hard times don't create heroes. It is during the hard times when the 'hero' within us is revealed. - Bob Riley,Les temps difficiles ne créent pas de héros. C'est pendant les temps difficiles que le 'héros' en nous se révèle. - Bob Riley,艰难时期不会创造英雄。正是在艰难时期，我们内在的‘英雄’才得以显现。 - 鲍勃·莱利,Los tiempos difíciles no crean héroes. Es durante los tiempos difíciles cuando el 'héroe' dentro de nosotros se revela. - Bob Riley,Ang mahihirap na panahon ay hindi lumilikha ng mga bayani. Ito ay sa panahon ng mahihirap na sandali na ang 'bayani' sa loob natin ay nahahayag. - Bob Riley,"Những thời điểm khó khăn không tạo ra anh hùng. Chính trong những thời điểm khó khăn, 'anh hùng' bên trong chúng ta mới được bộc lộ. - Bob Riley",ช่วงเวลาที่ยากลำบากไม่ได้สร้างวีรบุรุษ แต่เป็นช่วงเวลาที่ยากลำบากที่ 'วีรบุรุษ' ในตัวเราจะถูกเปิดเผย - บ็อบ ไรลีย์,Tempos difíceis não criam heróis. É durante os tempos difíceis que o 'herói' dentro de nós é revelado. - Bob Riley,कठिन समय नायक नहीं बनाता। यह कठिन समय के दौरान ही होता है जब हमारे भीतर का 'नायक' प्रकट होता है। - बॉब राइली,Nyakati ngumu hazitengenezi mashujaa. Ni wakati wa nyakati ngumu ambapo 'shujaa' ndani yetu anafunuliwa. - Bob Riley,Masa-masa sulit tidak menciptakan pahlawan. Pada saat-saat sulit itulah 'pahlawan' dalam diri kita terungkap. -Bob Riley,Moman difisil yo pa kreye ewo. Se nan moman difisil yo lè 'ewo' nan nou parèt. - Bob Riley,ခက်ခဲတဲ့အချိန်တွေက သူရဲကောင်းတွေကို မဖန်တီးဘူး။ ကျွန်ုပ်တို့အတွင်း၌ 'သူရဲကောင်း' ထင်ရှားလာသောအခါတွင် ခက်ခဲသောကာလဖြစ်သည်။ - Bob Riley
quote_69,main,Character is the ability to carry out a good resolution long after the excitement of the moment has passed. - Cavett Robert,Le caractère est la capacité à mener à bien une bonne résolution longtemps après que l'excitation du moment soit passée. - Cavett Robert,性格是在那一刻的兴奋过去很久之后，依然能履行良好决议的能力。 - 卡维特·罗伯特,El carácter es la capacidad de llevar a cabo una buena resolución mucho después de que la emoción del momento haya pasado. - Cavett Robert,Ang karakter ay ang kakayahang isagawa ang isang mabuting resolusyon matagal na matapos lumipas ang pananabik sa sandaling iyon. - Cavett Robert,Tính cách là khả năng thực hiện một quyết tâm tốt lâu sau khi sự phấn khích của thời điểm đó đã qua đi. - Cavett Robert,ตัวตนคือความสามารถในการทำตามความตั้งใจที่ดีได้นานหลังจากที่ความตื่นเต้นในขณะนั้นผ่านพ้นไปแล้ว - คาเวตต์ โรเบิร์ต,Caráter é a capacidade de realizar uma boa resolução muito depois que a emoção do momento passou. - Cavett Robert,चरित्र उस उत्साह के बीत जाने के बहुत बाद भी एक अच्छे संकल्प को निभाने की क्षमता है। - कैवेट रॉबर्ट,Tabia ni uwezo wa kutekeleza azimio zuri muda mrefu baada ya msisimko wa wakati huo kupita. - Cavett Robert,Karakter adalah kemampuan untuk melakukan resolusi yang baik jauh setelah kegembiraan saat itu berlalu. - Cavett Robert,Karaktè se kapasite nan pote soti nan yon bon rezolisyon lontan apre eksitasyon an nan moman sa a te pase. - Cavett Robert,Character သည် အခိုက်အတန့် စိတ်လှုပ်ရှားမှုလွန်သွားပြီးနောက် ကောင်းမွန်သော ပြတ်သားမှုကို ဖော်ဆောင်နိုင်သည့် စွမ်းရည်ဖြစ်သည်။ - Cavett Robert
quote_70,main,Your harvest will come if you do not give up. - Unknown,Votre récolte viendra si vous n'abandonnez pas. - Inconnu,如果你不放弃，你的收获终将到来。 - 佚名,Tu cosecha llegará si no te rindes. - Desconocido,Ang iyong anihan ay darating kung hindi ka susuko. - Hindi Kilala,Vụ thu hoạch của bạn sẽ đến nếu bạn không bỏ cuộc. - Khuyết danh,ผลผลิตของคุณจะมาถึงหากคุณไม่ยอมแพ้ - ไม่ระบุชื่อ,Sua colheita virá se você não desistir. - Desconhecido,यदि आप हार नहीं मानते हैं तो आपकी फसल जरूर आएगी। - अज्ञात,Mavuno yako yatakuja usipokata tamaa. - Haijulikani,Panen Anda akan tiba jika Anda tidak menyerah. - Tidak dikenal,Rekòlte w ap vini si w pa abandone. - Enkoni,အရှုံးမပေးရင် မင်းရဲ့ အသီးအနှံတွေ ရောက်လာလိမ့်မယ်။ - အမည်မသိ
farmer,main,Farmer,Éleveur,农夫,Agricultor,Magsasaka,Nông dân,เกษตรกร,Agricultor,किसान,Mkulima,Petani,Kiltivatè,လယ်သမား
ingredient_maize,main,Maize,Maïs,玉米,Maíz,Mais,Ngô (Bắp),ข้าวโพด,Milho,मक्का,Mahindi,Jagung,Mayi,ပြောင်း
ingredient_maize_bran,main,Maize bran,Son de maïs,玉米麸,Salvado de maíz,Maize bran (Tapa ng mais),Cám ngô,รำข้าวโพด,Farelo de milho,मक्का का चोकर,Pumba za mahindi,dedak jagung,Bran mayi,ပြောင်းဖွဲနု
ingredient_rice_bran,main,Rice bran,Son de riz,米糠,Salvado de arroz,Darak (Rice bran),Cám gạo,รำละเอียด,Farelo de arroz,चावल की भूसी,Pumba za mchele,Dedak padi,Bran diri,ဖွဲနု
ingredient_wheat_bran,main,Wheat bran,Son de blé,麦麸,Salvado de trigo,Wheat bran,Cám mì,รำข้าวสาลี,Farelo de trigo,गेहूं का चोकर,Ngano ya ngano,dedak gandum,Bran ble,ဂျုံဖွဲနု
ingredient_cassava_dehydrated,main,Cassava (dehydrated),Manioc (déshydraté),木薯（脱水）,Yuca (deshidratada),Dehydrated na Kamoteng-kahoy,Sắn khô,มันสำปะหลังแห้ง,Mandioca (desidratada),कसावा (निर्जलित),Muhogo (upungufu wa maji),Singkong (dehidrasi),Manyòk (dezidrate),ပီလောပီနံ (ရေဓာတ်ခန်းခြောက်)
ingredient_cassava_fresh,main,Cassava (fresh),Manioc (frais),木薯（新鲜）,Yuca (fresca),Sariwang Kamoteng-kahoy,Sắn tươi,มันสำปะหลังสด,Mandioca (fresca),कसावा (ताज़ा),Mihogo (mipya),Singkong (segar),Manyòk (fre),ပီလောပီနံ (အချို)၊
ingredient_cassava_peels,main,Cassava peels,Épluchures de manioc,木薯皮,Cáscaras de yuca,Balat ng Kamoteng-kahoy,Vỏ sắn,เปลือกมันสำปะหลัง,Cascas de mandioca,कसावा के छिलके,Maganda ya muhogo,Kulit singkong,Manyòk kale,ပီလောပီနံအခွံ
ingredient_sweet_potato_fresh,main,Sweet potato (fresh),Patate douce (fraîche),红薯（新鲜）,Camote (fresco),Sariwang Kamote,Khoai lang tươi,มันเทศสด,Batata-doce (fresca),शकरकंद (ताज़ा),Viazi vitamu (safi),Ubi jalar (segar),Pòmdetè dous (fre),ကန်စွန်းဥ (အချို)၊
ingredient_sweet_potato_dehydrated,main,Sweet potato (dehydrated),Patate douce (déshydratée),红薯（脱水）,Camote (deshidratado),Dehydrated na Kamote,Khoai lang khô,มันเทศแห้ง,Batata-doce (desidratada),शकरकंद (निर्जलित),Viazi vitamu (kilichopungukiwa na maji),Ubi jalar (dehidrasi),Pòmdetè dous (dezidrate),ကန်စွန်းဥ (ရေဓာတ်ခန်းခြောက်)
ingredient_sorghum,main,Sorghum,Sorgho,高粱,Sorgo,Sorghum,Cao lương,ข้าวฟ่าง,Sorgo,ज्वार,Mtama,Sorgum,Sorgo,ဆန်စပါး
ingredient_millet,main,Millet,Millet,小米,Mijo,Millet,Kê,ลูกเดือย,Milheto,बाजरा,Mtama,Jawawut,Pitimi,ပြောင်းဆန်
ingredient_broken_rice,main,Broken rice,Riz brisé,碎米,Arroz quebrado,Broken rice,Tấm gạo,ปลายข้าว,Arroz quebrado,टूटा हुआ चावल,Mchele uliovunjika,Nasi pecah,Diri kase,ဆန်ကွဲ
ingredient_cocoyam_sun_dried,main,Cocoyam (sun-dried),Macabo (séché au soleil),芋头（晒干）,Malanga (secada al sol),Cocoyam (Tuyo sa Araw),Khoai môn khô,เผือกตากแห้ง,Inhame (seco ao sol),अरबी (धूप में सूखी),Cocoyam (iliyokaushwa na jua),Cocoyam (dikeringkan),Cocoyam (seche solèy la),Cocoyam (နေလှန်း)
ingredient_plantain_leaves_fresh,main,Plantain leaves (fresh),Feuilles de plantain (fraîches),大蕉叶（新鲜）,Hojas de plátano (frescas),Sariwang Dahon ng Plantain (Saging),Lá chuối tươi,ใบกล้วยสด,Folhas de banana (frescas),केले के पत्ते (ताज़ा),Majani ya mmea (safi),Daun pisang raja (segar),Fèy bannann (fre),ပျောရွက် (လတ်လတ်ဆတ်ဆတ်)
ingredient_breadfruit,main,Breadfruit,Fruit à pain,面包果,Fruta de pan,Breadfruit,Quả sa kê,สาเก,Fruta-pão,ब्रेडफ्रूट,Matunda ya mkate,Buah sukun,Breadfruit,ပေါင်မုန့်
ingredient_dried_brewer_grain,main,Dried brewer grain,Drêche de brasserie séchée,干啤酒糟,Grano de cervecería seco,Dried Brewer's Grain (Sapal ng Bir),Bã bia khô,กากเบียร์แห้ง,Grão de cervejaria seco,सूखे ब्रूअर ग्रेन,Nafaka ya bia iliyokaushwa,Biji-bijian bir kering,Grenn brewer sèk,ဘီယာစပါးအခြောက်
ingredient_molasses,main,Molasses,Mélasse,糖蜜,Melaza,Molasses (Pulot),Mật rỉ đường,กากน้ำตาล,Melaço,शीरा,Molasi,Tetes,Melas,တင်လဲရည်
ingredient_soybean_meal,main,Soybean meal,Tourteau de soja,豆粕,Harina de soja,Soybean meal,Khô đậu tương,กากถั่วเหลือง,Farelo de soja,सोयाबीन का भोजन,Chakula cha soya,Bungkil kedelai,Manje soya,ပဲပုတ်ညက်
ingredient_fish_meal,main,Fish meal,Farine de poisson,鱼粉,Harina de pescado,Fish Meal (Harina ng Isda),Bột cá,ปลาป่น,Farinha de peixe,मछली का भोजन,Chakula cha samaki,Tepung ikan,Manje pwason,ငါးဟင်း
ingredient_pkc,main,PKC,Tourteau de palmiste,棕榈仁粕,Harina de semilla de palma,PKC,Khô dầu nhân cọ,กากปาล์ม,Torta de palmiste,पाम कर्नेल मील,PKC,PKC,PKC,PKC
ingredient_copra,main,Copra,Coprah,椰干,Copra,Copra,Cơm dừa,เนื้อมะพร้าวแห้ง,Copra,नारियल की गरी,Copra,Kopra,kopra,ကော့ပါး
ingredient_full_fat_soybeans,main,Full fat soybeans,Soja gras,全脂大豆,Soja integral,Full Fat Soybean,Đậu tương nguyên béo,ถั่วเหลืองเต็มไขมัน,Soja integral,पूर्ण वसा सोयाबीन,Soya kamili ya mafuta,Kedelai penuh lemak,Pwa soya plen grès,ပြည့်ဝဆီ ပဲပိစပ်
ingredient_groundnut_cake,main,Groundnut cake,Tourteau d'arachide,花生饼,Torta de maní,Groundnut Cake,Khô lạc,กากถั่วลิสง,Torta de amendoim,मूंगफली की खली,Keki ya karanga,kue kacang tanah,Gato pistach,မြေပဲကိတ်
ingredient_cottonseed_cake,main,Cottonseed cake,Tourteau de coton,棉籽饼,Torta de algodón,Cottonseed Cake,Khô bông,กากเมล็ดฝ้าย,Torta de algodão,कपास के बीज की खली,Keki ya pamba,kue biji kapas,Gato grenn koton,ချည်သားကိတ်
ingredient_sheanut_cake,main,Sheanut cake,Tourteau de karité,乳木果饼,Torta de karité,Sheanut Cake,Khô hạt mỡ,กากเมล็ดเชีย,Torta de karité,शी नट केक,Keki ya sheanut,kue kacang,Sheanut gato,Sheanut ကိတ်မုန့်
ingredient_sesame_cake,main,Sesame cake,Tourteau de sésame,芝麻饼,Torta de sésamo,Sesame Cake,Khô mè,กากงา,Torta de gergelim,तिल की खली,Keki ya Sesame,kue wijen,Sezam gato,နှမ်းကိတ်
ingredient_cashew_nut_meal,main,Cashew Nut Meal,Farine de noix de cajou,腰果粉,Harina de anacardo,Cashew Nut Meal,Bột hạt điều,กากเมล็ดมะม่วงหิมพานต์,Farelo de caju,काजू का भोजन,Mlo wa Korosho,Makanan Kacang Mete,Manje nwa kajou,သီဟိုဠ်စေ့
ingredient_cowpea,main,Cowpea,Niébé,豇豆,Caupí,Paayap (Cowpea),Đậu mắt đen,ถั่วพุ่ม,Feijão-caupi,लोबिया,Kunde,kacang tunggak,Cowpea,ကောက်ညှင်း
ingredient_pigeon_pea,main,Pigeon Pea,Pois d'angole,木豆,Gandul,Kadyos (Pigeon pea),Đậu triều,ถั่วแระ,Feijão-guandu,अरहर की दाल,Pea ya Njiwa,kacang merpati,Pwa pijon,ပဲစဉ်းငုံ
ingredient_mucuna_velvet_bean,main,Mucuna/Velvet bean,Mucuna,天鹅绒豆,Mucuna,Mucuna/Velvet bean,Đậu nhung,ถั่วกำมะหยี่,Mucuna,म्यूकुना,Mucuna/Velvet maharage,Mucuna/Kacang beludru,Mucuna / pwa velours,Mucuna/ကတ္တီပါပဲ
ingredient_locust_bean_meal,main,Locust Bean Meal,Farine de néré,槐豆粉,Harina de algarrobo,Locust Bean Meal,Bột đậu locust,กากเมล็ด locust,Farelo de alfarroba,लोकरस्ट बीन मील,Chakula cha Maharage ya Nzige,Tepung Kacang Belalang,Jwèt Locust Bean Manje,ကျိုင်းစေ့အစာ
ingredient_leucaena_leaf,main,Leucaena Leaf,Feuille de leucaena,银合欢叶,Hoja de leucaena,Dahon ng Ipil-ipil,Lá keo dậu,ใบกระถิน,Folha de leucena,ल्यूकेना की पत्ती,Jani la Leucaena,Daun Lamtoro,Leucaena fèy,Leucaena အရွက်
ingredient_moringa_leaf_meal,main,Moringa Leaf Meal,Farine de feuilles de moringa,辣木叶粉,Harina de hoja de moringa,Harina ng Dahon ng Malunggay,Bột lá chùm ngây,ใบมะรุมป่น,Farelo de folha de moringa,सहजन (मोरिंगा) पत्ती का भोजन,Mlo wa Majani ya Moringa,Makanan Daun Kelor,Manje fèy Moringa,Moringa Leaf Meal
ingredient_cassava_leaf_meal,main,Cassava Leaf Meal,Farine de feuilles de manioc,木薯叶粉,Harina de hoja de yuca,Cassava Leaf Meal,Bột lá sắn,ใบมันสำปะหลังป่น,Farelo de folha de mandioca,कसावा पत्ती का भोजन,Mlo wa Majani ya Muhogo,Tepung Daun Singkong,Manyòk Fèy Manyòk,ပီလောပီနံ အရွက်ဟင်း
ingredient_blood_meal,main,Blood Meal,Farine de sang,血粉,Harina de sangre,Blood Meal,Bột máu,เลือดแห้ง,Farinha de sangue,रक्त भोजन,Mlo wa Damu,Makanan Darah,Manje San,သွေးညစာ
ingredient_maggot_meal,main,Maggot Meal,Farine d'asticots,蛆粉,Harina de larvas,Maggot Meal (Harina ng Uod),Bột giòi,ผงหนอนแมลงวัน,Farinha de larvas,मैगॉट मील,Mlo wa Funza,Makanan Belatung,Manje mago,Maggot Meal
ingredient_snail_shell_meal,main,Snail Shell Meal,Farine de coquilles d'escargots,蜗牛壳粉,Harina de concha de caracol,Snail Shell Meal,Bột vỏ ốc,เปลือกหอยทากป่น,Farinha de casca de caracol,घोंघा खोल भोजन,Mlo wa Shell ya Konokono,Makanan Cangkang Siput,Kalmason Kalmason Manje,ခရုခွံအစားအစာ
ingredient_bone_meal,main,Bone Meal,Farine d'os,骨粉,Harina de hueso,Bone Meal,Bột xương,กระดูกป่น,Farinha de osso,हड्डी का भोजन,Mlo wa Mifupa,Tepung Tulang,Zo repa,အရိုးအစာ
ingredient_limestone,main,Limestone,Calcaire,石灰石,Caliza,Apog (Limestone),Đá vôi,หินปูน,Calcário,चूना पत्थर,Chokaa,Batu kapur,Limestone,ထုံးကျောက်
ingredient_di_calcium_phosphate,main,Di-Calcium Phosphate,Phosphate bicalcique,磷酸氢钙,Fosfato dicálcico,Di-Calcium Phosphate,Dicalcium Phosphate,ไดแคลเซียมฟอสเฟต,Fosfato dicálcico,डाई-कैल्शियम फास्फेट,Di-Calcium Phosphate,Di-Kalsium Fosfat,Di-kalsyòm fosfat,Di-Calcium Phosphate
ingredient_common_salt,main,Common salt,Sel commun,食盐,Sal común,Asin,Muối ăn,เกลือแกง,Sal comum,साधारण नमक,Chumvi ya kawaida,garam biasa,Sèl komen,ဘုံဆား
ingredient_wood_ash,main,Wood Ash,Cendre de bois,木灰,Ceniza de madera,Abong Kahoy,Tro bếp,ขี้เถ้าไม้,Cinza de madeira,लकड़ी की राख,Majivu ya Mbao,Abu Kayu,Bwa Ash,သစ်သားပြာ
ingredient_eggshell_meal,main,Eggshell meal,Farine de coquilles d'œufs,蛋壳粉,Harina de cáscara de huevo,Harina ng Balat ng Itlog,Bột vỏ trứng,เปลือกไข่ป่น,Farinha de casca de ovo,अंडे के छिलके का भोजन,Chakula cha ganda la mayai,Makanan kulit telur,Manje koki ze,ကြက်ဥခွံ ကျွေးတယ်။
ingredient_vitamin_premix,main,Vitamin Premix,Prémélange vitaminique,维生素预混料,Premezcla de vitaminas,Vitamin Premix,Vitamin Premix,วิตามินพรีมิกซ์,Premistura de vitaminas,विटामिन प्रीमिक्स,Vitamini Premix,Vitamin Premiks,Vitamin Premix,ဗီတာမင် အကြို ရောစပ်ပါ။
ingredient_mycotoxin_binder,main,Mycotoxin Binder,Liant de mycotoxines,霉菌毒素吸附剂,Aglutinante de micotoxinas,Mycotoxin Binder,Chất hấp phụ độc tố,สารจับสารพิษจากเชื้อรา,Sequestrante de micotoxinas,मायकोटॉक्सिन बाइंडर,Binder ya Mycotoxin,Pengikat Mikotoksin,Mikotoksin Binder,Mycotoxin Binder ၊
ingredient_lysine,main,Lysine,Lysine,赖氨酸,Lisina,Lysine,Lysine,ไลซีน,Lisina,लाइसिन,Lysine,lisin,Lizin,Lysine
ingredient_methionine,main,Methionine,Méthionine,蛋氨酸,Metionina,Methionine,Methionine,เมไทโอนีน,Metionina,मेथियोनिन,Methionine,Metionin,Metionin,Methionine
uncategorized,main,Uncategorized,Non classé,未分类,Sin categorizar,Walang Kategorya,Chưa phân loại,ไม่ระบุหมวดหมู่,Sem categoria,अवर्गीकृत,Isiyowekwa katika kundi,Tidak dikategorikan,Uncategorized,အမျိုးအစားခွဲခြားထားခြင်းမရှိပါ။
main_category,main,Main Category,Catégorie principale,主要类别,Categoría principal,Pangunahing Kategorya,Danh mục chính,หมวดหมู่หลัก,Categoria principal,मुख्य श्रेणी,Kategoria Kuu,Kategori Utama,Kategori prensipal,ပင်မအမျိုးအစား
sub_category_optional,main,Sub-category (optional),Sous-catégorie (optionnel),子类别（可选）,Subcategoría (opcional),Sub-kategorya (opsyonal),Danh mục phụ (tùy chọn),หมวดหมู่ย่อย (ไม่จำเป็น),Subcategoria (opcional),उप-श्रेणी (वैकल्पिक),Kitengo kidogo (si lazima),Subkategori (opsional),Sou-kategori (opsyonèl),အမျိုးအစားခွဲ (ချန်လှပ်ထားနိုင်သည်)
dry_matter_pct,main,Dry Matter %,Matière sèche %,干物质 %,Materia seca %,Dry Matter %,Vật chất khô %,วัตถุแห้ง %,Matéria seca %,शुष्क पदार्थ %,Kavu %,Bahan Kering %,% matyè sèk,ခြောက်သွေ့သော အရာ %
crude_protein_pct_short,main,Crude Protein %,Protéine brute %,粗蛋白 %,Proteína cruda %,Crude Protein %,Đạm thô %,โปรตีนดิบ %,Proteína bruta %,कच्चा प्रोटीन %,% ya protini ghafi,% Protein Kasar,Pwoteyin brit,ပရိုတင်းအစိမ်း %
metabolizable_energy_kcal_kg,main,Metabolizable Energy (kcal/kg),Énergie métabolisable (kcal/kg),代谢能 (kcal/kg),Energía metabolizable (kcal/kg),Metabolizable Energy (kcal/kg),Năng lượng trao đổi (kcal/kg),พลังงานใช้ประโยชน์ได้ (kcal/kg),Energia metabolizável (kcal/kg),चयापचय ऊर्जा (kcal/kg),Nishati Inayoweza Metabolizable (kcal/kg),Energi Metabolisme (kkal/kg),Enèji metabolizab (kcal/kg),ဇီဝြဖစ်ပျက်နိုင်သောစွမ်းအင် (kcal/kg)
lysine_pct_short,main,Lysine %,Lysine %,赖氨酸 %,Lisina %,Lysine %,Lysine %,ไลซีน %,Lisina %,लाइसिन %,Lysine %,Lisin %,% lizin,Lysine %
calcium_pct_short,main,Calcium %,Calcium %,钙 %,Calcio %,Calcium %,Canxi %,แคลเซียม %,Cálcio %,कैल्शियम %,Calcium %,Kalsium%,% kalsyòm,ကယ်လ်စီယမ် %
phosphorus_pct_short,main,Phosphorus %,Phosphore %,磷 %,Fósforo %,Phosphorus %,Phốt pho %,ฟอสฟอรัส %,Fósforo %,फास्फोरस %,Phosphorus %,Fosfor%,% Fosfò,ဖော့စဖရပ် %
fiber_pct_short,main,Fiber %,Fibre %,纤维 %,Fibra %,Fiber %,Xơ %,เยื่อใย %,Fibra %,फाइबर %,Fiber %,Serat%,% fib,ဖိုက်ဘာ %
fat_pct_short,main,Fat %,Gras %,脂肪 %,Grasa %,Fat %,Béo %,ไขมัน %,Gordura %,वसा %,Mafuta %,Gemuk %,% grès,အဆီ %
formulation_for,main,Formulation for %s,Formulation pour %s,%s 的配方,Formulación para %s,Formulation para sa %s,Công thức cho %s,สูตรอาหารสำหรับ %s,Formulação para %s,%s के लिए फॉर्मुलेशन,Uundaji wa %s,Formulasi untuk %s,Fòmasyon pou %s,%s အတွက် ဖော်မြူလာ
edit_feed_ingredient,main,Edit Feed Ingredient,Modifier l'ingrédient,编辑饲料成分,Editar ingrediente,I-edit ang Sangkap,Chỉnh sửa thành phần,แก้ไขวัตถุดิบ,Editar ingrediente,चारा सामग्री संपादित करें,Hariri Kiambato cha Kulisha,Edit Bahan Pakan,Edit Engredyan Feed,Feed ပါဝင်ပစ္စည်းကို တည်းဖြတ်ပါ။
cassava_fresh,main,Cassava (fresh),Manioc (frais),木薯（新鲜）,Yuca (fresca),Sariwang Kamoteng-kahoy,Sắn tươi,มันสำปะหลังสด,Mandioca (fresca),कसावा (ताज़ा),Mihogo (mipya),Singkong (segar),Manyòk (fre),ပီလောပီနံ (အချို)၊
cassava_peels,main,Cassava peels,Épluchures de manioc,木薯皮,Cáscaras de yuca,Balat ng Kamoteng-kahoy,Vỏ sắn,เปลือกมันสำปะหลัง,Cascas de mandioca,कसावा के छिलके,Maganda ya muhogo,Kulit singkong,Manyòk kale,ပီလောပီနံအခွံ
sweet_potato_fresh,main,Sweet potato (fresh),Patate douce (fraîche),红薯（新鲜）,Camote (fresco),Sariwang Kamote,Khoai lang tươi,มันเทศสด,Batata-doce (fresca),शकरकंद (ताज़ा),Viazi vitamu (safi),Ubi jalar (segar),Pòmdetè dous (fre),ကန်စွန်းဥ (အချို)၊
sweet_potato_dehydrated,main,Sweet potato (dehydrated),Patate douce (déshydratée),红薯（脱水）,Camote (deshidratado),Dehydrated na Kamote,Khoai lang khô,มันเทศแห้ง,Batata-doce (desidratada),शकरकंद (निर्जलीकृत),Viazi vitamu (kilichopungukiwa na maji),Ubi jalar (dehidrasi),Pòmdetè dous (dezidrate),ကန်စွန်းဥ (ရေဓာတ်ခန်းခြောက်)
sorghum,main,Sorghum,Sorgho,高粱,Sorgo,Sorghum,Cao lương,ข้าวฟ่าง,Sorgo,ज्वार,Mtama,Sorgum,Sorgo,ဆန်စပါး
millet,main,Millet,Millet,小米,Mijo,Millet,Kê,ลูกเดือย,Milheto,बाजरा,Mtama,Jawawut,Pitimi,ပြောင်းဆန်
broken_rice,main,Broken rice,Riz brisé,碎米,Arroz quebrado,Broken rice,Tấm gạo,ปลายข้าว,Arroz quebrado,टूटा हुआ चावल,Mchele uliovunjika,Nasi pecah,Diri kase,ဆန်ကွဲ
cocoyam_sun_dried,main,Cocoyam (sun-dried),Macabo (séché au soleil),芋头（晒干）,Malanga (secada al sol),Cocoyam (Tuyo sa Araw),Khoai môn khô,เผือกตากแห้ง,Inhame (seco ao sol),अरबी (धूप में सूखी),Cocoyam (iliyokaushwa na jua),Cocoyam (dikeringkan),Cocoyam (seche solèy la),Cocoyam (နေလှန်း)
plantain_leaves_fresh,main,Plantain leaves (fresh),Feuilles de plantain (fraîches),大蕉叶（新鲜）,Hojas de plátano (frescas),Sariwang Dahon ng Plantain (Saging),Lá chuối tươi,ใบกล้วยสด,Folhas de banana (frescas),केले के पत्ते (ताज़ा),Majani ya mmea (safi),Daun pisang raja (segar),Fèy bannann (fre),ပျောရွက် (လတ်လတ်ဆတ်ဆတ်)
breadfruit,main,Breadfruit,Fruit à pain,面包果,Fruta de pan,Breadfruit,Quả sa kê,สาเก,Fruta-pão,ब्रेडफ्रूट,Matunda ya mkate,Buah sukun,Breadfruit,ပေါင်မုန့်
dried_brewer_grain,main,Dried brewer grain,Drêche de brasserie séchée,干啤酒糟,Grano de cervecería seco,Dried Brewer's Grain (Sapal ng Bir),Bã bia khô,กากเบียร์แห้ง,Grão de cervejaria seco,सूखे ब्रूअर ग्रेन,Nafaka ya bia iliyokaushwa,Biji-bijian bir kering,Grenn brewer sèk,ဘီယာစပါးအခြောက်
molasses,main,Molasses,Mélasse,糖蜜,Melaza,Molasses (Pulot),Mật rỉ đường,กากน้ำตาล,Melaço,शीरा,Molasi,Tetes,Melas,တင်လဲရည်
pkc,main,PKC,Tourteau de palmiste,棕榈仁粕,Harina de semilla de palma,PKC,Khô dầu nhân cọ,กากปาล์ม,Torta de palmiste,पाम कर्नेल मील,PKC,PKC,PKC,PKC
copra,main,Copra,Coprah,椰干,Copra,Copra,Cơm dừa,เนื้อมะพร้าวแห้ง,Copra,नारियल की गरी,Copra,Kopra,kopra,ကော့ပါး
full_fat_soybeans,main,Full fat soybeans,Soja gras,全脂大豆,Soja integral,Full Fat Soybean,Đậu tương nguyên béo,ถั่วเหลืองเต็มไขมัน,Soja integral,पूर्ण वसा सोयाबीन,Soya kamili ya mafuta,Kedelai penuh lemak,Pwa soya plen grès,ပြည့်ဝဆီ ပဲပိစပ်
groundnut_cake,main,Groundnut cake,Tourteau d'arachide,花生饼,Torta de maní,Groundnut Cake,Khô lạc,กากถั่วลิสง,Torta de amendoim,मूँगफली की खली,Keki ya karanga,kue kacang tanah,Gato pistach,မြေပဲကိတ်
cottonseed_cake,main,Cottonseed cake,Tourteau de coton,棉籽饼,Torta de algodón,Cottonseed Cake,Khô bông,กากเมล็ดฝ้าย,Torta de algodão,कपास के बीज की खली,Keki ya pamba,kue biji kapas,Gato grenn koton,ချည်သားကိတ်
sheanut_cake,main,Sheanut cake,Tourteau de karité,乳木果饼,Torta de karité,Sheanut Cake,Khô hạt mỡ,กากเมล็ดเชีย,Torta de karité,शी नट केक,Keki ya sheanut,kue kacang,Sheanut gato,Sheanut ကိတ်မုန့်
sesame_cake,main,Sesame cake,Tourteau de sésame,芝麻饼,Torta de sésamo,Sesame Cake,Khô mè,กากงา,Torta de gergelim,तिल की खली,Keki ya Sesame,kue wijen,Sezam gato,နှမ်းကိတ်
cashew_nut_meal,main,Cashew Nut Meal,Farine de noix de cajou,腰果粉,Harina de anacardo,Cashew Nut Meal,Bột hạt điều,กากเมล็ดมะม่วงหิมพานต์,Farelo de caju,काजू का भोजन,Mlo wa Korosho,Makanan Kacang Mete,Manje nwa kajou,သီဟိုဠ်စေ့
cowpea,main,Cowpea,Niébé,豇豆,Caupí,Paayap (Cowpea),Đậu mắt đen,ถั่วพุ่ม,Feijão-caupi,लोबिया,Kunde,kacang tunggak,Cowpea,ကောက်ညှင်း
pigeon_pea,main,Pigeon Pea,Pois d'angole,木豆,Gandul,Kadyos (Pigeon pea),Đậu triều,ถั่วแระ,Feijão-guandu,अरहर की दाल,Pea ya Njiwa,kacang merpati,Pwa pijon,ပဲစဉ်းငုံ
mucuna_velvet_bean,main,Mucuna/Velvet bean,Mucuna,天鹅绒豆,Mucuna,Mucuna/Velvet bean,Đậu nhung,ถั่วกำมะหยี่,Mucuna,म्यूकुना,Mucuna/Velvet maharage,Mucuna/Kacang beludru,Mucuna / pwa velours,Mucuna/ကတ္တီပါပဲ
locust_bean_meal,main,Locust Bean Meal,Farine de néré,槐豆粉,Harina de algarrobo,Locust Bean Meal,Bột đậu locust,กากเมล็ด locust,Farelo de alfarroba,लोकस्ट बीन मील,Chakula cha Maharage ya Nzige,Tepung Kacang Belalang,Jwèt Locust Bean Manje,ကျိုင်းစေ့အစာ
leucaena_leaf,main,Leucaena Leaf,Feuille de leucaena,银合欢叶,Hoja de leucaena,Dahon ng Ipil-ipil,Lá keo dậu,ใบกระถิน,Folha de leucena,ल्यूकेना की पत्ती,Jani la Leucaena,Daun Lamtoro,Leucaena fèy,Leucaena အရွက်
moringa_leaf_meal,main,Moringa Leaf Meal,Farine de feuilles de moringa,辣木叶粉,Harina de hoja de moringa,Harina ng Dahon ng Malunggay,Bột lá chùm ngây,ใบมะรุมป่น,Farelo de folha de moringa,सहजन (मोरिंगा) पत्ती का भोजन,Mlo wa Majani ya Moringa,Makanan Daun Kelor,Manje fèy Moringa,Moringa Leaf Meal
cassava_leaf_meal,main,Cassava Leaf Meal,Farine de feuilles de manioc,木薯叶粉,Harina de hoja de yuca,Cassava Leaf Meal,Bột lá sắn,ใบมันสำปะหลังป่น,Farelo de folha de mandioca,कसावा पत्ती का भोजन,Mlo wa Majani ya Muhogo,Tepung Daun Singkong,Manyòk Fèy Manyòk,ပီလောပီနံ အရွက်ဟင်း
blood_meal,main,Blood Meal,Farine de sang,血粉,Harina de sangre,Blood Meal,Bột máu,เลือดแห้ง,Farinha de sangue,रक्त भोजन,Mlo wa Damu,Makanan Darah,Manje San,သွေးညစာ
maggot_meal,main,Maggot Meal,Farine d'asticots,蛆粉,Harina de larvas,Maggot Meal (Harina ng Uod),Bột giòi,ผงหนอนแมลงวัน,Farinha de larvas,मैगॉट मील,Mlo wa Funza,Makanan Belatung,Manje mago,Maggot Meal
snail_shell_meal,main,Snail Shell Meal,Farine de coquilles d'escargots,蜗牛壳粉,Harina de concha de caracol,Snail Shell Meal,Bột vỏ ốc,เปลือกหอยทากป่น,Farinha de casca de caracol,घोंघा खोल भोजन,Mlo wa Shell ya Konokono,Makanan Cangkang Siput,Kalmason Kalmason Manje,ခရုခွံအစားအစာ
bone_meal,main,Bone Meal,Farine d'os,骨粉,Harina de hueso,Bone Meal,Bột xương,กระดูกป่น,Farinha de osso,हड्डी का भोजन,Mlo wa Mifupa,Tepung Tulang,Zo repa,အရိုးအစာ
limestone,main,Limestone,Calcaire,石灰石,Caliza,Apog (Limestone),Đá vôi,หินปูน,Calcário,चूना पत्थर,Chokaa,Batu kapur,Limestone,ထုံးကျောက်
di_calcium_phosphate,main,Di-Calcium Phosphate,Phosphate bicalcique,磷酸氢钙,Fosfato dicálcico,Di-Calcium Phosphate,Dicalcium Phosphate,ไดแคลเซียมฟอสเฟต,Fosfato dicálcico,डाई-कैल्शियम फास्फेट,Di-Calcium Phosphate,Di-Kalsium Fosfat,Di-kalsyòm fosfat,Di-Calcium Phosphate
wood_ash,main,Wood Ash,Cendre de bois,木灰,Ceniza de madera,Abong Kahoy,Tro bếp,ขี้เถ้าไม้,Cinza de madeira,लकड़ी की राख,Majivu ya Mbao,Abu Kayu,Bwa Ash,သစ်သားပြာ
eggshell_meal,main,Eggshell meal,Farine de coquilles d'œufs,蛋壳粉,Harina de cáscara de huevo,Harina ng Balat ng Itlog,Bột vỏ trứng,เปลือกไข่ป่น,Farinha de casca de ovo,अंडे के छिलके का भोजन,Chakula cha ganda la mayai,Makanan kulit telur,Manje koki ze,ကြက်ဥခွံ ကျွေးတယ်။
lysine,main,Lysine,Lysine,赖氨酸,Lisina,Lysine,Lysine,ไลซีน,Lisina,लाइसिन,Lysine,lisin,Lizin,Lysine
methionine,main,Methionine,Méthionine,蛋氨酸,Metionina,Methionine,Methionine,เมไทโอนีน,Metionina,मेथियोनिन,Methionine,Metionin,Metionin,Methionine
coconut_cake,main,Coconut cake,Tourteau de coco,椰子饼,Torta de coco,Coconut Cake,Bã dừa,กากมะพร้าว,Torta de coco,नारियल की खली,Keki ya nazi,kue kelapa,Coconut gato,အုန်းကိတ်
full_fat_soybean,main,Full fat soybean,Soja entier,全脂大豆,Soya integral,Full Fat Soybean,Đậu nành nguyên dầu,ถั่วเหลืองไขมันเต็ม,Soja integral,फुल फैट सोयाबीन,Mafuta kamili ya soya,Kedelai penuh lemak,Plen grès soya,ပြည့်ဝဆီ ပဲပုပ်
dried_brewers_grain,main,Dried brewers grain,Drêches de brasserie séchées,啤酒糟,Granos de destilería secos,Dried Brewer's Grain (Sapal ng Bir),Bã bia khô,กากเบียร์แห้ง,Resíduo seco de cervejaria,ड्राइड ब्रुअर्स ग्रेन,Watengenezaji wa pombe kavu nafaka,Biji-bijian bir kering,Grenn brasri sèk,ဘီယာချက်တဲ့ စပါးခြောက်
ingredient_coconut_cake,main,Coconut cake,Tourteau de coco,椰子饼,Torta de coco,Coconut Cake,Bã dừa,กากมะพร้าว,Torta de coco,नारियल की खली,Keki ya nazi,kue kelapa,Coconut gato,အုန်းကိတ်
ingredient_full_fat_soybean,main,Full fat soybean,Soja entier,全脂大豆,Soya integral,Full Fat Soybean,Đậu nành nguyên dầu,ถั่วเหลืองไขมันเต็ม,Soja integral,फुल फैट सोयाबीन,Mafuta kamili ya soya,Kedelai penuh lemak,Plen grès soya,ပြည့်ဝဆီ ပဲပုပ်
ingredient_dried_brewers_grain,main,Dried brewers grain,Drêches de brasserie séchées,啤酒糟,Granos de destilería secos,Dried Brewer's Grain (Sapal ng Bir),Bã bia khô,กากเบียร์แห้ง,Resíduo seco de cervejaria,ड्राइड ब्रुअर्स ग्रेन,Watengenezaji wa pombe kavu nafaka,Biji-bijian bir kering,Grenn brasri sèk,ဘီယာချက်တဲ့ စပါးခြောက်
schedule_next,main,Schedule Next,Planifier le suivant,安排下一次,Programar siguiente,Mag-iskedyul ng Susunod,Lên lịch tiếp theo,กำหนดการถัดไป,Agendar Próximo,अगला शेड्यूल करें,Ratiba Inayofuata,Jadwal Selanjutnya,Orè Next,နောက်တစ်ခု အစီအစဉ်ဆွဲပါ။
next_activity_date,main,Next Activity Date,Date de la prochaine activité,下一次活动日期,Fecha de la próxima actividad,Petsa ng Susunod na Aktibidad,Ngày hoạt động tiếp theo,วันที่กิจกรรมถัดไป,Data da Próxima Atividade,अगली गतिविधि की तारीख,Tarehe ya Shughuli Inayofuata,Tanggal Kegiatan Berikutnya,Dat Pwochen Aktivite,နောက်တစ်ခု လုပ်ဆောင်ချက်နေ့စွဲ
dosage_with_value,main,Dosage: %s,Dosage : %s,剂量: %s,Dosis: %s,Dosage: %s,Liều lượng: %s,ปริมาณ: %s,Dosagem: %s,खुराक: %s,Kipimo: %s,Dosis: %s,Dòz: %s,ဆေးပမာဏ- %s
please_wait,main,Please Wait,Veuillez patienter,请稍候,"Por favor, espere",Mangyaring Maghintay,Vui lòng đợi,กรุณารอสักครู่,"Por favor, aguarde",कृपया प्रतीक्षा करें,Tafadhali Subiri,Harap tunggu,Tanpri tann,ကျေးဇူးပြုပြီးခဏစောင့်ပါ
generating_feed_requirements_pdf,main,Generating Feed Requirements PDF...,Génération du PDF des besoins nutritionnels...,正在生成饲料需求 PDF...,Generando PDF de requisitos de alimentación...,Binubuo ang Feed Requirements PDF...,Đang tạo PDF yêu cầu thức ăn...,กำลังสร้าง PDF ความต้องการอาหาร...,Gerando PDF de requisitos de alimentação...,चारा आवश्यकताएँ पीडीएफ जनरेट हो रही है...,Inazalisha Mahitaji ya Milisho ya PDF...,Menghasilkan Persyaratan Umpan PDF...,Jenere Kondisyon Feed PDF...,Feed Requirements PDF ကို ထုတ်လုပ်နေသည်...
generating_feed_formulation_pdf,main,Generating Feed Formulation PDF...,Génération du PDF de formulation d'aliments...,正在生成饲料配方 PDF...,Generando PDF de formulación de alimentos...,Binubuo ang Feed Formulation PDF...,Đang tạo PDF công thức thức ăn...,กำลังสร้าง PDF สูตรอาหาร...,Gerando PDF de formulação de ração...,चारा फॉर्मूलेशन पीडीएफ जनरेट हो रही है...,Inazalisha PDF ya Uundaji wa Milisho...,Menghasilkan Formulasi Pakan PDF...,Jenere PDF Fòmasyon Feed...,Feed Formulation PDF ကို ထုတ်လုပ်နေသည်...
generating_feed_report_pdf,main,Generating Feed Report PDF...,Génération du PDF du rapport d'alimentation...,正在生成饲料报告 PDF...,Generando PDF de informe de alimentación...,Binubuo ang Feed Report PDF...,Đang tạo PDF báo cáo thức ăn...,กำลังสร้าง PDF รายงานอาหาร...,Gerando PDF de relatório de alimentação...,चारा रिपोर्ट पीडीएफ जनरेट हो रही है...,Inazalisha PDF ya Ripoti ya Milisho...,Menghasilkan Laporan Umpan PDF...,Jenere PDF Rapò Feed...,ဖိဒ်အစီရင်ခံစာ PDF ထုတ်ပေးနေသည်...
generating_financial_report_pdf,main,Generating Financial Report PDF...,Génération du PDF du rapport financier...,正在生成财务报告 PDF...,Generando PDF de informe financiero...,Binubuo ang Financial Report PDF...,Đang tạo PDF báo cáo tài chính...,กำลังสร้าง PDF รายงานทางการเงิน...,Gerando PDF de relatório financeiro...,वित्तीय रिपोर्ट पीडीएफ जनरेट हो रही है...,Inazalisha PDF ya Ripoti ya Fedha...,Menghasilkan Laporan Keuangan PDF...,Jenerasyon Rapò Finansye PDF...,ဘဏ္ဍာရေးအစီရင်ခံစာ PDF ထုတ်ပေးနေသည်...
generating_herd_report_pdf,main,Generating Herd Report PDF...,Génération du PDF du rapport du troupeau...,正在生成猪群报告 PDF...,Generando PDF de informe del ganado...,Binubuo ang Herd Report PDF...,Đang tạo PDF báo cáo đàn...,กำลังสร้าง PDF รายงานฝูงสัตว์...,Gerando PDF de relatório do rebanho...,झुंड रिपोर्ट पीडीएफ जनरेट हो रही है...,Inazalisha PDF ya Ripoti ya Mifugo...,Menghasilkan Laporan Kawanan PDF...,Jenerasyon PDF rapò bann bèt...,Herd အစီရင်ခံစာ PDF ထုတ်ပေးနေသည်...
generating_hr_report_pdf,main,Generating HR Report PDF...,Génération du PDF du rapport RH...,正在生成人力资源报告 PDF...,Generando PDF de informe de RRHH...,Binubuo ang HR Report PDF...,Đang tạo PDF báo cáo nhân sự...,กำลังสร้าง PDF รายงานทรัพยากรบุคคล...,Gerando PDF de relatório de RH...,एचआर रिपोर्ट पीडीएफ जनरेट हो रही है...,Inazalisha PDF ya Ripoti ya HR...,Menghasilkan Laporan SDM PDF...,Jenere rapò HR PDF...,HR အစီရင်ခံစာ PDF ထုတ်ပေးနေသည်...
delete_account,main,Delete Account,Supprimer le compte,删除账户,Eliminar cuenta,I-delete ang Account,Xóa tài khoản,ลบบัญชี,Excluir Conta,खाता हटाएँ,Futa Akaunti,Hapus Akun,Efase kont,အကောင့်ဖျက်ပါ။
delete_account_subtitle,main,Permanently delete your account and farm data,Supprimer définitivement votre compte et vos données,永久删除您的账户和农场数据,Eliminar permanentemente su cuenta y datos de la granja,Permanenteng i-delete ang iyong account at data ng farm,Xóa vĩnh viễn tài khoản và dữ liệu trang trại của bạn,ลบบัญชีและข้อมูลฟาร์มของคุณอย่างถาวร,Excluir permanentemente sua conta e dados da fazenda,अपना खाता और फार्म डेटा स्थायी रूप से हटाएँ,Futa kabisa akaunti yako na data ya shamba,Hapus akun dan data pertanian Anda secara permanen,Efase kont ou ak done fèm yo pou tout tan,သင့်အကောင့်နှင့် လယ်ယာဒေတာကို အပြီးဖျက်ပါ။
ingredient_oyster_shell,main,Oyster Shell,Coquille d'huître,牡蛎壳,Concha de ostra,Oyster Shell,Vỏ hàu,เปลือกหอยนางรม,Casca de ostra,सीप का खोल,Shell ya Oyster,Cangkang Tiram,Oyster Shell,ကမာခွံ
methionine_pct_short,main,Methionine %,Méthionine %,蛋氨酸 %,Metionina %,Methionine %,Methionine %,เมไทโอนีน %,Metionina %,मेथियोनाइन %,Methionine %,Metionin %,Metionin %,Methionine %
confirm_deletion,main,Confirm Deletion,Confirmer la suppression,确认删除,Confirmar eliminación,Kumpirmahin ang Pagbura,Xác nhận xóa,ยืนยันการลบ,Confirmar exclusão,हटाने की पुष्टि करें,Thibitisha Ufutaji,Konfirmasi Penghapusan,Konfime efase,ဖျက်ကြောင်း အတည်ပြုပါ။
delete_account_confirm_msg,main,"This will permanently delete your account, credentials, and all farm data. This action cannot be undone.","Cela supprimera définitivement votre compte, vos identifiants et toutes les données de la ferme. Cette action est irréversible.",这将永久删除您的账户、凭据和所有农场数据。此操作无法撤销。,"Esto eliminará permanentemente su cuenta, credenciales y todos los datos de la granja. Esta acción no se puede deshacer.","Permanenteng buburahin nito ang iyong account, mga kredensyal, at lahat ng data ng bukid. Ang aksyong ito ay hindi na maaaring bawiin.","Thao tác này sẽ xóa vĩnh viễn tài khoản, thông tin đăng nhập và tất cả dữ liệu trang trại của bạn. Hành động này không thể hoàn tác.",การดำเนินการนี้จะลบบัญชี ข้อมูลประจำตัว และข้อมูลฟาร์มทั้งหมดของคุณอย่างถาวร การดำเนินการนี้ไม่สามารถย้อนกลับได้,"Isso excluirá permanentemente sua conta, credenciais e todos os dados da fazenda. Esta ação não pode ser desfeita.","यह आपके खाते, क्रेडेंशियल और सभी फार्म डेटा को स्थायी रूप से हटा देगा। इस क्रिया को पूर्ववत नहीं किया जा सकता है।","Hatua hii itafuta kabisa akaunti yako, kitambulisho na data yote ya shamba. Kitendo hiki hakiwezi kutenduliwa.","Tindakan ini akan menghapus akun, kredensial, dan semua data pertanian Anda secara permanen. Tindakan ini tidak dapat dibatalkan.","Sa a pral efase kont ou, kalifikasyon yo ak tout done fèm yo nèt ale. Aksyon sa a pa ka defèt.",၎င်းက သင့်အကောင့်၊ အထောက်အထားများနှင့် လယ်ယာဒေတာအားလုံးကို အပြီးအပိုင် ဖျက်လိုက်ပါမည်။ ဤလုပ်ဆောင်ချက်ကို ပြန်ပြင်၍မရပါ။
factory_reset_confirm_msg,main,This will permanently delete ALL data associated with your farm. This action cannot be undone.,Cela supprimera définitivement TOUTES les données associées à votre ferme. Cette action est irréversible.,这将永久删除与您的农场关联的所有数据。此操作无法撤销。,Esto eliminará permanentemente TODOS los datos asociados con su granja. Esta acción no se puede deshacer.,Permanenteng buburahin nito ang LAHAT ng data na nauugnay sa iyong bukid. Ang aksyong ito ay hindi na maaaring bawiin.,Thao tác này sẽ xóa vĩnh viễn TẤT CẢ dữ liệu liên quan đến trang trại của bạn. Hành động này không thể hoàn tác.,การดำเนินการนี้จะลบข้อมูลทั้งหมดที่เกี่ยวข้องกับฟาร์มของคุณอย่างถาวร การดำเนินการนี้ไม่สามารถย้อนกลับได้,Isso excluirá permanentemente TODOS os dados associados à sua fazenda. Esta ação não pode ser desfeita.,यह आपके फार्म से जुड़े सभी डेटा को स्थायी रूप से हटा देगा। इस क्रिया को पूर्ववत नहीं किया जा सकता है।,Hii itafuta kabisa data ZOTE zinazohusiana na shamba lako. Kitendo hiki hakiwezi kutenduliwa.,Ini akan menghapus secara permanen SEMUA data yang terkait dengan peternakan Anda. Tindakan ini tidak dapat dibatalkan.,Sa a pral efase tout done ki asosye ak fèm ou a pou tout tan. Aksyon sa a pa ka defèt.,၎င်းသည် သင့်လယ်ယာနှင့် ဆက်စပ်နေသည့် ဒေတာအားလုံးကို အပြီးအပိုင် ဖျက်လိုက်ပါမည်။ ဤလုပ်ဆောင်ချက်ကို ပြန်ပြင်၍မရပါ။
clear_records_confirm_msg,main,Are you sure you want to clear these records? This action cannot be undone.,Êtes-vous sûr de vouloir effacer ces enregistrements ? Cette action est irréversible.,您确定要清除这些记录吗？此操作无法撤销。,¿Está seguro de que desea borrar estos registros? Esta acción no se puede deshacer.,Sigurado ka bang gusto mong burahin ang mga rekord na ito? Ang aksyong ito ay hindi na maaaring bawiin.,Bạn có chắc chắn muốn xóa các bản ghi này không? Hành động này không thể hoàn tác.,คุณแน่ใจหรือไม่ว่าต้องการล้างบันทึกเหล่านี้? การดำเนินการนี้ไม่สามารถย้อนกลับได้,Tem certeza de que deseja limpar esses registros? Esta ação não pode ser desfeita.,क्या आप वाकई इन अभिलेखों को मिटाना चाहते हैं? इस क्रिया को पूर्ववत नहीं किया जा सकता है।,"Je, una uhakika unataka kufuta rekodi hizi? Kitendo hiki hakiwezi kutenduliwa.",Apakah Anda yakin ingin menghapus catatan ini? Tindakan ini tidak dapat dibatalkan.,Èske w sèten ou vle efase dosye sa yo? Aksyon sa a pa ka defèt.,ဤမှတ်တမ်းများကို ရှင်းလင်းလိုသည်မှာ သေချာပါသလား။ ဤလုပ်ဆောင်ချက်ကို ပြန်ပြင်၍မရပါ။
delete_everything,main,Delete Everything,Tout supprimer,删除所有内容,Eliminar todo,Burahin Lahat,Xóa mọi thứ,ลบทุกอย่าง,Excluir tudo,सब कुछ हटाएँ,Futa Kila Kitu,Hapus Semuanya,Efase tout bagay,အရာအားလုံးကိုဖျက်ပါ။
master_ingredient_list,main,MASTER INGREDIENT LIST,LISTE PRINCIPALE DES INGRÉDIENTS,主原料清单,LISTA MAESTRA DE INGREDIENTES,PANGUNAHING LISTAHAN NG MGA SANGKAP,DANH SÁCH THÀNH PHẦN CHÍNH,รายการส่วนผสมหลัก,LISTA MESTRA DE INGREDIENTES,मुख्य सामग्री सूची,MASTER INGREDIENT ORODHA,DAFTAR BAHAN UTAMA,LIS ENGRDYAN MÈT,မာစတာပါဝင်ပစ္စည်းစာရင်း
search_ingredients,main,Search ingredients...,Rechercher des ingrédients...,搜索原料...,Buscar ingredientes...,Maghanap ng mga sangkap...,Tìm kiếm nguyên liệu...,ค้นหาส่วนผสม...,Buscar ingredientes...,सामग्री खोजें...,Tafuta viungo...,Cari bahan...,Chèche engredyan...,ပါဝင်ပစ္စည်းများကို ရှာဖွေပါ...
add_ingredient,main,Add Ingredient,Ajouter un ingrédient,添加原料,Agregar ingrediente,Magdagdag ng Sangkap,Thêm thành phần,เพิ่มส่วนผสม,Adicionar ingrediente,सामग्री जोड़ें,Ongeza Kiungo,Tambahkan Bahan,Ajoute engredyan,ပါဝင်ပစ္စည်းထည့်ပါ။
clear_search,main,Clear search,Effacer la recherche,清除搜索,Limpiar búsqueda,I-clear ang paghahanap,Xóa tìm kiếm,ล้างการค้นหา,Limpar busca,खोज साफ़ करें,Futa utafutaji,Hapus pencarian,Klè rechèch,ရှာဖွေမှုကို ရှင်းလင်းပါ။
protein_pct_label,main,Protein: %s%%,Protéines : %s%%,蛋白质：%s%%,Proteína: %s%%,Protina: %s%%,Đạm: %s%%,โปรตีน: %s%%,Proteína: %s%%,प्रोटीन: %s%%,Protini: %s%%,Protein: %s%%,Pwoteyin: %s%%,ပရိုတင်း- %s%%
pen_number_separated_by_comma,main,Pen # (separated by comma),Enclos # (séparés par une virgule),圈舍 #（用逗号分隔）,Enclosure # (separados por coma),Pen # (hiwalay sa pamamagitan ng kuwit),Chuồng # (phân tách bằng dấu phẩy),คอก # (แยกด้วยเครื่องหมายจุลภาค),Baia # (separadas por vírgula),बाड़ा # (अल्पविराम द्वारा अलग किया गया),Kalamu # (imetenganishwa na koma),Pena # (dipisahkan dengan koma),Plim # (separe pa vigil),ဘောပင် # (ကော်မာဖြင့် ပိုင်းခြားထားသည်)
module_coming_soon,main,%s module is coming soon!,Le module %s arrive bientôt !,%s 模块即将推出！,¡El módulo %s estará disponible pronto!,Ang module na %s ay malapit na!,Phân hệ %s sắp ra mắt!,โมดูล %s กำลังจะมาเร็ว ๆ นี้!,O módulo %s estará disponível em breve!,%s मॉड्यूल जल्द ही आ रहा है!,Sehemu ya %s inakuja hivi karibuni!,Modul %s akan segera hadir!,%s modil ap vini byento!,%s မော်ဂျူး မကြာမီလာပါမည်။
working_hard_msg,main,We are working hard to bring this feature to you.,Nous travaillons dur pour vous apporter cette fonctionnalité.,我们正在努力为您带来这一功能。,Estamos trabajando duro para traer esta función a usted.,Nagsusumikap kami upang maihatid ang tampok na ito sa iyo.,Chúng tôi đang nỗ lực để mang tính năng này đến với bạn.,เรากำลังทำงานอย่างหนักเพื่อนำฟีเจอร์นี้มาให้คุณ,Estamos trabalhando duro para trazer esse recurso para você.,हम इस सुविधा को आपके पास लाने के लिए कड़ी मेहनत कर रहे हैं।,Tunajitahidi kukuletea kipengele hiki.,Kami bekerja keras untuk menghadirkan fitur ini kepada Anda.,Nou ap travay di pou pote karakteristik sa a ba ou.,ဤအင်္ဂါရပ်ကို သင့်ထံ ယူဆောင်လာရန် ကျွန်ုပ်တို့ ကြိုးစားနေပါသည်။
dis_salmonella_septicemia_prev,main,"Isolate sick pigs, medicate water, and maintain strict biosecurity.","Isoler les malades, traiter l'eau et appliquer des mesures strictes de biosécurité.",隔离病猪、在水中投药并保持严格的生物安全措施。,"Aislar enfermos, medicar el agua y mantener bioseuridad estricta.","Ihiwalay ang may sakit, lagyan ng gamot ang tubig, at panatilihin ang biosecurity.","Cách ly heo bệnh, pha kháng sinh vào nước uống và thực hiện an toàn sinh học.",แยกสุกรป่วยผสมยาปฏิชีวนะในน้ำดื่ม และรักษาความปลอดภัยทางชีวภาพเข้มงวด,"Isolar animais doentes, medicar a água e manter rígida biosseguridade.","बीमार सूअरों को अलग करें, पानी में दवा मिलाएं और सख्त जैव सुरक्षा बनाए रखें।","Tenga nguruwe wagonjwa, maji ya dawa, na udumishe ulinzi mkali wa viumbe hai.","Isolasi babi yang sakit, beri obat air, dan pertahankan biosekuriti yang ketat.","Izole kochon malad, medikaman dlo, epi kenbe sevè byosekirite.",ဖျားနေသောဝက်များကို သီးခြားခွဲထုတ်ကာ ရေဆေးသောက်ပြီး တင်းကျပ်သောဇီဝလုံခြုံရေးကို ထိန်းသိမ်းပါ။
dis_prdc,main,Porcine Respiratory Disease Complex,Complexe respiratoire porcin (CRP),猪呼吸道疾病综合征 (PRDC),Complejo respiratorio porcino (CRP),Porcine Respiratory Disease Complex,Hội chứng hô hấp phức hợp ở heo (PRDC),กลุ่มอาการโรคระบบทางเดินหายใจสุกร (PRDC),Complexo de doenças respiratórias suínas (CDRS),पोर्सिन श्वसन रोग कॉम्प्लेक्स,Kitanzi cha Ugonjwa wa Kupumua kwa Nguruwe,Kompleks Penyakit Pernafasan Babi,Konplèks Maladi Respiratwa Porsin,Porcine Respiratory Disease Complex
dis_babesiosis_desc,main,"Tick-transmitted blood parasite causing high fever, anemia, and dark urine.","Parasite sanguin transmis par les tiques causant forte fièvre, anémie et urine foncée.",蜱传播的血液寄生虫病，引起高烧、贫血和深色尿液。,"Parásito sanguíneo transmitido por garrapatas que causa fiebre alta, anemia y orina oscura.","Parasitiko sa dugo mula sa kagat ng garapata, sanhi ng lagnat at madilim na ihi.","Ký sinh trùng đường máu do ve truyền gây sốt cao, thiếu máu và nước tiểu sẫm màu.",โรคติดเชื้อจากเห็บสุกร ทำให้มีไข้สูง โลหิตจาง และปัสสาวะมีสีเข้มหรือสีแดง,"Parasita sanguíneo transmitido por carrapatos que causa febre alta, anemia e urina escura.","किलनी से फैलने वाला रक्त परजीवी जिससे तेज बुखार, एनीमिया और गहरा मूत्र आता है।","Vimelea vya damu vinavyosambazwa na Jibu na kusababisha homa kali, upungufu wa damu, na mkojo mweusi.","Parasit darah yang ditularkan melalui kutu menyebabkan demam tinggi, anemia, dan urin berwarna gelap.","Tik-transmèt parazit san ki lakòz gwo lafyèv, anemi, ak pipi nwa.",အဖျားတက်ခြင်း၊ သွေးအားနည်းခြင်းနှင့် ဆီးမည်းခြင်းတို့ကို ဖြစ်စေသည့် ကပ်ပါးပိုးများသည် တီမှ တစ်ဆင့် ကူးစက်သည်။
dis_demodectic_mange_prev,main,"Improve herd nutrition, isolate affected pigs, and apply acaricides.","Améliorer la nutrition, isoler les porcs atteints et appliquer des acaricides.",改善猪群营养，隔离病猪，并施用杀螨剂。,"Mejorar nutrición, aislar animales afectados y aplicar acaricidas.","Pagbutihin ang pagkain ng baboy, ihiwalay ang apektado, at maglagay ng acaricide.","Nâng cao dinh dưỡng đàn, cách ly heo bệnh và bôi thuốc ghẻ thích hợp.",ปรับปรุงโภชนาการ แยกสุกรป่วย และทายารักษาขี้เรื้อน,"Melhorar a nutrição, isolar animais afetados e aplicar acaricidas específicos.","सूअरों के पोषण में सुधार करें, प्रभावित सूअरों को अलग करें और एकारिसाइड्स लगाएं।","Boresha lishe ya mifugo, tenga nguruwe walioathirika, na weka viuatilifu.","Perbaiki nutrisi ternak, isolasi babi yang terkena dampak, dan gunakan akarisida.","Amelyore nitrisyon bann bèt yo, izole kochon ki afekte yo, epi aplike akarisid.",နွားအစာအာဟာရကို မြှင့်တင်ပါ၊ ထိခိုက်သည့်ဝက်များကို သီးခြားခွဲထုတ်ကာ ကာကာဆေးများ လိမ်းပါ။
sym_red_urine,main,Red/Dark Urine,Urine rouge/foncée,红色/深色尿液,Orina roja/oscura,Pula/Madilim na ihi,Nước tiểu đỏ/sẫm màu,ปัสสาวะสีแดง/เข้ม,Urina vermelha/escura,लाल/गहरा मूत्र,Mkojo Mwekundu/ Giza,Urine Merah/Gelap,Pipi wouj/nwa,ဆီးနီ/မည်း
dis_anaplasmosis,main,Anaplasmosis,Anaplasmose,无形体病,Anaplasmosis,Anaplasmosis,Bệnh Anaplasmosis,โรคอนาพลาสโมซิส,Anaplasmose,एनाप्लास्मोसिस,Anaplasmosis,Anaplasmosis,Anaplasmoz,Anaplasmosis
dis_hyostrongylosis_prev,main,"Rotate pastures, keep housing dry, and implement a deworming schedule.","Pratiquer la rotation des pâturages, garder les bâtiments secs et vermifuger régulièrement.",轮换牧场，保持舍内干燥，并实施驱虫计划。,"Rotar pasturas, mantener alojamiento seco y desparasitar regularmente.","Ibahagi ang pastulan, panatilihing tuyo ang kulungan, at magpurga nang regular.","Luân chuyển đồng cỏ, giữ chuồng trại khô ráo và tẩy giun định kỳ.",หมุนเวียนแปลงแทะเล็ม ดูแลโรงเรือนให้แห้ง และถ่ายพยาธิตามกำหนด,"Rotacionar piquetes, manter o ambiente seco e vermifugar regularmente.","चरागाहों को बदलें, सूअरघर को सूखा रखें और नियमित कृमिनाशक कार्यक्रम लागू करें।","Zungusha malisho, weka makazi kavu, na tekeleza ratiba ya dawa ya minyoo.","Rotasi padang rumput, jaga agar kandang tetap kering, dan terapkan jadwal pemberantasan cacing.","Wotasyon patiraj, kenbe kay sèk, epi aplike yon orè deworming.",ကျက်စားရာများကို လှည့်ပတ်ကာ ခြောက်သွေ့အောင်ထားကာ ပိုးသတ်သည့်အချိန်ဇယားကို အကောင်အထည်ဖော်ပါ။
dis_mma,main,Postpartum Dysgalactia (MMA),Dysgalactie post-partum (MMA),产后无乳综合征 (MMA),Disgalactia postparto (MMA),Postpartum Dysgalactia (MMA),"Hội chứng viêm vú, viêm tử cung, mất sữa (MMA)",กลุ่มอาการเต้านมอักเสบ มดลูกอักเสบ น้ำนมไม่ไหล (MMA),Síndrome de MMA (Metrite-Mastite-Agalaxia),प्रसवोत्तर एगैलेक्टिया (MMA),Dysgalactia baada ya kujifungua (MMA),Disgalaktia Pascapersalinan (MMA),Dysgalactia apre akouchman (MMA),မီးဖွားပြီးနောက် Dysgalactia (MMA)
dis_foot_rot,main,Foot Rot (Necrobacillosis),Piétin (Nécrobacillose),蹄腐病 (坏死性杆菌病),Pedero (Necrobilosis),Kuko Rot (Foot Rot),Bệnh thối móng (Necrobacillosis),โรคกีบเน่า (Necrobacillosis),Pododermatite (Necrobilose),खुर सड़न (फुट रॉट),Kuoza kwa miguu (Necrobacillosis),Busuk Kaki (Necrobacillosis),Pye pouri (nekrobasiloz),ခြေဖဝါးပုပ်ခြင်း (Necrobacillosis)
dis_biotin_deficiency_prev,main,"Supplement diet with biotin and avoid rough, wet concrete floors.",Supplémenter l'alimentation en biotine et éviter les sols en béton rugueux et humides.,在饲料中补充生物素，避免使用粗糙、潮湿的水泥地面。,Suplementar dieta con biotina y evitar pisos de concreto húmedos o rugosos.,Magdagdag ng biotin sa pagkain at iwasan ang magaspang at basang sementadong sahig.,"Bổ sung biotin vào khẩu phần ăn và tránh sàn bê tông thô ráp, ẩm ướt.",เสริมไบโอตินในอาหาร และหลีกเลี่ยงพื้นคอนกรีตที่หยาบและเปียกชื้น,Suplementar a dieta com biotina e evitar pisos de concreto úmidos ou ásperos.,"आहार में बायोटिन की मात्रा बढ़ाएं और खुरदरी, गीली कंक्रीट की फर्श से बचाएं।",Ongeza chakula kwa biotini na epuka sakafu mbaya na mvua ya zege.,Lengkapi diet dengan biotin dan hindari lantai beton yang kasar dan basah.,"Sipleman rejim alimantè ak biotin epi evite ki graj, planche konkrè mouye.",Biotin ပါ၀င်သော အစားအစာကို ဖြည့်စွက်ပြီး ကြမ်းတမ်းစိုစွတ်သော ကွန်ကရစ်ကြမ်းပြင်များကို ရှောင်ကြဉ်ပါ။
dis_thorny_headed_worm,main,Thorny-headed Worm,Ver à tête épineuse,棘头虫,Gusano de cabeza espinosa,Thorny-headed Worm,Bệnh sán đầu gai,โรคพยาธิหัวหนาม,Gusano de cabeça espinhosa,थॉर्नी-हेडेड वर्म,Mnyoo mwenye kichwa chenye miiba,Cacing berkepala berduri,Vè pikan-tèt,ဆူးခေါင်းသန်ကောင်
dis_ear_biting_desc,main,"Abnormal behavior where pigs bite ears of pen-mates, causing necrosis.","Comportement anormal où les porcs mordent les oreilles de leurs congénères, causant une nécrose.",猪咬掉同圈猪只耳朵的异常行为，可引起坏死。,"Conducta anormal donde los cerdos muerden las orejas de sus compañeros, causando necrosis.","Masamang ugali kung saan kinakagat ng baboy ang tainga ng kasama, sanhi ng pagkabulok nito.","Hành vi bất thường do heo cắn tai lẫn nhau do chật chội, ngột ngạt hoặc thiếu muối.",พฤติกรรมผิดปกติโดยสุกรจะกัดใบหูของเพื่อนร่วมคอก ทำให้เกิดใบหูเน่าขาด,"Hábito anormal em que suínos mordem orelhas de companheiros de baia, causando necrose.","असामान्य व्यवहार जहां सूअर बाड़े के साथियों के कान काटते हैं, जिससे घाव सड़ जाता है।","Tabia isiyo ya kawaida ambapo nguruwe huuma masikio ya wenzao, na kusababisha necrosis.",Perilaku tidak normal dimana babi menggigit telinga teman kandangnya sehingga menyebabkan nekrosis.,"Konpòtman nòmal kote kochon mòde zòrèy konpayon plim yo, sa ki lakòz nekwoz.",ကလောင်ဖော်များ၏ နားရွက်ကိုက်သည့် ဝက်များသည် ဝက်သားကိုက်သည့် ပုံမှန်မဟုတ်သော အပြုအမူ၊
dis_endocarditis_desc,main,Heart valve infection causing heart failure and sudden death during stress.,Infection des valves cardiaques causant une insuffisance cardiaque et une mort subite lors d'un stress.,心瓣膜感染，导致心力衰竭并在应激期间突然死亡。,Infección en válvulas del corazón que causa paro cardíaco ante situaciones de estrés.,Impeksyon sa balbula ng puso na sanhi ng pagpalya ng puso kapag na-stress.,Viêm màng trong tim và van tim làm heo khó thở và đột tử khi bị kích động.,การติดเชื้อที่ลิ้นหัวใจ ทำให้หัวใจล้มเหลวและตายกะทันหันขณะตื่นเต้นหรือเครียด,Infeção nas válvulas do coração provocando falência cardíaca e morte súbita em situações estressantes.,हृदय के वाल्वों का संक्रमण जिससे तनाव के दौरान दिल का दौरा पड़ता है और अचानक मृत्यु हो जाती है।,Maambukizi ya valves ya moyo na kusababisha kushindwa kwa moyo na kifo cha ghafla wakati wa dhiki.,Infeksi katup jantung menyebabkan gagal jantung dan kematian mendadak saat stres.,Enfeksyon valv kè ki lakòz ensifizans kadyak ak lanmò toudenkou pandan estrès.,နှလုံးအဆို့ရှင် ပိုးဝင်ခြင်းကြောင့် နှလုံးခုန်ရပ်ပြီး စိတ်ဖိစီးနေချိန်တွင် ရုတ်တရက် သေဆုံးစေပါသည်။
dis_prdc_desc,main,Mixed viral and bacterial respiratory infection causing coughing and poor growth.,Infection respiratoire mixte virale et bactérienne provoquant toux et retard de croissance.,混合病毒和细菌性呼吸道感染，导致咳嗽和生长缓慢。,Infección respiratoria mixta viral y bacteriana que causa tos y retraso en crecimiento.,Magkasamang impeksyon ng virus at bakterya na sanhi ng pag-ubo at mabagal na paglaki.,Nhiễm trùng hô hấp hỗn hợp do nhiều virus và vi khuẩn gây ho và còi cọc.,การติดเชื้อในระบบทางเดินหายใจร่วมกันระหว่างไวรัสและแบคทีเรีย ทำให้ไอและโตช้า,Infecção pulmonar mista por vírus e bactérias que causa tosse e atraso no crescimento.,मिश्रित वायरल and बैक्टीरियल श्वसन संक्रमण जिससे खांसी और धीमी वृद्धि होती है।,Maambukizi mchanganyiko ya virusi na bakteria na kusababisha kukohoa na ukuaji duni.,Infeksi pernafasan campuran virus dan bakteri menyebabkan batuk dan pertumbuhan terhambat.,Melanje enfeksyon viral ak bakteri respiratwa ki lakòz tous ak move kwasans.,ဗိုင်းရပ်စ်နှင့် ဘက်တီးရီးယား ရောနှောထားသော အသက်ရှုလမ်းကြောင်းဆိုင်ရာ ကူးစက်ရောဂါသည် ချောင်းဆိုးခြင်းနှင့် ကြီးထွားမှု အားနည်းခြင်းတို့ ဖြစ်စေသည်။
dis_cassava_poisoning_desc,main,Cyanide poisoning from raw or improperly processed cassava roots or peels.,Intoxication au cyanure par des racines ou épluchures de manioc crues ou mal préparées.,采食生木薯或加工不当的木薯根或皮引起的氰化物中毒。,Envenenamiento por cianuro debido a raíces o cáscaras de yuca crudas o mal procesadas.,Lason mula sa cyanide dahil sa hilaw o hindi maayos na pagproseso ng kamoteng kahoy.,Ngộ độc xyanua do cho ăn củ hoặc vỏ sắn sống hoặc chế biến không đúng cách.,พิษจากไซยาไนด์ในหัวมันสำปะหลังดิบหรือเปลือกที่แปรรูปไม่เหมาะสม,Envenenamento por cianeto devido a raízes ou cascas de mandioca cruas ou mal processadas.,कच्ची या ठीक से संसाधित न की गई कसावा जड़ों या छिलकों से सायनाइड विषाक्तता।,Sumu ya cyanide kutoka kwa mizizi ya mihogo mibichi au iliyosindikwa vibaya au maganda.,Keracunan sianida dari akar atau kulit singkong mentah atau yang tidak diproses dengan benar.,Anpwazonnman ak siyanid ki soti nan rasin oswa po kasav kri oswa mal trete.,အစိမ်း သို့မဟုတ် မဖွယ်မရာပြုလုပ်ထားသော ပီလောစေ့ သို့မဟုတ် အခွံများမှ ဆိုင်ယာနိုက်အဆိပ်သင့်ခြင်း။
dis_sow_hysteria_prev,main,"Provide a quiet farrowing environment, supervise gilts, and use sedatives if needed.","Fournir un environnement calme, surveiller les cochettes et utiliser des sédatifs si besoin.",提供安静的分娩环境，监督初产母猪，必要时使用镇静剂。,"Proporcionar ambiente tranquilo para el parto, vigilar primerizas y usar sedantes si es necesario.","Siguraduhing tahimik ang kulungan, bantayan ang mga bagong inahin, at gumamit ng pampakalma kung kailangan.","Tạo môi trường yên tĩnh khi nái đẻ, giám sát nái tơ đẻ lần đầu và dùng thuốc an thần nếu cần.",จัดสภาพแวดล้อมคอกคลอดให้เงียบสงบ เฝ้าดูแลขณะคลอด และใช้ยาซึมหากจำเป็น,"Proporcionar ambiente de parto tranquilo, supervisionar marrãs e usar calmantes se necessário.","शांत प्रसव वातावरण प्रदान करें, नई मादा सूअरों की निगरानी करें और जरूरत पड़ने पर शांत करने वाली दवाएं दें।","Weka mazingira tulivu ya kuzalishia, simamia gilts, na tumia sedative ikihitajika.","Sediakan lingkungan bersalin yang tenang, awasi anakan, dan gunakan obat penenang jika diperlukan.","Bay yon anviwònman trankil pou fè pitit, sipèvize gilts, epi sèvi ak sedatif si sa nesesè.",ဆိတ်ငြိမ်သောပတ်ဝန်းကျင်ကို ဖန်တီးပါ၊ ကလေးများကို ကြီးကြပ်ပါ၊ လိုအပ်ပါက စိတ်ငြိမ်ဆေးသုံးပါ။
dis_bvdv_pig_desc,main,"Bovine Viral Diarrhea virus infection from contact with cattle, causing abortion.","Infection par le virus de la diarrhée virale bovine par contact avec des bovins, causant l'avortement.",与牛接触感染牛病毒性腹泻病毒，导致流产。,"Infección por el virus de la diarrea viral bovina por contacto con vacas, causa abortos.","Impeksyon ng Bovine Viral Diarrhea mula sa pakikihalubilo sa baka, sanhi ng pagkalaglag.",Heo nhiễm virus BVDV từ trâu bò nuôi chung gây sẩy thai hoặc đẻ heo con yếu.,การติดเชื้อไวรัสบีวีดีจากโคเลี้ยงร่วมฟาร์ม ส่งผลทำให้แม่พันธุ์แท้งลูกสุกร,"Vírus da diarreia viral bovina adquirido por contato com bovinos, causando abortos.","गायों के संपर्क में आने से बोवाइन वायरल डायरिया वायरस संक्रमण, जिससे गर्भपात हो जाता है।","Maambukizi ya virusi vya Kuhara ya Bovine kutokana na kuwasiliana na ng'ombe, na kusababisha utoaji mimba.",Infeksi virus Bovine Viral Diarrhea akibat kontak dengan sapi sehingga menyebabkan aborsi.,"Enfeksyon viris Dyare Viral Bovin ki soti nan kontak ak bèf, ki lakòz avòtman.",Bovine Viral Diarrhea ဗိုင်းရပ်စ်ပိုးသည် ကျွဲနွားများနှင့် ထိတွေ့ခြင်းမှ ကိုယ်ဝန်ဖျက်ချခြင်းကို ဖြစ်စေသည်။
dis_necrotic_enteritis_prev,main,Vaccinate sows before farrowing and maintain absolute pen hygiene.,Vacciner les truies avant mise bas et maintenir une hygiène absolue.,在分娩前为母猪接种疫苗，并保持产圈绝对卫生。,Vacinar cerdas antes del parto y mantener higiene absoluta.,Bakunahan ang inahin bago manganak at panatilihing napakalinis ng kulungan.,Tiêm vắc xin cho nái trước khi sinh và giữ vệ sinh chuồng đẻ tối đa.,ฉีดวัคซีนป้องกันโรคในแม่สุกรก่อนคลอด และรักษาความสะอาดในคอกคลอดอย่างยิ่ง,Vacinar porcas antes do parto e manter higiene absoluta.,प्रसव से पहले मादा सूअर का टीकाकरण करें और बाड़े की पूर्ण स्वच्छता बनाए रखें।,Chanja nguruwe kabla ya kuzaa na udumishe usafi kamili wa kalamu.,Vaksinasi induk babi sebelum beranak dan jaga kebersihan kandang secara mutlak.,Vaksen simen anvan akouchman epi kenbe ijyèn plim absoli.,မမွေးမီ မျိုးစေ့ကို ကာကွယ်ဆေးထိုးပြီး ဘောပင်တစ်ကိုယ်ရေသန့်ရှင်းမှုကို ထိန်းသိမ်းပါ။
dis_congenital_tremor_prev,main,Avoid using semen from affected boars and minimize sow stress during gestation.,Éviter d'utiliser la semence de verrats affectés et réduire le stress des truies gestantes.,避免使用受影响公猪的精液，并减少母猪妊娠期间的应激。,Evitar usar semen de machos afectados y reducir estrés en cerdas gestantes.,Iwasang gumamit ng semilya mula sa apektadong barako at bawasan ang stress ng inahin.,Không dùng đực giống có tiền sử đẻ con bị run và giảm stress cho nái mang thai.,หลีกเลี่ยงการใช้น้ำเชื้อจากพ่อพันธุ์ที่มีประวัติให้ลูกสั่น และลดความเครียดแม่สุกรช่วงตั้งท้อง,Evitar o uso de sêmen de machos afetados e diminuir o estresse das porcas na gestação.,अवॉइड यूजिंग सीमन ऑफ अफेक्टेड बोअर्स एंड मिनिमाइज सो स्ट्रेस ड्यूरिंग जेस्टेशन,Epuka kutumia shahawa kutoka kwa nguruwe walioathirika na punguza mkazo wakati wa ujauzito.,Hindari penggunaan air mani dari babi hutan yang terkena dampak dan minimalkan stres pada induk babi selama masa kehamilan.,Evite itilize espèm oswa dechaj ki soti nan kochon ki afekte yo epi minimize estrès simen pandan gwosès la.,ထိခိုက်မိသော ဝက်များမှ သုတ်ရည်ကို ရှောင်ကြဉ်ပြီး ကိုယ်ဝန်ဆောင်စဉ် မျိုးစေ့ချစဉ် စိတ်ဖိစီးမှုကို လျှော့ချပါ။
dis_parakeratosis,main,Parakeratosis (Zinc Deficiency),Parakératose (Carence en zinc),皮肤角化不全 (锌缺乏症),Paraqueratosis (Deficiencia de zinc),Parakeratosis (Kakulangan sa Zinc),Bệnh sừng hóa da (Thiếu Kẽm),โรคผิวหนังหนาตัวและตกสะเก็ด (ขาดสังกะสี),Paraqueratose (Deficiência de zinco),पैराकेराटोसिस (जिंक की कमी),Parakeratosis (Upungufu wa Zinki),Parakeratosis (Defisiensi Seng),Parakeratoz (Defisi Zenk),Parakeratosis (Zinc ချို့တဲ့ခြင်း)
dis_emcv,main,Encephalomyocarditis (EMCV),Encéphalomyocardite (EMCV),脑心肌炎 (EMCV),Encefalomiocarditis (EMCV),Encephalomyocarditis (EMCV),Bệnh viêm não cơ tim (EMCV),โรคสมองและกล้ามเนื้อหัวใจอักเสบ (EMCV),Encefalomiocardite (EMCV),इंसेफेलोमायोकार्डिटिस,Encephalomyocarditis (EMCV),Ensefalomiokarditis (EMCV),Ansefalomyokardit (EMCV),Encephalomyocarditis (EMCV)
dis_salmonella_septicemia,main,Salmonella Septicemia,Septicémie à Salmonella,猪沙门氏菌败血症,Septicemia por Salmonella,Salmonella Septicemia,Nhiễm trùng huyết do Salmonella,โรคติดเชื้อในกระแสโลหิต,Septicemia por Salmonella,सालमोनेला सेप्टीसीमिया,Salmonella Septicemia,Septikemia Salmonella,Septicemia Salmonèl,Salmonella Septicemia
dis_foot_rot_desc,main,"Bacterial infection entering hoof injuries, causing rotting and lameness.","Infection bactérienne pénétrant par les blessures des sabots, provoquant pourriture et boiterie.",细菌从蹄部外伤侵入，导致蹄部腐烂和跛行。,"Infección bacteriana que entra por lesiones en pezuña, causando pudrición y cojera.","Impeksyon na pumapasok sa sugat sa kuko, sanhi ng pagkabulok at pagkapilay.",Vi khuẩn xâm nhập qua vết thương ở móng gây thối rửa móng và đi lại khó khăn.,แบคทีเรียเข้าทางบาดแผลที่กีบ ทำให้กีบอักเสบเน่าและเจ็บขาเดินไม่ได้,"Infecção bacteriana que entra por lesões no casco, causando apodrecimento e manqueira.","खुर की चोटों के माध्यम से प्रवेश करने वाला बैक्टीरिया जनित संक्रमण, जिससे सड़न और लंगड़ापन होता है।","Maambukizi ya bakteria yanayoingia kwenye majeraha ya kwato, na kusababisha kuoza na ulemavu.","Infeksi bakteri memasuki luka pada kuku, menyebabkan pembusukan dan ketimpangan.","Enfeksyon bakteri k ap antre nan blesi sabo, sa ki lakòz pouri ak bwete.",ဘက်တီးရီးယားပိုးမွှားများသည် ခြေဖဝါးဒဏ်ရာများအတွင်းသို့ ဝင်ရောက်ကာ ပုပ်ပွခြင်းနှင့် အငိုက်မပြေခြင်းတို့ကို ဖြစ်စေသည်။
dis_shoulder_ulcers,main,Sow Shoulder Ulcers,Ulcères de l'épaule de la truie,母猪肩部溃疡,Úlceras de hombro en cerdas,Sugat sa Balikat ng Inahin,Loét bả vai nái,แผลกดทับที่ไหล่แม่สุกร,Úlceras de ombro em porcas,कंधे के छाले,Panda Vidonda vya Mabega,Menabur Bisul Bahu,Simen Ilsè zepòl,ပခုံးအနာများကို ကြဲပါ။
sym_swollen_udder,main,Swollen Udder or Mastitis,Mamelle gonflée ou mammite,乳房肿胀或乳腺炎,Ubre hinchada o mastitis,Namamagang suso o mastitis,Bầu vú sưng hoặc viêm vú,เต้านมบวมหรือเต้านมอักเสบ,Úbere inchado ou mastite,सूजे हुए थन या मैस्टाइटिस,Kiwele Kuvimba au Mastitisi,Ambing Bengkak atau Mastitis,Mamit anfle oswa mastit,နို့အုံရောင်ခြင်း သို့မဟုတ် Mastitis
dis_polyserositis_desc,main,"Fibrinous inflammation of lung, heart, and joint surfaces in weaners.","Inflammation fibrineuse de la plèvre, du péritoine et des articulations chez les sevrés.",保育猪肺、心脏和关节表面的纤维素性炎症。,"Inflamación con fibrina en pleura, peritoneo y articulaciones en lechones destetados.","Pamamaga ng baga, puso, at mga khớp sa mga bagong walay na biik.","Viêm có màng giả fibrin ở phổi, màng tim và màng bụng ở heo sau cai sữa.",การอักเสบของเยื่อหุ้มปอด เยื่อหุ้มหัวใจ และเยื่อบุช่องท้องในสุกรหลังหย่านม,"Inflamação com acúmulo de fibrina na pleura, peritônio e juntas em leitões desmamados.","दूध छुड़ाए गए सूअरों में फेफड़े, हृदय और जोड़ों की सतहों पर सूजन आना।","Kuvimba kwa uvimbe wa mapafu, moyo, na viungo katika watu wanaonyonyesha.","Peradangan fibrosa pada paru-paru, jantung, dan permukaan sendi pada anak yang disapih.","Fibrinous enflamasyon nan poumon, kè, ak sifas jwenti nan sevre.",နို့တိုက်သူများတွင် အဆုတ်၊ နှလုံးနှင့် အဆစ်မျက်နှာပြင်များ ရောင်ရမ်းခြင်း။
dis_congenital_tremor,main,Congenital Tremor,Tremblement congénital,先天性震颤,Temblor congénito,Congenital Tremor (Shaky Pig),Bệnh run bẩm sinh ở heo con,โรคตัวสั่นแต่กำเนิดในลูกสุกร,Tremor congênito,जन्मजात कंपकंपी,Kutetemeka kwa kuzaliwa,Tremor Bawaan,Tranbleman konjenital,မွေးရာပါ တုန်လှုပ်ခြင်း။
dis_thorny_headed_worm_prev,main,Avoid free-range rearing on beetle-infested soils and use dewormers.,Éviter l'élevage en plein air sur des sols infestés et utiliser des vermifuges.,避免在甲虫滋生的土壤上放养，并使用驱虫药。,Evitar pastoreo en suelos con escarabajos y usar desparasitantes.,Iwasang magpakawala ng baboy sa mga lugar na may salagubang at magpurga nang regular.,Tránh nuôi thả rông nơi đất có nhiều ấu trùng bọ hung và tẩy giun định kỳ.,หลีกเลี่ยงการปล่อยเลี้ยงในพื้นที่ที่มีด้วงระบาด และใช้ยาถ่ายพยาธิสม่ำเสมอ,Evitar pastorear suínos em áreas infestadas por besouros e usar vermífugos.,कीड़ों से प्रभावित मिट्टी पर सूअरों को खुला छोड़ने से बचें और नियमित कृमिनाशक दें।,Epuka ufugaji huria kwenye udongo wenye mende na tumia dawa za minyoo.,Hindari pemeliharaan di lahan bebas di tanah yang dipenuhi kumbang dan gunakan obat cacing.,Evite elvaj gratis sou tè ki enfekte ak skarabe epi sèvi ak dewormers.,ပိုးမွှားကျရောက်သော မြေများတွင် အခမဲ့ မွေးမြူခြင်းကို ရှောင်ကြဉ်ပြီး သန်ကောင်များကို အသုံးပြုပါ။
dis_gastric_torsion_desc,main,"Sudden bloating and twisting of the stomach, leading to rapid death.","Gonflement soudain et torsion de l'estomac, entraînant une mort très rapide.",胃部突然胀气和扭转，导致迅速死亡。,"Hinchazón súbita y torsión del estómago, provocando muerte rápida.",Biglaang paglaki at pagkabuhol ng tiyan na nagdudulot ng mabilis na pagkamatay.,Dạ dày chướng hơi đột ngột và bị xoắn lại gây chết rất nhanh.,กระเพาะอาหารขยายตัวขยายขนาดและบิดหมุนเฉียบพลัน นำไปสู่การตายรวดเร็ว,"Estômago dilatado e torcido de forma repentina, levando a óbito rápido.","अचानक पेट का फूलना और घूमना, जिससे बहुत तेजी से मृत्यु हो जाती है।","Kuvimba kwa ghafla na kupotosha kwa tumbo, na kusababisha kifo cha haraka.","Perut kembung dan terpelintir secara tiba-tiba, menyebabkan kematian dengan cepat.","Toudenkou gonfleman ak tòde nan vant la, ki mennen nan lanmò rapid.",ရုတ်တရတ် ဗိုက်အောင့်ပြီး ဗိုက်အောင့်ကာ လျင်မြန်စွာ သေဆုံးစေပါသည်။
dis_sow_hysteria,main,Sow Hysteria,Hystérie de la truie,母猪癔病,Histeria de la cerda,Hysteria ng Inahin,Hội chứng cuồng loạn ở nái,ภาวะแม่สุกรคลั่งหลังคลอด,Histeria das porcas,मादा सूअर का पागलपन,Panda Hysteria,Menabur Histeria,Simen isterik,Hysteria မျိုးစေ့ချပါ။
dis_phe_prev,main,Maintain good sanitation and use appropriate antibiotics under vet guidance.,Maintenir une bonne hygiène et utiliser les antibiotiques appropriés sous conseil vétérinaire.,保持良好卫生，并在兽医指导下使用适当的抗生素。,Mantener buena higiene y usar antibióticos adecuados bajo supervisión veterinaria.,Panatilihin ang kalinisan at gumamit ng tamang antibiotiko sa payo ng vet.,Giữ vệ sinh tốt và sử dụng kháng sinh phù hợp dưới sự hướng dẫn của thú y.,จัดการสุขาภิบาลที่ดี และใช้ยาปฏิชีวนะที่เหมาะสมภายใต้คำแนะนำของสัตวแพทย์,Manter boas condições de higiene e usar antibióticos adequados sob prescrição veterinária.,अच्छी स्वच्छता बनाए रखें और पशु चिकित्सक के मार्गदर्शन में उचित एंटीबायोटिक्स का उपयोग करें।,Dumisha usafi wa mazingira mzuri na utumie dawa zinazofaa chini ya uelekezi wa daktari wa mifugo.,Pertahankan sanitasi yang baik dan gunakan antibiotik yang sesuai di bawah bimbingan dokter hewan.,Kenbe bon asenisman epi sèvi ak antibyotik apwopriye anba konsèy veterinè.,အညစ်အကြေးများကို ကောင်းမွန်စွာထိန်းသိမ်းပြီး တိရစ္ဆာန်ဆေးကုဆရာဝန်များ၏ လမ်းညွှန်မှုအောက်တွင် သင့်လျော်သောပဋိဇီဝဆေးများကို အသုံးပြုပါ။
dis_polyserositis,main,Mycoplasma Polyserositis,Polysérosite à mycoplasmes,支原体多发性浆膜炎,Poliserositis por micoplasma,Mycoplasma Polyserositis,Bệnh đa màng do Mycoplasma hyorhinis,โรคเยื่อหุ้มอวัยวะอักเสบ,Poliserosite por micoplasma,मायकोप्लाज्मा पॉलीसेरोसिटिस,Mycoplasma Polyserositis,Poliserositis Mikoplasma,Mycoplasma poliserozit,Mycoplasma Polyserositis
dis_c_difficile_desc,main,Bacterial infection in newborn piglets causing watery diarrhea and bloating.,Infection bactérienne chez le porcelet nouveau-né causant diarrhée aqueuse et ballonnements.,新生仔猪的细菌感染，引起水样泻和胀气。,Infección bacteriana en lechones recién nacidos que causa diarrea acuosa e hinchazón.,Impeksyon sa mga bagong silang na biik na nagdudulot ng pagtatae at kabag.,Nhiễm khuẩn ở heo con sơ sinh gây tiêu chảy phân lỏng nhiều nước và chướng bụng.,การติดเชื้อแบคทีเรียในลูกสุกรแรกคลอด ทำให้ท้องเสียเป็นน้ำและท้องอืด,Infecção bacteriana em leitões recém-nascidos que causa diarreia aquosa e inchaço.,नवजात बच्चों में बैक्टीरिया का संक्रमण जिससे पानी जैसा दस्त और पेट फूल जाता है।,Maambukizi ya bakteria kwa nguruwe wanaozaliwa na kusababisha kuhara kwa maji na kuvimbiwa.,Infeksi bakteri pada anak babi yang baru lahir menyebabkan diare encer dan kembung.,Enfeksyon bakteri nan porsele ki fèk fèt ki lakòz dyare dlo ak gonfleman.,မွေးကင်းစ ဝက်ကလေးများတွင် ဘက်တီးရီးယားပိုးမွှားများ ဝင်ရောက်ပြီး ဝမ်းပျက်ဝမ်းလျှောဖြစ်တတ်ပါသည်။
dis_parakeratosis_prev,main,Ensure balanced calcium-to-zinc ratio in feed and provide zinc supplements.,Assurer un équilibre calcium/zinc dans l'alimentation et supplémenter en zinc.,确保饲料中钙锌比例平衡，并提供锌补充剂。,Asegurar relación calcio-zinc equilibrada y suplementar con zinc.,Siguraduhing balanse ang calcium at zinc sa pakain at magbigay ng zinc supplement.,Đảm bảo tỷ lệ Canxi - Kẽm cân bằng trong khẩu phần và bổ sung Kẽm.,ปรับสมดุลสัดส่วนแคลเซียมและสังกะสีในอาหาร และเสริมสังกะสีในอาหาร,Garantir proporção equilibrada de cálcio e zinco na ração e suplementar com zinco.,चारे में कैल्शियम और जिंक का संतुलित अनुपात सुनिश्चित करें और जिंक सप्लीमेंट प्रदान करें।,Hakikisha uwiano wa kalsiamu-kwa-zinki katika malisho na kutoa virutubisho vya zinki.,Pastikan rasio kalsium-seng seimbang dalam pakan dan berikan suplemen seng.,Asire balanse rapò kalsyòm-zenk nan manje epi bay sipleman zenk.,အစာထဲတွင် ကယ်လ်စီယမ်မှ ဇင့်အချိုးကို ဟန်ချက်ညီစေကာ ဇင့်ဖြည့်စွက်စာများ ပေးဆောင်ပါ။
dis_photosensitization_desc,main,Severe sunburn-like reaction in light-skinned pigs after eating specific plants.,Réaction cutanée sévère au soleil chez les porcs blancs après ingestion de certaines plantes.,浅色皮肤的猪在食用特定植物后，出现类似严重晒伤的反应。,Reacción cutánea severa a la luz solar en cerdos blancos tras comer ciertas plantas.,Matinding reaksyon sa araw ng mga mapuputing baboy pagkatapos kumain ng ilang halaman.,Phản ứng viêm da nặng do ánh nắng mặt trời ở heo da trắng sau khi ăn một số loại cây.,อาการอักเสบของผิวหนังรุนแรงจากแสงแดดในสุกรพันธุ์ผิวขาว หลังกินพืชบางชนิด,Reação cutânea grave ao sol em suínos de pele clara após ingerirem certas plantas.,विशेष पौधे खाने के बाद सफेद त्वचा वाले सूअरों में धूप के कारण होने वाली गंभीर त्वचा एलर्जी।,Mmenyuko mkali wa kuchomwa na jua kwa nguruwe wenye ngozi nyepesi baada ya kula mimea maalum.,Reaksi parah seperti terbakar sinar matahari pada babi berkulit terang setelah memakan tumbuhan tertentu.,Reyaksyon grav tankou sunburn nan kochon ki gen po limyè apre yo fin manje plant espesifik.,အပင်များကို စားသုံးပြီးနောက် အရေခွံပါးပါးရှိသော ဝက်များတွင် နေလောင်ခြင်းကဲ့သို့ ပြင်းထန်သော တုံ့ပြန်မှု။
dis_oesophagostomiasis_desc,main,"Intestinal parasite causing nodules in the gut wall, leading to thin sows.","Parasite intestinal provoquant des nodules dans la paroi intestinale, menant à des truies maigres.",肠道寄生虫，在肠壁引起结节，导致母猪消瘦。,"Parásito intestinal que causa nódulos en la pared del intestino, provocando delgadez.","Parasitiko sa bituka na nagiging sanhi ng nodules, dahilan para manghina at pumayat ang inahin.","Ký sinh trùng tạo ra các hạt xơ ở vách ruột, làm heo nái còi cọc, gầy yếu.",พยาธิทำให้เกิดตุ่มที่ผนังลำไส้ ส่งผลให้แม่สุกรซูบผอมและผลผลิตลดลง,"Parásito intestinal que causa nódulos na parede do intestino, deixando as porcas magras.","आंतों का परजीवी जो आंत की दीवार में गांठें पैदा करता है, जिससे मादा सूअर कमजोर हो जाती है।","Vimelea vya matumbo kusababisha vinundu kwenye ukuta wa utumbo, na kusababisha nguruwe wembamba.","Parasit usus menyebabkan bintil-bintil di dinding usus, menyebabkan babi kurus.","Parazit entesten ki lakòz nodil nan miray la zantray, ki mennen nan simen mens.",အူလမ်းကြောင်းအတွင်းရှိ ကပ်ပါးပိုးများသည် အူနံရံတွင် အဖုအကြိတ်များဖြစ်ပေါ်စေပြီး ပါးလွှာသော မျိုးစေ့များပေါက်စေသည်။
dis_fascioliasis,main,Fascioliasis (Liver Fluke),Fasciolose (Grande douve),片形吸虫病 (肝片吸虫),Fasciolasis (Duela del hígado),Fascioliasis (Bulate sa Atay),Bệnh sán lá gan (Fascioliasis),โรคพยาธิใบไม้ในตับ (Fascioliasis),Fasciolose (Duela do fígado),फेसिओलियासिस (लीवर फ्लुक),Fascioliasis (Fluke ya Ini),Fascioliasis (Kebetulan Hati),Fasyolyaz (Fwa Fluke),Fascioliasis (အသည်း Fluke)
dis_gossypol_toxicity_desc,main,"Poisoning from feeding raw or excess cottonseed meal, causing respiratory distress.","Intoxication due à l'alimentation avec du tourteau de coton brut ou en excès, causant une détresse respiratoire.",饲喂生棉籽饼或过量棉籽饼引起的中毒，导致呼吸困难。,"Intoxicación por alimentar con harina de algodón cruda o en exceso, causando dificultad respiratoria.","Lason dahil sa pagpapakain ng hilaw o labis na cottonseed meal, nagdudulot ng hirap sa paghinga.","Ngộ độc do ăn bã hạt bông sống hoặc quá mức, gây suy hô hấp nặng.",พิษจากการกินกากเมล็ดฝ้ายดิบหรือมากเกินไป ทำให้หายใจลำบากและระบบหายใจล้มเหลว,"Intoxicação por alimentar com farelo de algodão cru ou em excesso, causando desconforto respiratório.","कच्ची या अतिरिक्त बिनौला खली खिलाने से होने वाली विषाक्तता, जिससे सांस लेने में तकलीफ होती है।","Sumu kutokana na kulisha unga mbichi au wa ziada wa pamba, na kusababisha shida ya kupumua.","Keracunan karena memberi makan tepung biji kapas mentah atau berlebihan, menyebabkan gangguan pernapasan.","Anpwazònman nan manje kri oswa depase repa koton, sa ki lakòz detrès respiratwa.",ဝါဂွမ်းစေ့အစိမ်း သို့မဟုတ် ပိုလျှံသောအစာများကို ကျွေးခြင်းကြောင့် အဆိပ်သင့်ခြင်းသည် အသက်ရှူလမ်းကြောင်းကို ထိခိုက်စေသည်။
dis_bvdv_pig_prev,main,"Keep pigs separate from cattle and sheep, and restrict cross-species contacts.",Séparer les porcs des bovins/ovins et limiter les contacts inter-espèces.,将猪与牛羊分开饲养，并限制跨物种接触。,Separar cerdos de vacas/ovejas y restringir contacto entre especies.,Ihiwalay ang baboy sa mga baka at tupa upang maiwasan ang hawahan.,"Nuôi heo cách ly xa trâu bò, hạn chế tiếp xúc giữa các loài.",เลี้ยงแยกสุกรออกจากฝูงโคหรือแพะแกะ และจำกัดการเข้าใกล้ชิดข้ามสายพันธุ์,"Separar porcos de bois e ovelhas, e restringir contato com outros rebanhos.","सूअरों को गायों और भेड़ों से अलग रखें, और विभिन्न प्रजातियों के संपर्क को सीमित करें।","Weka nguruwe tofauti na ng'ombe na kondoo, na zuia mawasiliano ya spishi tofauti.","Pisahkan babi dari sapi dan domba, dan batasi kontak lintas spesies.","Kenbe kochon separe ak bèf ak mouton, epi mete restriksyon sou kontak kwa-espès yo.",ဝက်များကို ကျွဲနွားများနှင့် သိုးများနှင့် သီးခြားထားရှိကာ မျိုးစိတ်များ ထိတွေ့မှုကို ကန့်သတ်ပါ။
dis_trichinellosis,main,Trichinellosis,Trichinellose,旋毛虫病,Triquinelosis,Trichinellosis,Bệnh giun xoắn (Trichinellosis),โรคพยาธิหัวเข็ม (Trichinellosis),Triquinelose,ट्राइचिनेलोसिस,Trichinellosis,Trichinellosis,Trikineloz,Trichinellosis
dis_hydatid_disease_prev,main,Deworm farm dogs regularly and prevent them from eating raw pig organs.,Vermifuger régulièrement les chiens de ferme et leur éviter de manger des organes de porc crus.,定期为牧羊犬驱虫，防止它们吃生猪内脏。,Desparasitar perros de granja regularmente y evitar que coman vísceras crudas.,Purgahin ang mga aso sa farm at huwag silang pakainin ng hilaw na organo ng baboy.,Tẩy giun định kỳ cho chó trong trại và không để chó ăn nội tạng heo sống.,ถ่ายพยาธิสุนัขในฟาร์มสม่ำเสมอ และป้องกันไม่ให้สุนัขกินเครื่องในสุกรดิบ,Desparasitar cães de fazenda regularmente e evitar que comam vísceras cruas.,फार्म के कुत्तों को नियमित रूप से कीड़े की दवा दें और उन्हें सूअर के कच्चे अंग खाने से रोकें।,Mbwa wanaofuga minyoo mara kwa mara na kuwazuia kula viungo vya nguruwe mbichi.,Berikan obat cacing pada anjing peternakan secara teratur dan cegah mereka memakan organ babi mentah.,Deworm chen fèm regilyèman epi anpeche yo manje ògàn kochon kri.,Deworm farm dogs များကို ပုံမှန်စားပြီး ဝက်အင်္ဂါအစိမ်းစားခြင်းမှ တားဆီးပါ။
dis_spirochetal_colitis_desc,main,"Mild diarrheal disease in growing pigs, causing poor weight gain.","Maladie diarrhéique modérée chez les porcs en croissance, limitant le gain de poids.",生长猪的轻度腹泻病，导致增重缓慢。,Diarrea leve en cerdos en crecimiento que afecta la ganancia de peso.,Katamtamang pagtatae sa mga lumalaking baboy na nagpapabagal sa paglaki.,"Viêm ruột nhẹ ở heo thịt gây tiêu chảy phân xám bẩn, làm giảm tăng trọng.",อาการท้องเสียไม่รุนแรงในสุกรรุ่น ทำให้แคระแกร็นและโตช้ากว่าปกติ,Diarreia branda em suínos em crescimento que limita o ganho de peso.,"बढ़ते सूअरों में हल्का दस्त रोग, जिससे वजन बढ़ने की गति धीमी हो जाती है।","Ugonjwa wa kuhara kidogo katika nguruwe wanaokua, na kusababisha kupata uzito duni.","Penyakit diare ringan pada babi yang sedang tumbuh, menyebabkan pertambahan berat badan yang buruk.","Maladi dyare twò grav nan kochon k ap grandi, sa ki lakòz pòv pran pwa.",ကြီးထွားလာသောဝက်များတွင် အပျော့စား ဝမ်းပျက်ဝမ်းလျှောရောဂါဖြစ်ပြီး ကိုယ်အလေးချိန်တက်လာမှု အားနည်းသည်။
dis_spirochetal_colitis,main,Porcine Spirochetal Colitis,Colite spirochétique porcine,猪螺旋体结肠炎,Colitis espiroquética porcina,Porcine Spirochetal Colitis,Viêm đại tràng do xoắn khuẩn,โรคไส้ใหญ่เซาะอักเสบจากเชื้อสไปโรขีต,Colite espiroquetal suína,पोर्सिन स्पाइरोचिटल कोलाइटिस,Nguruwe Spirochetal Colitis,Kolitis Spirochetal Babi,Kolit Spirochetal kochon,Porcine Spirochetal Colitis
dis_sweet_potato_toxicity,main,Sweet Potato Toxicity,Intoxication par la patate douce,甘薯中毒,Intoxicación por camote,Lason sa Inaamag na Kamote,Ngộ độc khoai lang mốc,พิษจากมันเทศเชื้อรา,Intoxicação por batata-doce,शकरकंद विषाक्तता,Sumu ya Viazi vitamu,Toksisitas Ubi Jalar,Toksisite patat,ကန်စွန်းဥ အဆိပ်သင့်မှု
dis_gossypol_toxicity,main,Gossypol Toxicity,Toxicité du gossypol,棉酚中毒,Toxicidad por gosipol,Toxicity mula sa Gossypol,Ngộ độc độc tố Gossypol,พิษจากสารกอสซิปอล,Toxicidade por gossipol,गोसिपोल विषाक्तता,Gossypol sumu,Toksisitas Gossypol,Gossypol Toksisite,Gossypol အဆိပ်သင့်မှု
dis_oesophagostomiasis,main,Nodular Worm Infection,Oesophagostomose (Ver nodulaire),结节虫感染,Esofagostomiasis (Gusano nodular),Nodular Worm,Bệnh giun kết hạt (Oesophagostomiasis),โรคพยาธิตุ่มลำไส้ใหญ่ (Oesophagostomiasis),Esofagostomíase (Verme nodular),नोड्यूलर वर्म,Maambukizi ya Nodular minyoo,Infeksi Cacing Nodular,Enfeksyon vè nodilè,Nodular Worm ပိုးဝင်ခြင်း။
dis_ergotism_desc,main,"Fungal poisoning from ergot-infected cereal grains, causing tissue necrosis.","Intoxication par l'ergot de seigle présent dans les céréales, provoquant une nécrose des tissus.",食用受麦角菌感染的谷物引起的真菌中毒，导致组织坏死。,"Envenenamiento por hongos de granos con cornezuelo, provoca necrosis de tejidos.",Lason mula sa amag sa mga butil na nagdudulot ng pagkabulok ng dulo ng mga tissue ng baboy.,"Ngộ độc do ăn phải nấm cựa gà lẫn trong ngũ cốc làm hoại tử tai, đuôi, chân.",พิษจากการกินเมล็ดธัญพืชที่ปนเปื้อนราเออร์ก็อต ส่งผลให้ปลายเนื้อเยื่อเน่าและขาดเลือด,"Envenenamento por grãos com fungo do esporão, provoca necrose dos tecidos das extremidades.","अर्गेट-संक्रमित अनाज खाने से होने वाला जहर, जिससे अंगों के सिरे सड़ने लगते हैं।","Sumu ya kuvu kutoka kwa nafaka zilizoambukizwa na ergot, na kusababisha necrosis ya tishu.","Keracunan jamur dari biji-bijian sereal yang terinfeksi ergot, menyebabkan nekrosis jaringan.","Anpwazònman chanpiyon ki soti nan grenn sereyal ki enfekte ak ergot, sa ki lakòz nekwoz tisi.",ergot ပိုးဝင်ထားသော ကောက်နှံစေ့များမှ မှိုဆိပ်များသည် တစ်သျှူး necrosis ကို ဖြစ်စေသည်။
dis_bvdv_pig,main,BVDV Infection in Pigs,Infection par le BVDV chez le porc,猪BVDV感染,Infección por BVDV en cerdos,BVDV sa Baboy,Nhiễm virus dịch tả trâu bò (BVDV) trên heo,โรคติดเชื้อไวรัสบีวีดีในสุกร,Infeção por BVDV em porcos,सूअरों में BVDV संक्रमण,Maambukizi ya BVDV katika Nguruwe,Infeksi BVDV pada Babi,Enfeksyon BVDV nan kochon,ဝက်များတွင် BVDV ရောဂါပိုး
dis_biotin_deficiency_desc,main,"Nutritional deficiency causing cracked hooves, skin lesions, and lameness.","Carence nutritionnelle causant des sabots fendus, des lésions cutanées et de la boiterie.",营养缺乏导致蹄裂、皮肤病变和跛行。,"Deficiencia nutricional que causa pezuñas agrietadas, lesiones en la piel y cojera.","Kakulangan sa nutrisyon na nagiging sanhi ng bitak sa kuko, sugat sa balat, at pagkapilay.","Thiếu hụt dinh dưỡng gây nứt móng, tổn thương da và què quặt.",การขาดสารอาหารส่งผลให้กีบแตก ผิวหนังอักเสบ และขาเจ็บ,"Deficiência nutricional que causa cascos rachados, lesões na pele e manqueira.","पोषण की कमी जिसके कारण खुरों में दरारें, त्वचा पर घाव और लंगड़ापन आ जाता है।","Upungufu wa lishe unaosababisha kwato zilizopasuka, vidonda vya ngozi, na ulemavu.","Kekurangan nutrisi menyebabkan kuku pecah-pecah, luka pada kulit, dan timpang.","Defisyans nitrisyonèl ki lakòz zago fann, blesi po, ak bwete.",အာဟာရချို့တဲ့ခြင်းကြောင့် ခွာကွဲအက်ခြင်း၊ အရေပြားဒဏ်ရာများ နှင့် အမြှေးပါးခြင်းတို့ကို ဖြစ်စေသည်။
dis_emcv_desc,main,Rodent-borne viral infection causing sudden heart failure and abortion.,"Infection virale transmise par les rongeurs, causant mort subite par arrêt cardiaque et avortement.",由啮齿动物传播的病毒感染，导致突发性心力衰竭和流产。,Infección viral transmitida por roedores que causa insuficiencia cardíaca súbita y aborto.,Sakit mula sa daga na nagdudulot ng biglaang atake sa puso sa mga biik at pagkalaglag ng inahin.,Virus do chuột truyền gây suy tim cấp tính đột ngột ở heo con và sẩy thai ở nái.,โรคไวรัสจากหนูนำโรค ทำให้ลูกสุกรหัวใจล้มเหลวเฉียบพลันตาย และแม่สุกรแท้ง,Infecção viral transmitida por roedores que causa insuficiência cardíaca súbita e aborto.,चूहों से फैलने वाला वायरल संक्रमण जिससे सूअर के बच्चों में अचानक दिल का दौरा पड़ता है और गर्भपात हो जाता है।,Maambukizi ya virusi yanayoenezwa na panya na kusababisha kushindwa kwa moyo ghafla na kutoa mimba.,Infeksi virus yang ditularkan melalui hewan pengerat menyebabkan gagal jantung mendadak dan aborsi.,Enfeksyon viral ki bay wonjè ki lakòz ensifizans kadyak toudenkou ak avòtman.,ကြွက်မှပေါက်သော ဗိုင်းရပ်စ်ပိုးသည် ရုတ်တရက် နှလုံးခုန်ရပ်ခြင်းနှင့် ကိုယ်ဝန်ဖျက်ချခြင်းကို ဖြစ်စေသည်။
dis_mycoplasma_arthritis_desc,main,"Bacterial infection causing swollen joints, lameness, and leg weakness.","Infection bactérienne provoquant des articulations enflées, de la boiterie et une faiblesse des pattes.",支原体感染引起的关节肿胀、跛行和腿部无力。,"Infección bacteriana que causa articulaciones hinchadas, cojera y debilidad en patas.","Impeksyon mula sa bakterya na nagdudulot ng maga sa khớp, pilay, at kahinaan sa paa.","Nhiễm khuẩn gây sưng các khớp, đi khập khiễng và yếu chân.",การติดเชื้อแบคทีเรียทำให้ข้อต่อบวม เจ็บขา และขาไม่มีแรง,"Infecção bacteriana que causa articulações inchadas, manqueira e fraqueza nas pernas.","बैक्टीरियल संक्रमण जिससे जोड़ों में सूजन, लंगड़ापन और पैरों में कमजोरी आ जाती है।","Maambukizi ya bakteria na kusababisha kuvimba kwa viungo, ulemavu na udhaifu wa mguu.","Infeksi bakteri menyebabkan pembengkakan sendi, ketimpangan, dan kelemahan kaki.","Enfeksyon bakteri ki lakòz jwenti anfle, bwete, ak feblès nan janm yo.",ဘက်တီးရီးယားပိုးမွှားများသည် အဆစ်များ ရောင်ရမ်းခြင်း၊ ခြေသလုံး အားနည်းခြင်းနှင့် ခြေထောက်အားနည်းခြင်းကို ဖြစ်စေသည်။
dis_strongyloidiasis,main,Strongyloidiasis (Threadworm),Strongyloïdose,类圆线虫病 (线虫),Estrongiloidiasis,Strongyloidiasis,Bệnh giun lươn (Strongyloidiasis),โรคพยาธิเส้นด้าย (Strongyloidiasis),Estrongiloidíase,स्ट्रॉन्गाइलोइडियासिस,Strongyloidiasis (Minyoo),Strongyloidiasis (cacing benang),Strongyloidiasis (Threadworm),Strongyloidiasis (ချည်သန်ကောင်)
dis_anaplasmosis_prev,main,Implement vector and tick control programs.,Mettre en œuvre des programmes de lutte contre les tiques et les vecteurs.,实施媒介和蜱虫控制计划。,Implementar programas de control de vectores y garrapatas.,Magsagawa ng mga programa para sa pagkontrol ng mga insekto at garapata.,Thực hiện các biện pháp kiểm soát ve và côn trùng trung gian truyền bệnh.,ดำเนินการโปรแกรมควบคุมเห็บและแมลงพาหะนำโรค,Implementar programas de controle de vetores e carrapatos.,वाहक और किलनी नियंत्रण कार्यक्रम लागू करें।,Tekeleza programu za kudhibiti vekta na tiki.,Menerapkan program pengendalian vektor dan centang.,Aplike pwogram kontwòl vektè ak tik.,vector နှင့် tick ထိန်းချုပ်မှုပရိုဂရမ်များကိုအကောင်အထည်ဖော်ပါ။
dis_sow_hysteria_desc,main,Behavioral disorder where farrowing sows become aggressive and bite piglets.,Trouble comportemental où les truies deviennent agressives et mordent leurs porcelets à la mise bas.,行为障碍，分娩母猪变得具有攻击性并咬啃仔猪。,Trastorno de conducta donde cerdas primerizas se vuelven agresivas y muerden a los lechones.,Kakaibang ugali kung saan nagiging agresibo ang inahin at kinakagat ang sariling mga biik.,Rối loạn hành vi làm heo nái mới đẻ trở nên hung dữ và cắn heo con.,ความผิดปกติของพฤติกรรมแม่สุกรสาวที่ดุร้ายและกัดลูกสุกรแรกคลอด,Distúrbio comportamental em que porcas de primeiro parto tornam-se agressivas e mordem leitões.,व्यवहार संबंधी विकार जिसमें प्रसव कराने वाली मादा सूअर आक्रामक हो जाती है और बच्चों को काटती है।,Matatizo ya tabia ambapo nguruwe wanaozaa huwa wakali na kuuma nguruwe.,Gangguan perilaku dimana babi yang sedang melahirkan menjadi agresif dan menggigit anak babi.,Twoub konpòtman kote simen fè pitit vin agresif epi mòde porsele.,မျိုးစေ့ကြဲသောမျိုးစေ့များသည် ပြင်းထန်ပြီး ဝက်ကလေးများကိုက်သည့် အပြုအမူချို့ယွင်းခြင်း။
diag_other_symptoms_to_lookout,main,Other symptoms to watch out for:,Autres symptômes à surveiller:,其他需要注意的症状：,Otros síntomas a tener en cuenta:,Iba pang mga sintomas na dapat bantayan:,Các triệu chứng khác cần lưu ý:,อาการอื่นๆ ที่ควรระวัง:,Outros sintomas a serem observados:,अन्य लक्षण जिन पर ध्यान देना चाहिए:,Dalili zingine za tahadhari:,Gejala lain yang harus diwaspadai:,Lòt sentòm ou dwe gade:,သတိထားရမည့် အခြားလက္ခဏာများ
dis_necrotic_enteritis_desc,main,Bacterial toxin disease causing severe bloody diarrhea and high mortality in piglets.,Maladie bactérienne causant une grave diarrhée sanglante et une mortalité élevée chez les porcelets.,细菌毒素病，导致仔猪严重血痢和高死亡率。,Toxina bacteriana que causa diarrea sanguinolenta grave y alta mortalidad en lechones.,Sakit na dulot ng lason ng bakterya na sanhi ng pagtatae ng dugo at mataas na kamatayan sa mga biik.,Độc tố vi khuẩn gây tiêu chảy ra máu nặng và chết nhanh ở heo con sơ sinh.,โรคจากทอกซินแบคทีเรียทำให้เกิดท้องเสียเป็นเลือดรุนแรงและอัตราตายสูงในลูกสุกร,Doença por toxina bacteriana que causa diarreia sanguinolenta grave e alta mortalidade em leitões.,बैक्टीरिया जनित विषैली बीमारी जिससे सूअर के बच्चों में खूनी दस्त और उच्च मृत्यु दर होती है।,Ugonjwa wa sumu ya bakteria unaosababisha kuhara kwa damu nyingi na vifo vingi vya nguruwe.,Penyakit toksin bakteri menyebabkan diare berdarah parah dan kematian tinggi pada anak babi.,Maladi toksin bakteri ki lakòz gwo dyare san ak gwo mòtalite nan porsele.,ဘက်တီးရီးယား အဆိပ်သင့်ရောဂါသည် ပြင်းထန်သော သွေးထွက်လွန်ဝမ်းလျှောရောဂါနှင့် ဝက်ကလေးများတွင် သေဆုံးမှု မြင့်မားသည်။
dis_photosensitization,main,Photosensitization,Photosensibilisation,光敏症,Fotosensibilización,Photosensitization,Bệnh mẫn cảm ánh sáng,โรคแพ้แสงแดด,Fotossexualização,प्रकाश संवेदनशीलता,Uhamasishaji wa picha,Fotosensitisasi,Fotosensibilisation,ဓါတ်ပုံရိုက်ခြင်း
dis_mma_desc,main,"Mastitis, metritis, and agalactia causing fever and lack of milk in sows after farrowing.","Mammite, métrite et agalactie provoquant de la fièvre et un manque de lait chez les truies après la mise bas.",乳腺炎、子宫炎和无乳症，导致分娩后母猪发热和缺乳。,"Mastitis, metritis y agalactia que causan fiebre y falta de leche en cerdas después del parto.","Kombinasyon ng mastitis, metritis, at kakulangan sa gatas sa mga inahing baboy pagkapanganak.","Viêm vú, tử cung và mất sữa gây sốt, heo nái không có sữa sau sinh.",การอักเสบของเต้านมและมดลูกร่วมกับภาวะนมไม่ไหลในแม่สุกรหลังคลอด,"Mastite, metrite e agalaxia que causam febre e falta de leite em porcas após o parto.","मैस्टाइटिस, मेट्राइटिस और एगैलेक्टिया जिसके कारण प्रसव के बाद मादा सूअर में बुखार और दूध की कमी हो जाती है।","Mastitisi, metritis, na agalactia husababisha homa na ukosefu wa maziwa kwa nguruwe baada ya kuzaa.","Mastitis, metritis, dan agalaktia menyebabkan demam dan kekurangan susu pada induk babi setelah beranak.","Mastit, metrit, ak agalactia ki lakòz lafyèv ak mank lèt ​​nan simen apre akouchman.",သားပေါက်ပြီးနောက် မျိုးစေ့စေ့များတွင် အဖျားတက်ခြင်းနှင့် နို့ပြတ်ခြင်းတို့ကို ဖြစ်စေသော Mastitis၊ metritis နှင့် agalactia။
dis_pwd,main,Post-Weaning Diarrhea (PWD),Diarrhée post-sevrage (DPS),断奶后腹泻 (PWD),Diarrea post-destete (DPD),Post-Weaning Diarrhea (PWD),Tiêu chảy sau cai sữa (PWD),โรคท้องร่วงหลังหย่านม (PWD),Diarreia pós-desmame,दूध छुड़ाने के बाद दस्त (PWD),Kuhara baada ya Kuachishwa kunyonya (PWD),Diare Pasca Penyapihan (PWD),Dyare apre sevraj (PWD),နို့ပြတ်ပြီးနောက် ဝမ်းပျက်ရောဂါ (PWD)
dis_necrotic_enteritis,main,Necrotic Enteritis,Entérite nécrotique,坏死性肠炎,Enteritis necrótica,Necrotic Enteritis,Bệnh viêm ruột hoại tử,โรคทางเดินอาหารอักเสบเน่าเปื่อย,Enterite necrótica,नेक्रोटिक एंटराइटिस,Necrotic Enteritis,Enteritis Nekrotik,Enterit nekrotik,Necrotic Enteritis
dis_aflatoxicosis,main,Aflatoxicosis,Aflatoxicose,黄曲霉毒素中毒,Aflatoxicosis,Aflatoxicosis,Ngộ độc độc tố Aflatoxin,โรคพิษจากสารอะฟลาทอกซิน,Aflatoxicose,ऐफ़्लैटॉक्सिकोसिस,Aflatoxicosis,Aflatoksikosis,Aflatoksikoz,Aflatoxicosis
dis_shoulder_ulcers_prev,main,"Provide soft bedding, keep sows in good body condition, and use rubber mats.","Fournir une litière souple, veiller à l'état corporel des truies et utiliser des tapis.",提供柔软垫料，保持母猪良好的体况，并使用橡胶垫。,"Proporcionar cama suave, mantener cerdas en buena condición corporal y usar tapetes.",Maglagay ng malambot na higaan at panatilihing malusog ang timbang ng inahin.,"Lót đệm mềm, cải thiện thể trạng nái và sử dụng tấm lót cao su.",ใช้วัสดุรองนอนที่นุ่ม ดูแลความสมบูรณ์ร่างกายแม่สุกร และใช้แผ่นยางรองพื้น,"Fornecer cama macia, manter porcas com escore corporal bom e usar tapetes de borracha.","मुलायम बिछावन प्रदान करें, मादा सूअर का अच्छा शारीरिक वजन बनाए रखें, और रबर मैट का उपयोग करें।","Toa matandiko laini, weka nguruwe katika hali nzuri ya mwili, na tumia mikeka ya mpira.","Sediakan alas tidur empuk, jaga kondisi tubuh babi baik, dan gunakan alas karet.","Bay kabann mou, kenbe simen nan bon kondisyon kò, epi sèvi ak tapi kawotchou.",ပျော့ပျောင်းသော အိပ်ယာကို ပြုစုပါ၊ မျိုးစေ့ကို ကောင်းမွန်သော ခန္ဓာကိုယ် အနေအထားတွင် ထားရှိကာ ရာဘာဖျာများကို အသုံးပြုပါ။
dis_hyostrongylosis_desc,main,"Stomach worm infection causing gastritis, anemia, and weight loss.","Infection par un ver de l'estomac causant gastrite, anémie et perte de poids.",胃线虫感染，引起胃炎、贫血和体重减轻。,"Infección estomacal por gusanos que causa gastritis, anemia y pérdida de peso.","Impeksyon ng bulate sa tiyan na nagdudulot ng pamamaga, anemia, at pagbaba ng timbang.","Nhiễm giun dạ dày gây viêm loét dạ dày, thiếu máu và giảm cân.",การติดพยาธิในกระเพาะอาหาร ทำให้กระเพาะอักเสบ โลหิตจาง และน้ำหนักลด,"Infecção estomacal por vermes que causa gastrite, anemia e perda de peso.","पेट के कीड़े का संक्रमण जिससे गैस्ट्राइटिस, एनीमिया और वजन कम हो जाता है।","Maambukizi ya minyoo ya tumbo na kusababisha gastritis, anemia, na kupunguza uzito.","Infeksi cacing perut menyebabkan maag, anemia, dan penurunan berat badan.","Enfeksyon vè nan vant ki lakòz doulè, anemi, ak pèdi pwa.",အစာအိမ်ပိုးဝင်ခြင်းသည် အစာအိမ်ရောင်ခြင်း၊ သွေးအားနည်းခြင်းနှင့် ကိုယ်အလေးချိန်ကျခြင်းတို့ကို ဖြစ်စေသည်။
dis_gastric_torsion_prev,main,Avoid feeding large meals after long fasts and divide daily feed into portions.,Éviter les repas volumineux après un long jeûne et fractionner les rations.,避免在长期饥饿后喂食大餐，并将每日饲料分成多餐喂食。,Evitar comidas copiosas tras ayunos largos y dividir la ración diaria.,Iwasang magpakain ng marami pagkatapos ng mahabang gutom at hatiin ang rasyon.,Tránh cho ăn quá nhiều sau khi heo bị đói lâu và chia nhỏ khẩu phần ăn.,หลีกเลี่ยงการให้อาหารมื้อใหญ่หลังจากงดอาหารเป็นเวลานาน และแบ่งมื้ออาหาร,Evitar fornecer grandes refeições após longos jejuns e fracionar o trato diário.,लंबे उपवास के बाद भारी भोजन देने से बचें और दैनिक चारे को हिस्सों में विभाजित करें।,Epuka kulisha milo mikubwa baada ya kufunga kwa muda mrefu na ugawanye chakula cha kila siku katika sehemu.,Hindari memberi makan dalam porsi besar setelah puasa panjang dan bagilah makanan harian menjadi beberapa porsi.,Evite manje gwo manje apre jèn long epi divize manje chak jou an pòsyon.,အကြာကြီးအစာရှောင်ပြီးနောက် အစာများများစားခြင်းမှ ရှောင်ကြဉ်ပြီး နေ့စဉ်အစာများကို အပိုင်းလိုက်ခွဲပါ။
dis_thorny_headed_worm_desc,main,"Parasitic worm acquired by eating beetles, causing gut perforation.","Ver parasite contracté en mangeant des coléoptères, causant une perforation intestinale.",因采食甲虫而感染的寄生虫，可导致肠穿孔。,"Parásito intestinal adquirido al comer escarabajos, causa perforación del intestino.","Bulate na nakukuha sa pagkain ng mga salagubang, sanhi ng pagkabutas ng bituka.","Giun ký sinh do heo ăn phải bọ hung/côn trùng, gây thủng ruột.",พยาธิในลำไส้ที่เกิดจากการกินด้วง ทำลายผนังลำไส้จนทะลุ,"Parásito intestinal contraído ao comer besouros, causa perfuração do intestino.","भृंग खाने से होने वाला परजीवी कीड़ा, जिससे आंत में छेद हो जाता है।","Mdudu wa vimelea aliyepatikana kwa kula mende, na kusababisha utoboaji wa utumbo.",Cacing parasit didapat dengan memakan kumbang sehingga menyebabkan usus berlubang.,"Vè parazit akeri nan manje insect, sa ki lakòz twou zantray.",ပိုးမွှားများကို စားသုံးခြင်းဖြင့် အူဖောက်ခြင်းကို ဖြစ်စေသော ကပ်ပါးပိုး။
dis_polyserositis_prev,main,"Minimize weaning stress, avoid mixing litters, and ventilate properly.","Minimiser le stress du sevrage, éviter les mélanges de portées et bien ventiler.",尽量减少断奶应激，避免混群，并保持良好通风。,"Minimizar estrés del destete, evitar mezclar camadas y ventilar bien.",Bawasan ang stress sa pagwawalay at huwag paghaluin ang iba't ibang batch ng biik.,"Minimizar estresse de desmame, evitar misturar leitegadas e ventilar adequadamente.",ลดความเครียดหลังหย่านม หลีกเลี่ยงการผสมรวมสุกรต่างครอก และระบายอากาศให้ดี,"Minimizar estresse de desmame, evitar misturar leitegadas e ventilar adequadamente.","दूध छुड़ाने के तनाव को कम करें, अलग-अलग झुंडों को न मिलाएं और उचित वेंटिलेशन रखें।","Punguza mkazo wa kumwachisha ziwa, epuka kuchanganya takataka, na upe hewa hewa ipasavyo.","Minimalkan stres saat menyapih, hindari mencampurkan sampah, dan berikan ventilasi yang baik.","Minimize estrès sevraj, evite melanje fatra, epi vantile byen.",နို့ဖြတ်ခြင်း စိတ်ဖိစီးမှုကို လျှော့ချပါ၊ အမှိုက်များ ရောနှောခြင်းကို ရှောင်ကြဉ်ကာ ကောင်းစွာ လေဝင်လေထွက် ကောင်းစေပါသည်။
dis_babesiosis_prev,main,Control ticks using acaricides and keep pens free of vegetation.,Contrôler les tiques avec des acaricides et débroussailler autour des enclos.,使用杀蜱药控制蜱虫，并保持猪栏无杂草。,Controlar garrapatas con acaricidas y mantener corrales limpios de maleza.,Puksain ang mga garapata gamit ang acaricide at linisin ang mga damo sa paligid.,Diệt ve bằng thuốc sát trùng/thuốc xịt ve và làm sạch cỏ xung quanh chuồng.,กำจัดเห็บโดยใช้ยาพ่นกำจัดเห็บ และตัดหญ้าบริเวณรอบๆ โรงเรือนให้สะอาด,Controlar carrapatos usando acaricidas e manter piquetes livres de mato alto.,एकारिसाइड्स का उपयोग करके किलनियों को नियंत्रित करें और बाड़ों को घास-फूस से मुक्त रखें।,Dhibiti kupe kwa kutumia acaricides na weka kalamu bila mimea.,Kendalikan kutu menggunakan akarisida dan jauhkan kandang dari tumbuh-tumbuhan.,Kontwole tik lè l sèvi avèk akarisid epi kenbe plim san vejetasyon.,acaricides များကိုအသုံးပြု၍ မှက်များကိုထိန်းချုပ်ပြီး ဘောပင်များကို အသီးအရွက်များကင်းအောင်ထားပါ။
dis_phe,main,Porcine Hemorrhagic Enteropathy,Entéropathie hémorragique porcine,猪出血性肠病,Enteropatía hemorrágica porcina,Porcine Hemorrhagic Enteropathy,Bệnh viêm ruột xuất huyết heo,โรคทางเดินอาหารอักเสบมีเลือดออกในสุกร,Enteropatia hemorrágica suína,पोर्सिन हेमोरेजिक एंटरोपैथी,Enteropathy ya Hemorrhagic ya Nguruwe,Enteropati Hemoragik Babi,Enteropati emorajik kochon,Porcine Hemorrhagic Enteropathy
dis_sweet_potato_toxicity_desc,main,"Poisoning from moldy sweet potatoes, causing severe respiratory distress.","Intoxication due à des patates douces moisies, provoquant une grave détresse respiratoire.",霉变甘薯引起的中毒，导致严重呼吸困难。,"Envenenamiento por camotes mohosos, causando dificultad respiratoria severa.","Lason dahil sa inaamag na kamote, nagiging sanhi ng matinding hirap sa paghinga.",Ngộ độc do khoai lang bị mốc gây suy hô hấp nặng ở heo.,การได้รับสารพิษจากมันเทศที่มีเชื้อราขึ้น ส่งผลให้ระบบทางเดินหายใจล้มเหลวรุนแรง,"Envenenamento por batata-doce mofada, causando grave desconforto respiratório.","फफूंदयुक्त शकरकंद से होने वाली विषाक्तता, जिससे सांस लेने में गंभीर तकलीफ होती है।","Sumu kutoka kwa viazi vitamu vya ukungu, na kusababisha shida kali ya kupumua.","Keracunan dari ubi jalar yang berjamur, menyebabkan gangguan pernafasan yang parah.","Anpwazonnman ak patat ki gen mwazi, sa ki lakòz gwo detrès respiratwa.",မှိုတက်နေသော ကန်စွန်းဥများမှ အဆိပ်သင့်ပြီး ပြင်းထန်အသက်ရှုလမ်းကြောင်းကို ထိခိုက်စေသည်။
dis_trichinellosis_prev,main,"Do not feed raw swill, boil food scraps for 30 minutes, and control rodents.","Ne pas nourrir avec des eaux grasses crues, bouillir les restes de nourriture pendant 30 minutes.",禁止喂生泔水，食物残渣煮沸30分钟，并控制啮齿动物。,"No alimentar con residuos crudos, hervir restos de comida por 30 minutos.",Huwag magpakain ng hilaw na kaning-baboy at pakuluan ito ng 30 minuto.,"Không cho ăn thức ăn thừa chưa nấu chín, đun sôi thức ăn thừa trong 30 phút.",ห้ามเลี้ยงด้วยเศษอาหารดิบ ต้มเศษอาหารให้เดือดนาน 30 นาที และควบคุมหนู,"Não alimentar com restos de lavagem crus, ferver sobras por 30 minutos.","कच्ची जूठन न खिलाएं, बचे हुए भोजन को 30 मिनट तक उबालें, और चूहों को नियंत्रित करें।","Usilishe swill mbichi, chemsha mabaki ya chakula kwa dakika 30, na udhibiti panya.","Jangan memberi makan swill mentah, merebus sisa makanan selama 30 menit, dan mengendalikan hewan pengerat.","Pa manje dlo kri, bouyi bouyon manje pou 30 minit, epi kontwole rat.",အစိမ်းလိုက်အစာကျွေးခြင်း၊ အစာအရိုးအကြေများကို မိနစ် ၃၀ ကြာ ပြုတ်ပြီး ကြွက်များကို ထိန်းချုပ်ပါ။
dis_hyostrongylosis,main,Red Stomach Worm,Strongle rouge de l'estomac,红色胃线虫,Gusano rojo del estómago,Red Stomach Worm,Bệnh giun đỏ dạ dày (Hyostrongylosis),โรคพยาธิกระเพาะแดง,Verme vermelho do estômago,लाल पेट कृमि,Mnyoo wa Tumbo Jekundu,Cacing Perut Merah,Wouj Vè vant,အနီရောင်အစာအိမ်သန်ကောင်
dis_c_difficile,main,Clostridium difficile (CDI),Infection à Clostridium difficile,艰难梭菌感染 (CDI),Infección por Clostridium difficile,Impeksyon ng Clostridium difficile,Tiêu chảy do Clostridium difficile (CDI),โรคท้องร่วงจากเชื้อคลอสตริเดียม (CDI),Infeção por Clostridium difficile,क्लॉस्ट्रिडियम डिफिसाइल संक्रमण,Clostridia difficile (CDI),Clostridium difficile (CDI),Clostridium difficile (CDI),Clostridium difficile (CDI)
dis_pityriasis_rosea_desc,main,Non-contagious skin condition in young pigs forming ring-like crusts.,Affection cutanée non contagieuse chez les jeunes porcs formant des croûtes annulaires.,青年猪的非传染性皮肤病，形成环状痂皮。,Condición de la piel no contagiosa en cerdos jóvenes que forma costras en anillo.,Hindi nakakahawang kondisyon sa balat ng mga batang baboy na nagdudulot ng pabilog na langib.,Bệnh ngoài da không truyền nhiễm ở heo con tạo ra các vòng vảy đỏ tròn.,โรคผิวหนังที่ไม่ติดต่อในสุกรหย่านม เกิดสะเก็ดแดงรูปวงแหวนตามผิวหนัง,Condição de pele não contagiosa em leitões que forma crostas em formato de anel.,युवा सूअरों में एक गैर-संक्रामक त्वचा रोग जिसमें छल्लेदार पपड़ीदार घाव बन जाते हैं।,Hali ya ngozi isiyoambukiza katika nguruwe wachanga kutengeneza ganda la pete.,Kondisi kulit tidak menular pada babi muda yang membentuk kerak seperti cincin.,Kondisyon po ki pa kontajye nan jèn kochon ki fòme kwout bag ki sanble.,ဝက်ငယ်များတွင် မကူးစက်နိုင်သော အရေပြားအခြေအနေ။
dis_oesophagostomiasis_prev,main,Regular pen sanitation and routine use of broad-spectrum anthelmintics.,Hygiène régulière des enclos et utilisation de vermifuges à large spectre.,定期清洁猪圈，常规使用广谱驱虫药。,Higiene regular de corrales y uso rutinario de antihelmínticos de amplio espectro.,Linisin ang kulungan at gumamit ng broad-spectrum dewormer nang regular.,Vệ sinh chuồng trại thường xuyên và sử dụng thuốc tẩy giun phổ rộng.,รักษาความสะอาดคอกสม่ำเสมอ และใช้ยาถ่ายพยาธิที่มีฤทธิ์กว้างอย่างสม่ำเสมอ,Higiene regular das baias e uso rotineiro de anti-helmínticos de amplo espectro.,बाड़े की नियमित सफाई और व्यापक स्पेक्ट्रम कृमिनाशक दवाओं का नियमित उपयोग करें।,Usafi wa mazingira wa kalamu mara kwa mara na matumizi ya kawaida ya anthelmintics ya wigo mpana.,Sanitasi kandang secara teratur dan penggunaan obat anthelmintik spektrum luas secara rutin.,Sanitasyon plim regilye ak itilizasyon woutin nan antihelmintik laj spectre.,ဘောပင်အညစ်အကြေးများကို ပုံမှန်ဆေးကြောခြင်းနှင့် ကျယ်ပြန့်ရောင်စဉ်ပိုးသတ်ဆေးများကို ပုံမှန်အသုံးပြုခြင်း။
dis_salmonella_septicemia_desc,main,Severe bloodstream salmonella infection causing purple skin and rapid death.,Infection généralisée grave à Salmonella causant une coloration violette de la peau et la mort rapide.,严重的沙门氏菌血液感染，导致皮肤呈紫色并迅速死亡。,Infección grave en sangre por Salmonella que causa piel morada y muerte rápida.,"Malalang impeksyon sa dugo dahil sa Salmonella, sanhi ng pangingitim ng balat at mabilis na kamatayan.","Vi khuẩn Salmonella vào máu gây nhiễm trùng huyết, tai và da tím tái, chết nhanh.",การติดเชื้อซัลโมเนลลาในกระแสเลือดรุนแรง ทำให้ผิวหนังเปลี่ยนเป็นสีม่วงคล้ำและตายเร็ว,Infeção grave no sangue por Salmonella causando pele arroxeada e morte súbita.,गंभीर रक्तप्रवाह साल्मोनेला संक्रमण जिससे त्वचा नीली पड़ जाती है और तेजी से मृत्यु होती है।,Maambukizi makali ya damu ya salmonella na kusababisha ngozi ya zambarau na kifo cha haraka.,Infeksi salmonella aliran darah yang parah menyebabkan kulit berwarna ungu dan kematian yang cepat.,Enfeksyon ki grav nan salmonèl san ki lakòz po koulè wouj violèt ak lanmò rapid.,ပြင်းထန်သော Salmonella ပိုးဝင်ခြင်းသည် ခရမ်းရောင်အရေပြားကို ဖြစ်စေပြီး လျင်မြန်စွာ သေဆုံးစေပါသည်။
dis_strongyloidiasis_desc,main,Intestinal threadworm causing severe diarrhea and mortality in piglets.,Strongle intestinal provoquant une grave diarrhée et une forte mortalité chez les porcelets.,肠道线虫引起仔猪严重腹泻 and 死亡。,Gusano intestinal que causa diarrea severa y alta mortalidad en lechones.,Impeksyon sa bituka ng mga biik na sanhi ng malalang pagtatae at kamatayan.,Giun lươn ký sinh ở ruột gây tiêu chảy dữ dội và chết nhiều ở heo con.,พยาธิเส้นด้ายในลำไส้ ทำให้เกิดท้องเสียรุนแรงและอัตราการตายสูงในลูกสุกร,Verme intestinal que causa diarreia grave e alta mortalidade em leitões jovens.,आंतों का धागा कृमि जो सूअर के बच्चों में गंभीर दस्त और मृत्यु का कारण बनता है।,Minyoo ya matumbo inayosababisha kuhara kali na vifo vya watoto wa nguruwe.,Cacing kremi menyebabkan diare parah dan kematian pada anak babi.,Worm entesten ki lakòz dyare grav ak mòtalite nan porsele yo.,အူလမ်းကြောင်းရှိ ချည်မျှင်ပိုးသည် ပြင်းထန်ဝမ်းလျှောခြင်းနှင့် ဝက်ကလေးများတွင် သေဆုံးမှုဖြစ်စေသည်။
dis_babesiosis,main,Tick-borne Babesiosis,Babésiose transmise par les tiques,蜱传巴贝斯虫病,Babesiosis transmitida por garrapatas,Babesiosis mula sa Garapata,Bệnh ký sinh trùng đường máu Babesia,โรคพยาธิในเม็ดเลือดบาบีเซีย,Babesiose transmitida por carrapatos,किलनी जनित बेबेशियोसिस,Babesiosis inayoenezwa na Jibu,Babesiosis yang ditularkan melalui kutu,Tik-fè Babezyoz,တိက်မှပေါက်ဖွားသော Babesiosis
dis_demodectic_mange_desc,main,Microscopic skin mite causing scaly spots and small pustules.,Acarien cutané microscopique provoquant des plaques squameuses et de petites pustules.,显微镜下可见的皮肤螨虫，引起鳞屑斑和小脓疱。,Ácaro microscópico de la piel que causa manchas escamosas y pequeñas pústulas.,Mikroskopikong garapata sa balat na nagdudulot ng pangangaliskis at maliliit na butlig.,"Ký sinh trùng Demodex gây rụng lông, đóng vảy và mụn mủ quanh mắt, mõm.",ตัวไรขนาดเล็กในขุมขน ทำให้ผิวหนังตกสะเก็ด มีตุ่มหนองเล็กๆ,Ácaro microscópico de pele que causa manchas descamativas e pequenas pústulas.,सूक्ष्म त्वचा का कीड़ा जो पपड़ीदार धब्बे और छोटे मवाददार दाने पैदा करता है।,Utitiri wa ngozi hadubini unaosababisha madoa magamba na pustules ndogo.,Tungau kulit mikroskopis menyebabkan bintik-bintik bersisik dan pustula kecil.,Mikwoskopik mite po ki lakòz tach kal ak ti pustul.,အဏုကြည့်မှန်ဘီလူးသည် အစက်အပြောက်အစက်အပြောက်များနှင့် အဖုသေးသေးလေးများကို ဖြစ်စေသည်။
dis_parakeratosis_desc,main,"Nutritional disease causing severe crusty, thickened skin lesions.",Maladie nutritionnelle provoquant des lésions cutanées croûteuses et épaissies sévères.,营养性疾病，引起严重的皮肤结痂、增厚病变。,"Enfermedad nutricional que causa lesiones cutáneas severas, costrosas y engrosadas.",Sakit sa nutrisyon na nagdudulot ng makapal at magaspang na sugat sa balat.,"Bệnh dinh dưỡng gây ra các vết thương dày sừng, đóng vảy nghiêm trọng trên da.",โรคทางโภชนาการที่ทำให้ผิวหนังหนาตัว ตกสะเก็ด และเป็นแผลรุนแรง,"Doença nutricional que causa lesões de pele graves, crostosas e espessadas.","गंभीर पपड़ीदार, मोटी त्वचा के घावों का कारण बनने वाली पोषण संबंधी बीमारी।","Ugonjwa wa lishe unaosababisha ukoko mkali, vidonda vya ngozi vilivyoenea.",Penyakit nutrisi menyebabkan lesi kulit yang parah dan menebal.,"Maladi nitrisyonèl ki lakòz gwo blesi po kwout, epè.",အာဟာရဆိုင်ရာရောဂါသည် ပြင်းထန်သော အမဲစက်၊ ထူထဲသော အရေပြားဒဏ်ရာများကို ဖြစ်စေသည်။
dis_fascioliasis_prev,main,Prevent pigs from grazing in swampy areas and control mud snails.,Empêcher les porcs de paître dans les zones humides et lutter contre les limnées.,防止猪在沼泽地放牧，并控制椎实螺。,Evitar el pastoreo de cerdos en áreas pantanosas y controlar caracoles de lodo.,Ilayo ang mga baboy sa mabaputik at basang lugar at kontrolin ang mga suso.,Không thả heo ở vùng đầm lầy và kiểm soát ốc nước ngọt (vật chủ trung gian).,ป้องกันไม่ให้สุกรเข้าไปในพื้นที่หนองน้ำชื้นแฉะ และควบคุมหอยน้ำจืดที่เป็นพาหะ,Impedir os suínos de pastarem em áreas pantanosas e controlar caramujos.,सूअरों को दलदli क्षेत्रों में चरने से रोकें और कीचड़ वाले घोंघों को नियंत्रित करें।,Zuia nguruwe kuchungia kwenye maeneo yenye kinamasi na dhibiti konokono wa udongo.,Cegah babi merumput di daerah rawa dan kendalikan keong lumpur.,Anpeche kochon patiraj nan zòn marekaj epi kontwole Molisk labou.,ရွှံ့နွံများရှိသော ခရုများကို ထိန်းချုပ်ရန် ဝက်များကို ရွှံ့နွံကျသောနေရာများတွင် ကျက်စားစေပါသည်။
dis_navel_bleeding_prev,main,Tie umbilical cords at birth and avoid feeding mycotoxin-contaminated feed to sows.,"Ligaturer le cordon à la naissance, éviter les mycotoxines dans l'aliment des truies.",出生时结扎脐带，避免喂母猪受霉菌毒素污染的饲料。,"Atar cordones umbilicales al nacer, evitar alimento con micotoxinas en cerdas.",Talian ang pusod pagkapanganak at iwasang pakainin ang inahin ng may mycotoxin.,"Buộc dây rốn ngay sau sinh, tránh cho nái ăn thức ăn bị nhiễm độc tố nấm mốc.",ผูกหรือหนีบสายสะดือทันทีเมื่อคลอด หลีกเลี่ยงอาหารที่มีสารพิษจากเชื้อราในแม่พันธุ์,"Amarrar cordões umbilicais no nascimento, evitar rações com micotoxinas para as porcas.",जन्म के समय नाभि को बांधें और मादा सूअर को फफूंद विषाक्तता वाला चारा खिलाने से बचें।,Funga kitovu wakati wa kuzaliwa na epuka kuwalisha nguruwe chakula kilichochafuliwa na mycotoxin.,Ikat tali pusar saat lahir dan hindari pemberian pakan yang terkontaminasi mikotoksin kepada induk babi.,Mare kòd lonbrit yo nan nesans epi evite bay simen manje ki kontamine ak mikotoksin.,မွေးစတွင် ချက်ကြိုးများကို ချည်နှောင်ပြီး မျိုးစေ့ကြဲရန်အတွက် mycotoxin ညစ်ညမ်းသော အစာကျွေးခြင်းကို ရှောင်ကြဉ်ပါ။
dis_pwd_prev,main,"Reduce weaning stress, maintain high sanitation, and provide clean drinking water.","Réduire le stress du sevrage, maintenir une hygiène élevée et fournir de l'eau propre.",减少断奶应激，保持高度卫生，并提供清洁饮水。,"Reducir estrés del destete, mantener alta higiene y dar agua limpia.","Bawasan ang stress sa pagwawalay, panatilihing malinis ang paligid, at magbigay ng malinis na tubig.","Giảm căng thẳng lúc cai sữa, giữ vệ sinh cao độ và cung cấp nước uống sạch.",ลดความเครียดจากการหย่านม รักษาความสะอาด และมีน้ำดื่มที่สะอาดเพียงพอ,"Reduzir o estresse do desmame, manter alta higiene e fornecer água limpa.","दूध छुड़ाने के तनाव को कम करें, स्वच्छता बनाए रखें और साफ पानी प्रदान करें।","Punguza mafadhaiko ya kunyonya, kudumisha usafi wa hali ya juu, na kutoa maji safi ya kunywa.","Mengurangi stres penyapihan, menjaga sanitasi yang baik, dan menyediakan air minum yang bersih.","Diminye estrès sevraj, kenbe asenisman segondè, epi bay dlo pwòp pou bwè.",နို့ပြတ်ခြင်း၏စိတ်ဖိစီးမှုကို လျှော့ချရန်၊ မြင့်မားသော သန့်ရှင်းရေးကို ထိန်းသိမ်းရန်နှင့် သန့်ရှင်းသော သောက်သုံးရေကို ပေးဆောင်ပါ။
dis_cold_stress_desc,main,"Severe body cooling in piglets, causing shivering and high mortality.","Refroidissement corporel sévère chez les porcelets, causant des tremblements et une forte mortalité.",仔猪身体严重受凉，导致发抖和高死亡率。,"Enfriamiento corporal grave en lechones, causa temblores y alta mortalidad.",Matinding panlalamig ng katawan ng mga biik na sanhi ng panginginig at kamatayan.,Cơ thể heo con bị nhiễm lạnh sâu gây run rẩy và tỷ lệ chết cao.,อุณหภูมิร่างกายสุกรลดต่ำลงรุนแรงในลูกพันธุ์แรกคลอด ทำให้สั่นเทาและตายสูง,"Resfriamento corporal grave em leitões, causando tremores e alta mortalidade.","सूअर के बच्चों में गंभीर रूप से शरीर का ठंडा होना, जिससे वे कांपते हैं और मृत्यु दर बढ़ जाती है।","Kupoa kwa mwili kwa watoto wa nguruwe, na kusababisha kutetemeka na vifo vingi.","Pendinginan tubuh yang parah pada anak babi, menyebabkan menggigil dan kematian yang tinggi.","Gwo refwadisman kò nan porsele, sa ki lakòz tranbleman ak gwo mòtalite.",ဝက်ကလေးများ၏ ခန္ဓာကိုယ်တွင် ပြင်းထန်စွာ အအေးခံခြင်းကြောင့် တုန်တုန်ယင်ယင်နှင့် သေဆုံးမှု မြင့်မားသည်။
dis_navel_bleeding,main,Navel Bleeding,Saignement du cordon,脐带流血,Sangrado umbilical,Pagdurugo ng Pusod,Xuất huyết rốn heo con,โรคสะดือไหลไม่หยุด,Sangramento umbilical,नाभि से खून बहना,Kutokwa na damu kwa kitovu,Pendarahan Pusar,Lonbrit senyen,Navel Bleeding
dis_mycoplasma_arthritis,main,Mycoplasmal Arthritis,Arthrite à mycoplasmes,支原体关节炎,Artritis por micoplasma,Mycoplasmal Arthritis,Viêm khớp do Mycoplasma,โรคข้ออักเสบจากไมโคพลาสมา,Artrite por micoplasma,मायकोप्लाज्मा अर्थराइटिस,Arthritis ya Mycoplasmal,Artritis Mikoplasma,Atrit mikoplasmal,Mycoplasmal Arthritis
dis_gastric_torsion,main,Gastric Torsion (Bloat),Torsion gastrique (Météorisation),胃扭转 (胀气),Torsión gástrica (Timpanismo),Gastric Torsion (Bloat),Bệnh xoắn dạ dày (Chướng hơi dạ dày),โรคกระเพาะอาหารบิดหมุน,Torção gástrica (Timpanismo),गैस्ट्रिक टॉर्शन,Kuvimba kwa tumbo (Bloat),Torsi Lambung (Kembung),Torsion gastric (gonfle),Gastric Torsion (ဗိုက်အောင့်ခြင်း)
dis_ear_biting_prev,main,"Reduce crowding, improve ventilation, and provide enrichment like chains.","Réduire la densité, améliorer la ventilation et fournir des objets à mordre (chaînes).",降低饲养密度，改善通风，并提供链条等玩具作为娱乐。,"Reducir hacinamiento, mejorar ventilación y dar enriquecimiento (cadenas).","Bawasan ang siksikan, ayusin ang singaw ng hangin, at magbigay ng laruan tulad ng kadena.","Giảm mật độ nuôi, tăng thông thoáng chuồng và treo xích sắt cho heo chơi.",ลดความหนาแน่นในคอก ปรับปรุงการระบายอากาศ และให้สิ่งของเพื่อลดความเครียด (โซ่),"Reduzir densidade, melhorar ventilação e fornecer brinquedos (ex. correntes).","भीड़भाड़ कम करें, वेंटिलेशन में सुधार करें और लोहे की जंजीर जैसी वस्तुएं खेलने को दें।","Punguza msongamano, boresha uingizaji hewa, na toa uboreshaji kama minyororo.","Kurangi kepadatan, tingkatkan ventilasi, dan berikan pengayaan seperti rantai.","Diminye foul moun, amelyore vantilasyon, epi bay anrichisman tankou chenn.",လူစုလူဝေးကို လျှော့ချပါ၊ လေဝင်လေထွက်ကောင်းအောင်၊ သံကြိုးများကဲ့သို့ ကြွယ်ဝမှုကို ပေးဆောင်ပါ။
dis_biotin_deficiency,main,Biotin Deficiency,Carence en biotine,生物素缺乏症,Deficiencia de biotina,Kakulangan sa Biotin,Thiếu hụt Biotin,โรคขาดไบโอติน,Deficiência de biotina,बायोटिन की कमी,Upungufu wa Biotini,Defisiensi Biotin,Defisi Biotin,Biotin ချို့တဲ့ခြင်း။
dis_endocarditis_prev,main,"Promptly treat joint-ill and wounds, and select against susceptible genetics.","Traiter rapidement les infections articulaires et plaies, éviter les génétiques sensibles.",及时治疗关节炎和外伤，并淘汰易感个体。,"Tratar heridas y poliartritis a tiempo, evitar líneas genéticas susceptibles.",Gamutin agad ang mga sugat at impeksyon sa khớp at iwasan ang mahihinang lahi.,"Điều trị triệt để các vết thương và viêm khớp ở heo con, loại bỏ heo mang gen nhạy cảm.",รักษาแผลตามร่างกายและอาการข้ออักเสบแต่เนิ่นๆ และคัดทิ้งสายพันธุ์ที่ไวต่อโรค,"Tratar feridas e infecções articulares a tempo, e evitar genéticas sensíveis.","घावों और जोड़ों के संक्रमण का तुरंत इलाज करें, और अतिसंवेदनशील नस्ल को हटा दें।","Tibu mara moja magonjwa ya viungo na majeraha, na uchague dhidi ya vinasaba vinavyohusika.","Segera obati penyakit sendi dan luka, dan pilihlah berdasarkan genetika yang rentan.","San pèdi tan trete jwenti-malad ak blesi, epi chwazi kont jenetik sansib.",အရိုးအဆစ်များ ဖျားနာခြင်းနှင့် ဒဏ်ရာများကို ချက်ခြင်းကုသပြီး ဖြစ်ပေါ်လာနိုင်သော မျိုးရိုးဗီဇကို ရွေးချယ်ပါ။
dis_foot_rot_prev,main,"Repair rough concrete, keep floors dry, and use foot baths if needed.","Réparer le béton rugueux, garder les sols secs et utiliser des pédiluves si nécessaire.",修补粗糙水泥地面，保持地面干燥，并在需要时使用蹄浴。,"Reparar concreto rugoso, mantener pisos secos y usar pediluvios.","Ayusin ang magaspang na semento, panatilihing tuyo ang sahig, at gumamit ng foot bath.","Sửa chữa sàn bê tông nhám, giữ sàn khô ráo và sát trùng chân.",ซ่อมแซมพื้นคอนกรีตที่ชำรุดหยาบ รักษาพื้นให้แห้ง และทำอ่างจุ่มเท้าฆ่าเชื้อ,"Reparar concreto áspero, manter pisos secos e usar pedilúvios se necessário.","खुरदरी कंक्रीट की मरम्मत करें, फर्श को सूखा रखें और जरूरत पड़ने पर फुट बाथ का उपयोग करें।","Rekebisha saruji mbaya, weka sakafu kavu, na tumia bafu za miguu ikiwa inahitajika.","Perbaiki beton yang kasar, jaga lantai tetap kering, dan gunakan rendaman kaki jika diperlukan.","Repare beton ki graj, kenbe planche sèk, epi sèvi ak beny pye si sa nesesè.",ကြမ်းကြမ်းတမ်းတမ်းကွန်ကရစ်ကို ပြုပြင်ပါ၊ ကြမ်းပြင်များကို ခြောက်သွေ့အောင်ထားပါ၊ လိုအပ်ပါက ခြေထောက်ရေချိုးခြင်းကို အသုံးပြုပါ။
dis_cold_stress_prev,main,"Provide heat lamps, creep boxes, and keep farrowing area dry and draft-free.","Fournir des lampes chauffantes, des boîtes à porcelets et éviter les courants d'air.",提供保温灯、保育箱，并保持分娩舍干燥、无风。,"Proporcionar lámparas de calor, cajas térmicas y evitar corrientes de aire.","Gumamit ng heat lamp, maglagay ng sapin, at iwasan ang draft o ihip ng hangin.","Bật đèn sưởi, lót sàn ấm, tránh gió lùa vào chuồng đẻ.",ใช้โคมไฟกกให้ความร้อน กล่องกกอุ่น และดูแลคอกคลอดให้แห้งไร้ลมโกรก,"Fornecer lâmpadas de calor, caixas escamoteadoras e evitar correntes de ar frio.","हीट लैंप, वार्म बॉक्स प्रदान करें और प्रसव क्षेत्र को सूखा और हवा के झोंकों से मुक्त रखें।","Kutoa taa za joto, masanduku ya kutambaa, na kuweka mahali pa kuzalia kikavu na bila rasimu.","Sediakan lampu penghangat, kotak merayap, dan jaga agar area peternakan tetap kering dan bebas angin.","Bay lanp chalè, bwat ranpe, epi kenbe zòn nan fè pitit sèk epi san bouyon.",အပူပေးမီးချောင်းများ၊ ပုတ်ပွသေတ္တာများကို ပေးဆောင်ပြီး စိုက်ခင်းဧရိယာကို ခြောက်သွေ့ပြီး အကြမ်းမဖက်ဘဲထားပါ။
dis_strongyloidiasis_prev,main,"Keep farrowing crates dry and clean, and deworm sows before farrowing.","Garder les maternités propres et sèches, vermifuger les truies avant mise bas.",保持分娩栏干燥清洁，并在分娩前对母猪进行驱虫。,"Mantener parideras limpias y secas, desparasitar cerdas antes del parto.",Panatilihing tuyo ang kulungan at purgahin ang inahin bago manganak.,"Giữ chuồng đẻ khô ráo, sạch sẽ và tẩy giun cho nái trước khi đẻ.",รักษาความสะอาดแห้งในคอกคลอด ถ่ายพยาธิแม่พันธุ์ก่อนเข้าคอกคลอด,"Manter as instalações limpas e secas, e vermifugar porcas antes do parto.","बाड़ों को सूखा और साफ रखें, और प्रसव से पहले मादा सूअर को कीड़े की दवा दें।","Weka masanduku ya kuzalia yakiwa makavu na safi, na minyoo hupanda kabla ya kuzaa.","Jaga agar kandang pelepasliaran tetap kering dan bersih, dan tabur cacing sebelum melakukan pelarangan.","Kenbe kès pou fè pitit sèk ak pwòp, epi deworm simen anvan akouchman.",မွေးမြူထားသောသေတ္တာများကို ခြောက်သွေ့သန့်ရှင်းအောင်ထားပါ၊ ပိုးမွှားများကို မမွေးမီ မျိုးစေ့ချပါ။
dis_spirochetal_colitis_prev,main,Sanitize feeding troughs and treat affected pigs with antibiotics.,Désinfecter les auges et traiter les sujets atteints avec des antibiotiques.,对料槽进行消毒，并用抗生素治疗病猪。,Desinfectar comederos y tratar cerdos afectados con antibióticos.,Linisin ang mga pakainan at gamutin ang mga apektadong baboy ng antibiotiko.,Vệ sinh máng ăn sạch sẽ và điều trị heo bệnh bằng kháng sinh nhạy cảm.,ทำความสะอาดและพ่นยาฆ่าเชื้อรางอาหาร และรักษาด้วยยาปฏิชีวนะตามคำแนะนำ,Desinfetar comedouros e tratar suínos afetados com antibióticos apropriados.,चारे के बर्तनों को कीटाणुरहित करें और प्रभावित सूअरों का एंटीबायोटिक्स से इलाज करें।,Safisha vyombo vya kulishia na watibu nguruwe walioathirika kwa kutumia viuavijasumu.,Sanitasi tempat pakan dan obati babi yang terkena dampak dengan antibiotik.,Dezenfekte manje yo epi trete kochon ki afekte yo ak antibyotik.,အစာစားကျင်းများကို ဆေးကြောသန့်စင်ပြီး ထိခိုက်နေသောဝက်များကို ပဋိဇီဝဆေးများဖြင့် ကုသပါ။
dis_pwd_desc,main,"Bacterial diarrhea in piglets shortly after weaning, causing dehydration.","Diarrhée bactérienne chez les porcelets peu après le sevrage, provoquant une déshydratation.",仔猪断奶后不久发生的细菌性腹泻，引起脱水。,"Diarrea bacteriana en lechones poco después del destete, causando deshidratación.","Pagtatae dahil sa bakterya sa mga biik pagkatapos mahiwalay sa suso, nagiging sanhi ng dehydration.","Tiêu chảy do vi khuẩn ở heo con ngay sau khi cai sữa, dẫn đến mất nước nhanh.",อาการท้องเสียจากเชื้อแบคทีเรียในลูกสุกรหลังหย่านม ทำให้เกิดการขาดน้ำอย่างรุนแรง,"Diarreia bacteriana em leitões logo após o desmame, provocando desidratação.","दूध छुड़ाने के तुरंत बाद सूअर के बच्चों में बैक्टीरिया जनित दस्त, जिससे डिहाइड्रेशन हो जाता है।","Kuhara kwa bakteria kwa nguruwe muda mfupi baada ya kuachishwa, na kusababisha upungufu wa maji mwilini.","Diare bakteri pada anak babi segera setelah disapih, menyebabkan dehidrasi.","Dyare bakteri nan porsele yon ti tan apre sevraj, sa ki lakòz dezidratasyon.",နို့မစို့ပြီး မကြာမီတွင် ဝက်ကလေးများတွင် ဘက်တီးရီးယား ဝမ်းလျှောပြီး ရေဓာတ်ခန်းခြောက်စေပါသည်။
dis_pityriasis_rosea_prev,main,"Usually self-resolving; maintain clean, dry bedding and reduce stress.",Guérit généralement seule ; maintenir une litière propre et sèche.,通常可自愈；保持垫料清洁干燥并减少应激。,"Suele curarse sola; mantener cama limpia y seca, y reducir estrés.",Kusang nawawala; panatilihing malinis ang higaan at bawasan ang stress.,Thường tự khỏi; giữ đệm lót chuồng khô ráo và giảm căng thẳng.,มักจะหายได้เอง รักษาวัสดุรองนอนให้แห้งสะอาด และลดความเครียด,Costuma curar-se sozinha; manter cama limpa e seca e reduzir o estresse.,आमतौर पर यह स्वतः ठीक हो जाता है; सूखी बिछावन रखें और तनाव कम करें।,"Kawaida kujitatua; tunza matandiko safi, makavu na kupunguza msongo wa mawazo.","Biasanya menyelesaikan sendiri; menjaga kebersihan, tempat tidur kering dan mengurangi stres.","Anjeneral oto-rezoud; kenbe kabann pwòp, sèk epi redwi estrès.",အများအားဖြင့် မိမိဘာသာ ဖြေရှင်းခြင်း၊ သန့်ရှင်းခြောက်သွေ့သော အိပ်ယာကို ထိန်းသိမ်းပြီး စိတ်ဖိစီးမှုကို လျှော့ချပါ။
dis_sweet_potato_toxicity_prev,main,Discard damaged or moldy sweet potatoes; feed only healthy tubers.,Jeter les patates douces endommagées ou moisies ; ne nourrir qu'avec des tubercules sains.,丢弃受损或霉变的甘薯，仅喂食健康的块根。,Desechar camotes dañados o mohosos; alimentar solo con tubérculos sanos.,Itapon ang sirang kamote at pakainin lamang ng mga malulusog na ugat.,"Loại bỏ khoai lang bị hỏng, mốc; chỉ cho ăn củ khoẻ mạnh.",ทิ้งมันเทศที่เสียหายหรือขึ้นรา เลี้ยงเฉพาะมันเทศที่สมบูรณ์เท่านั้น,Descartar batatas-doces danificadas ou mofadas; fornecer apenas tubérculos saudáveis.,क्षतिग्रस्त या फफूंदयुक्त शकरकंद को फेंक दें; केवल स्वस्थ कंद ही खिलाएं।,Tupa viazi vitamu vilivyoharibika au ukungu; kulisha tu mizizi yenye afya.,Buang ubi yang rusak atau berjamur; beri makan hanya umbi yang sehat.,Jete pòmdetè ki domaje oswa ki gen mwazi; manje sèlman tubèrkul ki an sante.,ပျက်စီးနေသော သို့မဟုတ် မှိုတက်နေသော အာလူးများကို စွန့်ပစ်ပါ။ ကျန်းမာသောဥကိုသာကျွေးပါ။
dis_aflatoxicosis_desc,main,Toxin poisoning from moldy grains or feed causing liver damage and jaundice.,"Empoisonnement par des toxines provenant de grains ou d'aliments moisis, entraînant des lésions hépatiques et un ictère.",霉变谷物或饲料引起的霉菌毒素中毒，导致肝损伤和黄疸。,Envenenamiento por toxinas de granos o alimentos mohosos que causan daño hepático e ictericia.,Lason mula sa inaamag na pakain na nagiging sanhi ng pinsala sa atay at paninilaw.,Ngộ độc do độc tố từ hạt hoặc thức ăn ẩm mốc gây tổn thương gan và vàng da.,การได้รับพิษจากเชื้อราในอาหารหรือธัญพืช ส่งผลให้ตับถูกทำลายและมีอาการดีซ่าน,Intoxicação por toxinas de grãos ou rações mofadas que causam danos ao fígado e icterícia.,"फफूंदयुक्त अनाज या चारे से होने वाला विषैला जहर, जिससे लीवर खराब हो जाता है और पीलिया हो जाता है।",Sumu ya sumu kutoka kwa nafaka za ukungu au malisho na kusababisha uharibifu wa ini na homa ya manjano.,Keracunan racun dari biji-bijian atau pakan yang berjamur menyebabkan kerusakan hati dan penyakit kuning.,Anpwazonnman ak pwazon toksin ki soti nan grenn mwazi oswa manje ki lakòz domaj nan fwa ak lajònis.,မှိုတက်နေသော အစေ့အဆန်များ သို့မဟုတ် အစာများမှ အဆိပ်အတောက်များသည် အသည်းပျက်စီးခြင်းနှင့် အသားဝါခြင်းကို ဖြစ်စေသည်။
dis_cassava_poisoning,main,Cassava Poisoning,Empoisonnement par le manioc,木薯中毒,Intoxicación por yuca,Lason mula sa Kamoteng Kahoy,Ngộ độc sắn (khoai mì),พิษจากมันสำปะหลัง,Intoxicação por mandioca,कसावा विषाक्तता,Sumu ya Muhogo,Keracunan Singkong,Anpwazonnman Manyòk,ပီလောပီနံ အဆိပ်သင့်ခြင်း။
dis_prdc_prev,main,"Improve ventilation, avoid overcrowding, and control primary viruses.","Améliorer la ventilation, éviter la surpopulation et contrôler les virus primaires.",改善通风、避免过度拥挤并控制原发病毒。,"Mejorar ventilación, evitar hacinamiento y controlar virus primarios.","Ayusin ang bentilasyon, iwasan ang labis na siksikan, at kontrolin ang mga virus.","Tăng cường thông gió chuồng, tránh nuôi quá chật và kiểm soát các bệnh virus chính.",ปรับปรุงระบบระบายอากาศ หลีกเลี่ยงความหนาแน่น และควบคุมโรคไวรัสที่เป็นปัจจัยหลัก,"Melhorar a ventilação, evitar superlotação e vacinar contra vírus primários.","वेंटिलेशन में सुधार करें, भीड़भाड़ से बचें और प्राथमिक वायरस को नियंत्रित करें।","Boresha uingizaji hewa, epuka msongamano, na udhibiti virusi vya msingi.","Tingkatkan ventilasi, hindari kepadatan berlebih, dan kendalikan virus primer.","Amelyore vantilasyon, evite twòp moun, epi kontwole viris prensipal yo.",လေဝင်လေထွက်ကောင်းမွန်အောင်၊ လူများစုဝေးခြင်းကို ရှောင်ကြဉ်ပြီး အဓိကဗိုင်းရပ်စ်များကို ထိန်းချုပ်ပါ။
dis_ergotism_prev,main,Screen feed grains for dark ergot bodies and replace contaminated feed.,Trier les grains pour éliminer les ergots et remplacer l'aliment contaminé.,筛选饲料谷物以清除深色麦角，并更换受污染的饲料。,Limpiar granos de cornezuelo oscuro y reemplazar alimento contaminado.,Suriin ang mga butil at itapon ang mga may itim na amag.,Sàng lọc loại bỏ các hạt đen chứa nấm và thay thế thức ăn bị nhiễm.,คัดแยกเมล็ดธัญพืชที่พบราดำออก และเปลี่ยนอาหารชุดใหม่ที่ปลอดภัย,Limpar grãos e substituir alimentos contaminados por este fungo escuro.,अनाज से काले अर्गट दानों को साफ करें और दूषित चारे को बदलें।,Mlisho wa skrini wa chembe chembe chembe za giza na ubadilishe mlisho uliochafuliwa.,Saring biji-bijian pakan untuk mencari tubuh ergot berwarna gelap dan ganti pakan yang terkontaminasi.,Ekran manje grenn pou kò ergot nwa ak ranplase manje ki kontamine.,အမဲကောင်များအတွက် အစေ့အဆန်များကို မျက်နှာပြင်ကျွေးပြီး ညစ်ညမ်းသော အစာကို အစားထိုးပါ။
dis_congenital_tremor_desc,main,Neurological condition in newborn piglets causing severe trembling.,Trouble neurologique chez le porcelet nouveau-né provoquant de graves tremblements.,新生仔猪的神经系统疾病，引起严重颤抖。,Trastorno neurológico en lechones recién nacidos que causa temblores severos.,Sakit sa utak/nerbiyos ng bagong silang na biik na nagdudulot ng panginginig ng buong katawan.,Rối loạn thần kinh ở heo con sơ sinh làm toàn thân run rẩy dữ dội.,ความผิดปกติทางระบบประสาทในลูกสุกรแรกคลอด ทำให้ตัวสั่นเทาอย่างรุนแรง,Desordem neurológica em leitões recém-nascidos que causa tremores severos.,नवजात बच्चों में न्यूरोलॉजिकल स्थिति जिसके कारण पूरा शरीर गंभीर रूप से कांपने लगता है।,Hali ya neurological katika nguruwe wachanga na kusababisha kutetemeka kali.,Kondisi neurologis pada anak babi yang baru lahir menyebabkan gemetar parah.,Kondisyon newolojik nan porsele ki fèk fèt ki lakòz gwo tranbleman.,မွေးကင်းစ ဝက်ကလေးများတွင် အာရုံကြောဆိုင်ရာ အခြေအနေသည် ပြင်းထန်စွာ တုန်လှုပ်ခြင်း။
dis_navel_bleeding_desc,main,Excessive bleeding from the umbilical cord in newborn piglets.,Hémorragie excessive du cordon ombilical chez les porcelets nouveau-nés.,新生仔猪脐带过度流血。,Hemorragia excesiva del cordón umbilical en lechones recién nacidos.,Labis na pagdurugo mula sa pusod ng bagong silang na biik.,Máu chảy không ngừng từ dây rốn ở heo con mới sinh.,ลูกสุกรแรกคลอดมีเลือดออกทางสายสะดือปริมาณมากไม่ยอมหยุดไหล,Hemorragia excessiva pelo cordão umbilical em leitões recém-nascidos.,नवजात बच्चों में नाभि की नली से अत्यधिक खून बहना।,Kutokwa na damu nyingi kutoka kwa kitovu kwa watoto wachanga wa nguruwe.,Pendarahan berlebihan dari tali pusat pada anak babi yang baru lahir.,Twòp senyen nan kòd lonbrit la nan porsele ki fèk fèt.,မွေးကင်းစ ဝက်ကလေးများတွင် ချက်ကြိုးမှ သွေးအလွန်အကျွံထွက်ခြင်း။
dis_fascioliasis_desc,main,"Parasitic fluke affecting the liver, common in wet or swampy pastures.","Douve parasitaire affectant le foie, fréquente dans les pâturages humides ou marécageux.",影响肝脏的寄生虫病，常见于潮湿或沼泽牧场。,"Parásito que afecta el hígado, común en pastos húmedos o pantanosos.","Bulate na sumisira sa atay, karaniwan sa mga basang pastulan.","Sán lá ký sinh ở gan, thường gặp khi chăn thả heo ở vùng đầm lầy, ẩm ướt.",พยาธิใบไม้ทำลายตับ มักพบในพื้นที่ทุ่งหญ้าเลี้ยงสัตว์ที่ชื้นแฉะหรือเป็นหนองน้ำ,"Parasita trematódeo que afeta o fígado, comum em pastos úmidos ou pantanosos.","लीवर को प्रभावित करने वाला परजीवी फ्लुक, जो गीले या दलदली चरागाहों में आम है।","Fluji ya vimelea inayoathiri ini, ya kawaida katika malisho yenye mvua au chepechepe.","Cacing parasit yang menyerang hati, umum terjadi di padang rumput basah atau berawa.","Fluke parazit ki afekte fwa a, komen nan patiraj mouye oswa marekaj.",စိုစွတ်သော သို့မဟုတ် စိမ့်ကျက်စားရာများတွင် အဖြစ်များသော အသည်းကိုထိခိုက်စေသော ကပ်ပါးတုပ်ကွေး။
dis_demodectic_mange,main,Demodex Mange,Gale démodécique,蠕形螨,Sarna demodéctica,Demodectic Mange,Gẻ bao lông (Demodex),โรคขี้เรื้อนขุมขน (Demodex),Sarna demodécica,डेमोडेक्टिक खाज,Demodex Mange,Demodex kudis,Demodex Mange,Demodex Mange
dis_phe_desc,main,Acute bloody diarrhea and sudden death in grower/finisher pigs.,Diarrhée sanglante aiguë et mort subite chez les porcs en croissance ou finition.,生长育肥猪的急性血性腹泻和突然死亡。,Diarrea sanguinolenta aguda y muerte súbita en cerdos de engorde.,Biglaang pagtatae ng dugo at pagkamatay sa mga lumalaking baboy.,Tiêu chảy ra máu cấp tính và gây chết đột ngột ở heo thịt.,อาการท้องเสียเป็นเลือดอย่างเฉียบพลันและสุกรตายกะทันหันในสุกรรุ่น-ขุน,Diarreia sanguinolenta aguda e morte súbita em suínos de crescimento e terminação.,बढ़ने वाले सूअरों में अचानक खूनी दस्त होना और अचानक मृत्यु हो जाना।,Kuharisha kwa umwagaji damu kwa papo hapo na kifo cha ghafla kwa nguruwe mkulima/mmalizaji.,Diare berdarah akut dan kematian mendadak pada babi peternak/babi finisher.,Dyare san egi ak lanmò toudenkou nan kochon kiltivatè/finisè.,စိုက်ပျိုးထုတ်လုပ်သူ/အချောထည်ဝက်များတွင် ရုတ်တရက် သွေးထွက်လွန်ဝမ်းလျှောခြင်းနှင့် ရုတ်တရက်သေဆုံးခြင်း။
dis_pityriasis_rosea,main,Pityriasis Rosea,Pityriasis rosé,玫瑰糠疹,Pitiriasis rosada,Pityriasis Rosea,Bệnh vảy phấn hồng (Pityriasis Rosea),โรคผิวหนังตกสะเก็ดสีชมพู (Pityriasis Rosea),Pitiríase rósea,पिटिरियासिस रोजिया,Pityriasis rosea,Pitiriasis Rosea,Pityriasis Rosea,Pityriasis Rosea
dis_endocarditis,main,Bacterial Endocarditis,Endocardite bactérienne,细菌性心内膜炎,Endocarditis bacteriana,Bacterial Endocarditis,Bệnh viêm nội tâm mạc,โรคลิ้นหัวใจอักเสบจากแบคทีเรีย,Endocardite bacteriana,बैक्टीरियल एंडोकार्डिटिस,Endocarditis ya bakteria,Endokarditis Bakterial,Endokardit bakteri,ဘက်တီးရီးယား Endocarditis
dis_aflatoxicosis_prev,main,"Avoid feeding moldy feed, store grains in dry conditions, and use toxin binders.","Éviter les aliments moisis, stocker les grains au sec et utiliser des liants de toxines.",避免喂发霉饲料，将谷物储存在干燥条件下，并使用毒素吸附剂。,"Evitar alimento mohoso, almacenar granos en seco y usar secuestrantes de toxinas.","Iwasang magpakain ng inaamag, itago ang mga butil sa tuyong lugar, at gumamit ng toxin binders.","Tránh cho ăn cám mốc, bảo quản hạt khô ráo và sử dụng chất hấp phụ độc tố nấm mốc.",หลีกเลี่ยงการใช้อาหารที่มีเชื้อรา เก็บธัญพืชในที่แห้ง และใช้สารจับสารพิษเชื้อรา,"Evitar alimentar com ração mofada, armazenar grãos a seco e usar sequestrantes de micotoxinas.","फफूंदयुक्त चारा खिलाने से बचें, अनाज को सूखी परिस्थितियों में स्टोर करें, और टॉक्सिन बाइंडर्स का उपयोग करें।","Epuka kulisha malisho yenye ukungu, hifadhi nafaka katika hali kavu, na tumia viunganishi vya sumu.","Hindari pemberian pakan berjamur, simpan biji-bijian dalam kondisi kering, dan gunakan bahan pengikat racun.","Evite manje manje ki gen mwazi, estoke grenn nan kondisyon sèk, epi sèvi ak atach toksin.",မှိုတက်နေသောအစာများကို ကျွေးခြင်း၊ ခြောက်သွေ့သောအခြေအနေတွင် အစေ့အဆန်များကို သိမ်းဆည်းခြင်း နှင့် အဆိပ်အတောက်ဖြစ်စေသော ချည်နှောင်ခြင်းကို ရှောင်ကြဉ်ပါ။
dis_c_difficile_prev,main,Clean and disinfect farrowing pens thoroughly and ensure early colostrum.,"Nettoyer et désinfecter les enclos de mise bas, assurer une prise rapide de colostrum.",彻底清洗和消毒产房，并确保早期获得初乳。,"Limpiar y desinfectar parideras a fondo, y asegurar consumo temprano de calostro.",Linisin at i-disinfect ang kulungan ng inahin at tiyaking makasuso agad ng colostrum.,Vệ sinh sát trùng chuồng đẻ kỹ lưỡng và đảm bảo heo con bú sữa đầu sớm.,ล้างทำความสะอาดและพ่นยาฆ่าเชื้อคอกคลอด และให้ลูกสุกรได้รับนมน้ำเหลืองเร็วที่สุด,"Limpar e desinfectar celas de parto a fundo, assegurar a ingestão de colostro precoce.",प्रसव बाड़ों को अच्छी तरह साफ और कीटाणुरहित करें और जन्म के तुरंत बाद पहला गाढ़ा दूध पिलाएं।,Safisha na kuua viini vya kukulia vizuri na hakikisha kolostramu mapema.,Bersihkan dan disinfeksi kandang farrowing secara menyeluruh dan pastikan kolostrum dini.,Netwaye ak dezenfekte plim farrowing byen epi asire kolostrom bonè.,မွေးကင်းစဖောင်တိန်များကို သေချာစွာဆေးကြောသန့်စင်ပြီး နို့ရည်ကြည်များကို စောစီးစွာသေချာဆေးပါ။
dis_emcv_prev,main,Implement strict rodent control and protect feed from contamination.,Lutte stricte contre les rongeurs et protection des aliments contre les souillures.,实施严格的灭鼠措施，保护饲料免受污染。,Implementar control estricto de roedores y proteger el alimento contra contaminación.,Puksain ang mga daga sa farm at protektahan ang pagkain mula sa dumi.,Diệt chuột thường xuyên trong trại và che đậy thức ăn cẩn thận.,จัดโปรแกรมกำจัดหนูในฟาร์มอย่างเข้มงวด และเก็บอาหารสัตว์ให้มิดชิด,Implementar controle rigoroso de roedores e proteger o alimento contra contaminação.,चूहों पर सख्त नियंत्रण लागू करें और चारे को चूहे की गंदगी से बचाएं।,Tekeleza udhibiti mkali wa panya na linda malisho dhidi ya uchafuzi.,Terapkan pengendalian hewan pengerat yang ketat dan lindungi pakan dari kontaminasi.,Aplike strik kontwòl wonjè ak pwoteje manje kont kontaminasyon.,ကြွက်ထိန်းကို တင်းကြပ်စွာ အကောင်အထည်ဖော်ပြီး အစာကို ညစ်ညမ်းခြင်းမှ ကာကွယ်ပါ။
dis_mycoplasma_arthritis_prev,main,"Improve housing conditions, reduce stocking density, and treat early.","Améliorer les conditions de logement, réduire la densité et traiter tôt.",改善房屋条件，降低饲养密度，并尽早治疗。,"Mejorar alojamiento, reducir densidad y tratar de forma temprana.","Pagbutihin ang kulungan, bawasan ang siksikan, at gamutin agad.","Cải thiện điều kiện chuồng trại, giảm mật độ nuôi và điều trị sớm.",ปรับปรุงโรงเรือน ลดความหนาแน่นในคอก และให้การรักษาแต่เนิ่นๆ,"Melhorar as instalações, reduzir a densidade e tratar precocemente.","आवास की स्थिति में सुधार करें, भीड़भाड़ कम करें और जल्दी इलाज शुरू करें।","Kuboresha hali ya makazi, kupunguza msongamano wa hifadhi, na kutibu mapema.","Perbaiki kondisi kandang, kurangi kepadatan ternak, dan obati sejak dini.","Amelyore kondisyon lojman, diminye dansite stock, epi trete bonè.",အိမ်ရာအခြေအနေများကို ပိုမိုကောင်းမွန်အောင်၊ သိုလှောင်သိပ်သည်းဆကို လျှော့ချပြီး စောစီးစွာ ကုသပါ။
dis_anaplasmosis_desc,main,"Tick-borne bacterial infection causing anemia, fever, and jaundice.","Infection bactérienne transmise par les tiques provoquant anémie, fièvre et jaunisse.",蜱传播的细菌感染，导致贫血、发热和黄疸。,"Infección bacteriana transmitida por garrapatas que causa anemia, fiebre e ictericia.","Sakit mula sa bakterya na dala ng garapata, sanhi ng anemia at paninilaw.","Nhiễm khuẩn do ve truyền gây thiếu máu nặng, sốt và vàng da.",การติดเชื้อแบคทีเรียจากเห็บ ทำให้โลหิตจาง ไข้สูง และตัวเหลือง,"Infecção bacteriana transmitida por carrapatos que causa anemia, febre e icterícia.","किलनी जनित बैक्टीरिया संक्रमण जिससे एनीमिया, बुखार और पीलिया हो जाता है।","Maambukizi ya bakteria yanayoenezwa na kupe na kusababisha upungufu wa damu, homa na homa ya manjano.","Infeksi bakteri yang ditularkan melalui kutu menyebabkan anemia, demam, dan penyakit kuning.","Tik enfeksyon bakteri ki lakòz anemi, lafyèv, ak lajònis.",သွေးအားနည်းရောဂါ၊ ဖျားနာခြင်းနှင့် အသားဝါခြင်းကို ဖြစ်စေသော ဘက်တီးရီးယားပိုးမွှားများ။
sym_cracked_hooves,main,Cracked Hooves,Sabots fendus,蹄裂,Pezuñas agrietadas,May lamat na kuko,Móng nứt nẻ,กีบแตก,Cascos rachados,फटे हुए खुर,Kwato zilizopasuka,Kuku Retak,Fann Zago,ခွာကွဲ
dis_cold_stress,main,Cold Stress (Hypothermia),Stress lié au froid (Hypothermie),冷应激 (低温症),Estrés por frío (Hipotermia),Stress sa Lamig (Hypothermia),Stress do lạnh (Hạ thân nhiệt),ภัยหนาวในลูกสุกร,Estresse por frio (Hipotermia),ठंड का तनाव,Mkazo wa Baridi (Hypothermia),Stres Dingin (Hipotermia),Estrès frèt (ipotèmi),အအေးမိ စိတ်ဖိစီးမှု (Hypothermia)
dis_ear_biting,main,Ear Cannibalism,Cannibalisme d'oreilles,咬耳癖,Canibalismo de orejas,Pangangagat ng Tainga,Hội chứng cắn tai ở heo,พฤติกรรมกัดหูสุกร,Canibalismo de orelhas,कान काटना,Ulaji wa Masikio,Kanibalisme Telinga,Kanibal zòrèy,လူသားစား နားရွက်
dis_shoulder_ulcers_desc,main,Pressure sores on the shoulders of thin sows housed on hard concrete.,Escarres de décubitus sur l'épaule des truies maigres logées sur béton dur.,饲养在坚硬水泥地面上的消瘦母猪肩部受压产生的褥疮。,Llagas de presión en los hombros de cerdas delgadas alojadas en concreto duro.,Sugat dahil sa matagal na pagkakahiga ng mga payat na inahin sa sementadong sahig.,Vết loét do tỳ đè ở vai của heo nái gầy khi nằm trên sàn bê tông cứng.,แผลกดทับบริเวณหัวไหล่ในแม่พันธุ์ที่ผอมแห้งและนอนบนพื้นคอนกรีตแข็ง,Feridas por pressão nos ombros de porcas magras alojadas em concreto áspero.,कंक्रीट पर रहने वाली कमजोर मादा सूअरों के कंधों पर दबाव के कारण होने वाले घाव।,Vidonda vya shinikizo kwenye mabega ya nguruwe nyembamba zilizowekwa kwenye saruji ngumu.,Luka tekan di bahu babi kurus yang ditempatkan di atas beton keras.,Maleng presyon sou zepòl simen mens ki loje sou konkrè difisil.,မာကျောသော ကွန်ကရစ်ပေါ်တွင် တင်ထားသော မျိုးစေ့ပါးပါးမျိုးစေ့များ၏ ပခုံးပေါ်ရှိ ဖိအားအနာများ။
dis_ergotism,main,Ergot Poisoning (Ergotism),Ergotisme,麦角中毒 (麦角病),Ergotismo,Ergotism,Ngộ độc nấm cựa gà (Ergotism),โรคพิษจากราเออร์ก็อต (Ergotism),Ergotismo,अर्गेट विषाक्तता,Sumu ya Ergot (Ergotism),Keracunan Ergot (Ergotisme),Anpwazònman Ergot (ergotism),Ergot အဆိပ်သင့်ခြင်း (Ergotism)
dis_cassava_poisoning_prev,main,"Peel, boil, sun-dry, or ferment cassava before feeding.","Éplucher, bouillir, sécher au soleil ou fermenter le manioc avant de nourrir.",在喂食前将木薯剥皮、煮沸、晒干或发酵。,"Pelar, hervir, secar al sol o fermentar la yuca antes de ofrecerla.","Balatan, pakuluan, patuyuin sa araw, o i-ferment ang kamoteng kahoy bago ipakain.","Gọt vỏ, luộc chín, phơi khô hoặc ủ chua sắn trước khi cho ăn.",ปอกเปลือก ต้ม ตากแดด หรือหมักมันสำปะหลังก่อนนำไปเลี้ยงสัตว์,"Descascar, ferver, secar ao sol ou fermentar a mandioca antes do trato.","खिलाने से पहले कसावा को छीलें, उबालें, धूप में सुखाएं या किण्वित (ferment) करें।","Menya mihogo, chemsha, kavu kwenye jua au chachu kabla ya kulisha.","Kupas, rebus, keringkan di bawah sinar matahari, atau fermentasi singkong sebelum diberikan.","Kale, bouyi, seche solèy la oswa fèmante manyòk anvan ou manje.",အစာမစားမီ အခွံခွာ၊ ပြုတ်၊ နေလှန်းထားပါ သို့မဟုတ် အချဉ်ဖောက်ထားသော ပီလောပီနံ။
dis_mma_prev,main,Maintain strict farrowing pen hygiene and ensure adequate sow nutrition.,Maintenir une hygiène stricte des cases de mise bas et assurer une nutrition adéquate.,保持产房严格卫生，确保母猪营养充足。,Mantener higiene estricta en parideras y asegurar nutrición adecuada de la cerda.,Panatilihing malinis ang kulungan at tiyaking sapat ang nutrisyon ng inahin.,Giữ vệ sinh chuồng đẻ nghiêm ngặt và đảm bảo nái ăn uống đầy đủ dinh dưỡng.,รักษาความสะอาดของคอกคลอดอย่างเข้มงวด และดูแลโภชนาการแม่พันธุ์ให้เหมาะสม,Manter higiene rigorosa nas celas de parto e garantir nutrição adequada para as porcas.,सख्त प्रसव बाड़े की स्वच्छता बनाए रखें और मादा सूअर का पर्याप्त पोषण सुनिश्चित करें।,Dumisha usafi wa kalamu ya kuzalishia na hakikisha lishe ya kutosha ya nguruwe.,Pertahankan kebersihan kandang yang ketat dan pastikan nutrisi babi cukup.,Kenbe ijyèn sevè plim farrowing epi asire bon jan nitrisyon simen.,မျိုးစေ့ကြဲဘောပင် တစ်ကိုယ်ရေသန့်ရှင်းမှုကို တင်းကြပ်စွာ ထိန်းသိမ်းပြီး လုံလောက်သော အာဟာရဖြစ်စေရန် သေချာစေပါ။
dis_hydatid_disease_desc,main,Parasitic larval infection causing fluid-filled cysts in organs.,Infection larvaire parasitaire provoquant des kystes remplis de liquide dans les organes.,Parasitic larval infection causing fluid-filled cysts in organs.,Infección parasitaria larvaria que causa quistes llenos de líquido en los órganos.,Impeksyon mula sa larvae ng tapeworm na nagdudulot ng cyst sa mga organo ng baboy.,Nhiễm ấu trùng sán dây tạo ra các nang chứa nước trong các cơ quan nội tạng.,การติดพยาธิตัวตืดจนเกิดถุงน้ำในอวัยวะภายในต่างๆ,Infecção parasitária larval que causa cistos cheios de líquido nos órgãos internos.,परजीवी लार्वा संक्रमण जिससे अंगों में तरल पदार्थ से भरी गांठें बन जाती हैं।,Maambukizi ya mabuu ya vimelea yanayosababisha uvimbe uliojaa maji katika viungo.,Infeksi larva parasit menyebabkan kista berisi cairan pada organ tubuh.,Enfeksyon lav parazit ki lakòz spor ki ranpli ak likid nan ògàn yo.,ကပ်ပါးပိုးလောင်းပိုးသည် ကိုယ်တွင်းအင်္ဂါများတွင် အရည်များပြည့်နေသော အရည်ကြည်များကို ဖြစ်စေသည်။
dis_hydatid_disease,main,Hydatidosis,Hydatidose,Hydatidosis,Hidatidosis,Hydatidosis,Bệnh nang sán (Hydatidosis),โรคพยาธิถุงน้ำ (Hydatidosis),Hidatidose,हाइडैटिडोसिस,Hydatidosis,Hidatidosis,Idatidoz,Hydatidosis
dis_photosensitization_prev,main,"Provide shade, remove sensitizing weeds, and keep pigs indoors.","Fournir de l'ombre, éliminer les plantes sensibilisantes et garder les porcs à l'abri.",提供遮阳处，清除致敏杂草，并让猪待在室内。,"Proporcionar sombra, eliminar malezas sensibilizantes y resguardar a los cerdos.","Magbigay ng lilim, tanggalin ang mga masasamang damo, at panatilihin sila sa loob ng kulungan.","Cung cấp bóng râm, phát quang cỏ dại gây mẫn cảm và nuôi heo trong chuồng.",จัดเตรียมร่มเงา กำจัดวัชพืชที่มีสารไวแสง และเลี้ยงสุกรในโรงเรือนที่บังแสงได้,"Fornecer sombra, eliminar plantas causadoras e manter suínos abrigados.","छाया प्रदान करें, संवेदनशील बनाने वाले खरपतवार हटाएं और सूअरों को अंदर रखें।","Weka kivuli, ondoa magugu yanayohamasisha, na weka nguruwe ndani ya nyumba.","Sediakan tempat berteduh, singkirkan gulma yang menimbulkan kepekaan, dan pelihara babi di dalam ruangan.","Bay lonbraj, retire move zèb sansibilize yo, epi kenbe kochon andedan kay la.",အရိပ်ပေးခြင်း၊ အာရုံခံနိုင်သောပေါင်းပင်များကို ဖယ်ရှားပြီး ဝက်များကို အိမ်ထဲတွင် ထားပါ။
dis_trichinellosis_desc,main,"Zoonotic parasitic disease from eating raw meat scraps, causing muscle stiffness.","Parasitose zoonotique due à la consommation de restes de viande crue, causant une raideur musculaire.","Zoonotic parasitic disease from eating raw meat scraps, causing muscle stiffness.","Enfermedad parasitaria zoonótica por comer restos de carne cruda, causa rigidez muscular.","Sakit mula sa parasitiko dahil sa pagkain ng hilaw na karne, nagdudulot ng paninigas ng kalamnan.","Bệnh ký sinh trùng lây sang người do heo ăn phải thịt sống chứa kén giun, gây cứng cơ.",โรคพยาธิติดต่อสู่คนจากการกินเนื้อดิบหรือเศษอาหารดิบ ทำให้กล้ามเนื้อเกร็งตัว,"Doença parasitária zoonótica causada pelo consumo de carne crua, causa rigidez muscular.","कच्चे मांस के टुकड़े खाने से होने वाली परजीवी बीमारी, जिससे मांसपेशियों में अकड़न होती है।","Ugonjwa wa vimelea wa Zoonotic kutokana na kula mabaki ya nyama mbichi, na kusababisha ugumu wa misuli.",Penyakit parasit zoonosis akibat memakan sisa daging mentah sehingga menyebabkan kekakuan otot.,"Zoonotik maladi parazit soti nan manje vyann kri bouyon, sa ki lakòz rèd nan misk.",အသားစိမ်းစားခြင်းကြောင့် ကြွက်သားတောင့်တင်းမှုဖြစ်စေသော Zoonotic ကပ်ပါးရောဂါ။
dis_gossypol_toxicity_prev,main,Limit cottonseed meal in diet and use iron sulfate to neutralize gossypol.,Limiter le tourteau de coton dans la ration et utiliser du sulfate de fer.,Limit cottonseed meal in diet and use iron sulfate to neutralize gossypol.,Limitar harina de algodón en la dieta y usar sulfato de hierro.,Limitahan ang cottonseed meal sa pagkain at gumamit ng iron sulfate para ma-neutralize.,Hạn chế khô dầu hạt bông trong khẩu phần và dùng sắt sunfat để trung hòa gossypol.,จำกัดการใช้กากเมล็ดฝ้ายในอาหาร และใช้เหล็กซัลเฟตเพื่อสะเทินพิษกอสซิปอล,Limitar o farelo de algodão na ração e usar sulfato de ferro para fazer a neutralização.,आहार में बिनौला खली सीमित करें और गोसिपोल को बेअसर करने के लिए आयरन सल्फेट का उपयोग करें।,Punguza mlo wa mbegu za pamba kwenye lishe na tumia salfati ya chuma ili kugeuza gossypol.,Batasi konsumsi tepung biji kapas dan gunakan besi sulfat untuk menetralkan gossypol.,Limite manje grenn koton nan rejim alimantè epi sèvi ak silfat fè pou netralize gossypol.,အစားအစာတွင် ဝါဂွမ်းစေ့ကို ကန့်သတ်ပြီး gossypol ကို ချေဖျက်ရန် သံဆာလ်ဖိတ်ကို အသုံးပြုပါ။
check_internet_connection,extras,Check your internet connection,Vérifiez votre connexion internet,请检查您的网络连接,Compruebe su conexión a internet,Pakisuri ang iyong koneksyon sa internet,Vui lòng kiểm tra kết nối internet của bạn,โปรดตรวจสอบการเชื่อมต่ออินเทอร์เน็ตของคุณ,Verifique sua conexão com a internet,अपना इंटरनेट कनेक्शन जांचें,Angalia muunganisho wako wa intaneti,Periksa koneksi internet Anda,Tcheke koneksyon entènèt ou an,သင်၏အင်တာနက်ချိတ်ဆက်မှုကိုစစ်ဆေးပါ။
google_sign_in_no_accounts,extras,Google account not found. Please add a Google account to your device or sign in with email.,Aucun compte Google trouvé. Veuillez ajouter un compte Google à votre appareil ou vous connecter par e-mail.,未找到 Google 帐户。请在您的设备上添加 Google 帐户，或使用电子邮件登录。,No se encontró ninguna cuenta de Google. Añada una cuenta a su dispositivo o inicie sesión con correo electrónico.,Walang nahanap na Google account. Mangyaring magdagdag ng Google account sa iyong device o mag-sign in gamit ang email.,Không tìm thấy tài khoản Google. Vui lòng thêm tài khoản Google vào thiết bị của bạn hoặc đăng nhập bằng email.,ไม่พบบัญชี Google โปรดเพิ่มบัญชี Google ในอุปกรณ์ของคุณ หรือเข้าสู่ระบบด้วยอีเมล,Nenhuma conta do Google encontrada. Adicione uma conta do Google ao seu dispositivo ou faça login com e-mail.,कोई Google खाता नहीं मिला। कृपया अपने डिवाइस में Google खाता जोड़ें या ईमेल से लॉग इन करें।,Akaunti ya Google haikupatikana. Tafadhali ongeza akaunti ya Google kwenye kifaa chako au ingia kwa kutumia barua pepe.,Akun Google tidak ditemukan. Silakan tambahkan akun Google ke perangkat Anda atau masuk dengan email.,Kont Google pa jwenn. Tanpri ajoute yon kont Google nan aparèy ou an oswa konekte ak imel.,Google အကောင့်ကို ရှာမတွေ့ပါ။ သင့်စက်ပစ္စည်းသို့ Google အကောင့်တစ်ခုထည့်ပါ သို့မဟုတ် အီးမေးလ်ဖြင့် လက်မှတ်ထိုးဝင်ပါ။
or_use,extras,Or use,Ou utilisez,或使用,O usar,O gamitin ang,Hoặc sử dụng,หรือใช้,Ou use,या उपयोग करें,Au tumia,Atau gunakan,Oswa itilize,သို့မဟုတ် သုံးပါ။
continue_with_Google,extras,Continue with Google,Continuer avec Google,使用 Google 继续,Continuar con Google,Magpatuloy gamit ang Google,Tiếp tục với Google,ดำเนินการต่อด้วย Google,Continuar com o Google,गूगल के साथ जारी रखें,Endelea na Google,Lanjutkan dengan Google,Kontinye ak Google,Google ဖြင့် ဆက်လုပ်ပါ။
use_system_theme,extras,Use System Theme,Utiliser le thème du système,使用系统主题,Usar tema del sistema,Gamitin ang Tema ng Sistema,Sử dụng giao diện hệ thống,ใช้ธีมระบบ,Usar tema do sistema,सिस्टम थीम का उपयोग करें,Tumia Mandhari ya Mfumo,Gunakan Tema Sistem,Sèvi ak tèm sistèm,စနစ်အပြင်အဆင်ကိုသုံးပါ။
use_system_theme_subtitle,extras,Automatically switch theme based on device settings,Basculez automatiquement de thème selon les paramètres de l'appareil,根据设备设置自动切换主题,Cambiar automáticamente el tema según los ajustes del dispositivo,Awtomatikong magpalit ng tema base sa setting ng aparato,Tự động chuyển đổi giao diện dựa trên cài đặt thiết bị,สลับธีมโดยอัตโนมัติตามการตั้งค่าอุปกรณ์,Alternar automaticamente o tema com base nas configurações do dispositivo,डिवाइस सेटिंग्स के आधार पर थीम को स्वचालित रूप से बदलें,Badilisha mandhari kiotomatiki kulingana na mipangilio ya kifaa,Beralih tema secara otomatis berdasarkan pengaturan perangkat,Otomatikman chanje tèm ki baze sou anviwònman aparèy,စက်ပစ္စည်းဆက်တင်များကို အခြေခံ၍ အပြင်အဆင်ကို အလိုအလျောက်ပြောင်းပါ။
inventory,extras,Inventory,Inventaire,库存,Inventario,Imbentaryo,Kho hàng,คลังสินค้า,Estoque,स्टॉक सूची,Malipo,Inventaris,Envantè,စာရင်း
formulation,extras,Formulation,Formulation,配方,Formulación,Pormulasyon,Công thức phối trộn,สูตรอาหาร,Formulação,चारा सूत्र,Uundaji,Perumusan,Fòmasyon,ဖော်မြူလာ
add_feed_item,extras,Add Feed Item,Ajouter un aliment,添加饲料,Añadir alimento,Magdagdag ng Pagkain,Thêm thức ăn,เพิ่มรายการอาหาร,Adicionar ração,चारा आइटम जोड़ें,Ongeza Kipengee cha Mlisho,Tambahkan Item Umpan,Ajoute Feed Item,ဖိဒ်ကို ထည့်ပါ။
delete_feed_item,extras,Delete Feed Item,Supprimer l'aliment,删除饲料,Eliminar alimento,Idelete ang Pagkain,Xóa thức ăn,ลบรายการอาหาร,Excluir ração,चारा आइटम हटाएं,Futa Kipengee cha Mipasho,Hapus Item Umpan,Efase Feed Item,Feed အကြောင်းအရာကို ဖျက်ပါ။
delete_feed_confirm,extras,Are you sure you want to delete this feed inventory item?,Êtes-vous sûr de vouloir supprimer cet aliment de l'inventaire ?,您确定要删除此饲料库存项吗？,¿Está seguro de que desea eliminar este alimento del inventario?,Sigurado ka ba na gusto mong idelete ang pagkain na ito sa imbentaryo?,Bạn có chắc chắn muốn xóa mục kho thức ăn này không?,คุณแน่ใจหรือไม่ว่าต้องการลบรายการอาหารสัตว์นี้ออกจากคลัง?,Tem certeza de que deseja excluir este item do estoque de ração?,क्या आप वाकई इस चारा आइटम को स्टॉक से हटाना चाहते हैं?,"Je, una uhakika unataka kufuta orodha hii ya malisho?",Apakah Anda yakin ingin menghapus item inventaris feed ini?,Èske w sèten ou vle efase atik envantè manje sa a?,ဤဖိဒ်စာရင်းဖိုင်ကို ဖျက်လိုသည်မှာ သေချာပါသလား။
log_usage,extras,Log Usage,Enregistrer l'utilisation,记录消耗,Registrar uso,I-log ang Paggamit,Ghi nhận tiêu thụ,บันทึกการใช้งาน,Registrar consumo,चारा खपत दर्ज करें,Matumizi ya logi,Catatan Penggunaan,Log Itilizasyon,မှတ်တမ်းအသုံးပြုမှု
feed_type,extras,Feed Type,Type d'aliment,饲料类型,Tipo de alimento,Uri ng Pagkain,Loại thức ăn,ประเภทอาหาร,Tipo de ração,चारे का प्रकार,Aina ya Kulisha,Jenis Umpan,Kalite manje,Feed အမျိုးအစား
feed_name,extras,Feed Name,Nom de l'aliment,饲料名称,Nombre del alimento,Pangalan ng Pagkain,Tên thức ăn,ชื่ออาหาร,Nome da ração,चारे का नाम,Jina la Kulisha,Nama Umpan,Non manje,Feed Name
min_threshold,extras,Min Alert Threshold,Seuil d'alerte minimum,最低警报阈值,Umbral de alerta mínimo,Minimum Alert Threshold,Ngưỡng cảnh báo tối thiểu,เกณฑ์เตือนขั้นต่ำ,Limite mínimo de alerta,न्यूनतम चेतावनी सीमा,Kiwango cha chini cha Arifa,Ambang Peringatan Min,Min Alèt Papòt,Min Alert Threshold
bag_weight_kg,extras,Bag Weight (kg),Poids du sac (kg),袋重 (kg),Peso del saco (kg),Timbang ng Sako (kg),Trọng lượng bao (kg),น้ำหนักต่อกระสอบ (กก.),Peso do saco (kg),बोरी का वजन (किग्रा),Uzito wa Mfuko (kg),Berat Tas (kg),Pwa sak (kg),အိတ်အလေးချိန် (ကီလိုဂရမ်)
initial_stock,extras,Initial Stock,Stock initial,初始库存,Inventario inicial,Paunang Stock,Tồn kho ban đầu,สต็อกเริ่มต้น,Estoque inicial,प्रारंभिक स्टॉक,Hisa ya Awali,Stok Awal,Inisyal Stock,ကနဦးစတော့
low_stock_warning,extras,Low Stock,Stock faible,库存偏低,Inventario bajo,Mababa ang Stock,Hết thức ăn sắp tới,สต็อกต่ำ,Estoque baixo,कम स्टॉक,Hisa ya Chini,Stok Rendah,Ba Stock,Low Stock
transaction_history,extras,Transaction History,Historique des transactions,交易历史,Historial de transacciones,Kasaysayan ng Transaksyon,Lịch sử giao dịch,ประวัติการทำรายการ,Histórico de transações,लेन-देन इतिहास,Historia ya Muamala,Riwayat Transaksi,Istwa Tranzaksyon,ငွေလွှဲမှတ်တမ်း
unit_bags,extras,Bags,Sacs,袋,Sacos,Mga Sako,Bao,กระสอบ,Sacos,बोरी,Mifuko,Tas,Sak,အိတ်များ
unit_kg,extras,kg,kg,公斤,kg,kg,kg,กก.,kg,किग्रा,kilo,kg,kg,ကီလိုဂရမ်
bags_abbr,extras,bags,sacs,袋,sacos,sako,bao,กระสอบ,sacos,बोरी,mifuko,tas,sak,အိတ်များ
kg_abbr,extras,kg,kg,公斤,kg,kg,kg,กก.,kg,किग्रा,kilo,kg,kg,ကီလိုဂရမ်
notes_optional,extras,Notes (Optional),Notes (optionnel),备注 (选填),Notas (opcional),Mga Tala (Opsyonal),Ghi chú (Tùy chọn),บันทึกเพิ่มเติม (ไม่บังคับ),Notas (Opcional),टिप्पणी (वैकल्पिक),Vidokezo (Si lazima),Catatan (Opsional),Nòt (Si ou vle),မှတ်စုများ (ချန်လှပ်ထားနိုင်သည်)
excellent,extras,Excellent,Excellent,极佳,Excelente,Napakahusay,Xuất sắc,ดีเยี่ยม,Excelente,बहुत बढ़िया,Bora kabisa,Bagus sekali,Ekselan,အရမ်းကောင်းတယ်။
good,extras,Good,Bon,良好,Bueno,Mabuti,Tốt,ดี,Bom,अच्छा,Nzuri,Bagus,Bon,ကောင်းတယ်။
caution,extras,Caution,Attention,警惕,Precaución,Pag-iingat,Cẩn trọng,ข้อควรระวัง,Cuidado,सावधानी,Tahadhari,Peringatan,Atansyon,သတိထားပါ။
poor,extras,Poor,Médiocre,极差,Deficiente,Mahina,Kém,ต้องปรับปรุง,Ruim,खराब,Maskini,Miskin,Pòv,ဆင်းရဲတယ်။
performance,extras,Performance,Performance,生产性能,Rendimiento,Pagganap,Hiệu suất,ประสิทธิภาพ,Desempenho,कार्यप्रदर्शन,Utendaji,Pertunjukan,Pèfòmans,စွမ်းဆောင်ရည်
blank,extras,Blank,Vide,空白,Vacío,Bakante,Trống,ว่าง,Vazio,खाली,Tupu,Kosong,Vid,ဗလာ
weight_update_warning,extras,Weight has not been updated in the past 25 days. Please update the weight for accurate tracking.,Le poids n'a pas été mis à jour ces 25 derniers jours. Veuillez mettre à jour le poids pour un suivi précis.,体重已超过 25 天未更新。请更新体重以进行精确跟踪。,El peso no se ha actualizado en los últimos 25 días. Actualice el peso para un seguimiento preciso.,Hindi na-update ang timbang sa nakalipas na 25 araw. Paki-update ang timbang para sa tumpak na pagsubaybay.,Cân nặng đã không được cập nhật trong 25 ngày qua. Vui lòng cập nhật cân nặng để theo dõi chính xác.,ไม่มีการอัปเดตน้ำหนักในช่วง 25 วันที่ผ่านมา โปรดอัปเดตน้ำหนักเพื่อการติดตามที่ถูกต้อง,O peso não é atualizado há mais de 25 dias. Atualize o peso para um rastreamento preciso.,पिछले 25 दिनों से वजन अपडेट नहीं किया गया है। सटीक ट्रैकिंग के लिए कृपया वजन अपडेट करें।,Uzito haujasasishwa katika siku 25 zilizopita. Tafadhali sasisha uzito kwa ufuatiliaji sahihi.,Berat badan belum diperbarui dalam 25 hari terakhir. Harap perbarui berat untuk pelacakan yang akurat.,Pwa pa te mete ajou nan 25 jou ki sot pase yo. Tanpri mete ajou pwa a pou swiv egzat.,ကိုယ်အလေးချိန်ကို ပြီးခဲ့သော 25 ရက်အတွင်း အပ်ဒိတ်မလုပ်ပါ။ တိကျသောခြေရာခံရန် အလေးချိန်ကို အပ်ဒိတ်လုပ်ပါ။
summary,extras,Summary,Résumé,总结,Resumen,Buod,Tóm tắt,สรุป,Resumo,सारांश,Muhtasari,Ringkasan,Rezime,အနှစ်ချုပ်
total_income,extras,Total Income,Revenu Total,总收入,Ingreso Total,Kabuuang Kita,Tổng Thu Nhập,รายได้รวม,Receita Total,कुल आय,Jumla ya Mapato,Jumlah Pendapatan,Revni total,စုစုပေါင်းဝင်ငွေ
total_expense,extras,Total Expense,Dépense Totale,总支出,Gasto Total,Kabuuang Gastos,Tổng Chi Phí,ค่าใช้จ่ายรวม,Despesa Total,कुल खर्च,Jumla ya Gharama,Jumlah Biaya,Total Depans,စုစုပေါင်းကုန်ကျစရိတ်
net_profit_loss,extras,Net Profit/Loss,Bénéfice/Perte Net(te),净利润/亏损,Beneficio/Pérdida Neto,Netong Kita/Lugi,Lợi Nhuận/Lỗ Ròng,กำไร/ขาดทุนสุทธิ,Lucro/Prejuízo Líquido,शुद्ध लाभ/हानि,Faida/Hasara halisi,Laba/Rugi Bersih,Pwofi/Pèt nèt,အသားတင်အမြတ်/အရှုံး
detailed_transaction_history,extras,Detailed Transaction History,Historique Détaillé des Transactions,详细交易记录,Historial de Transacciones Detallado,Detalyadong Kasaysayan ng Transaksyon,Lịch Sử Giao Dịch Chi Tiết,ประวัติการทำธุรกรรมโดยละเอียด,Histórico Detalhado de Transações,विस्तृत लेनदेन इतिहास,Historia ya Kina ya Muamala,Riwayat Transaksi Terperinci,Istwa Tranzaksyon Detaye,အသေးစိတ်ငွေလွှဲမှတ်တမ်း
date,extras,Date,Date,日期,Fecha,Petsa,Ngày,วันที่,Data,तारीख,Tarehe,Tanggal,Dat,ရက်စွဲ
narration,extras,Narration,Narration,摘要,Narración,Pagsasalaysay,Diễn Giải,คำอธิบาย,Narração,विवरण,Simulizi,Cerita,Narasyon,ဇာတ်ကြောင်းပြော
balance,extras,Balance,Solde,余额,Saldo,Balanse,Số Dư,ยอดคงเหลือ,Saldo,शेष,Mizani,Keseimbangan,Balans,လက်ကျန်
nutrient_base,extras,Nutrient Base,Base Nutritionnelle,营养基,Base Nutricional,Batayan ng Nutrisyon,Cơ Sở Dinh Dưỡng,ฐานสารอาหาร,Base Nutricional,पोषक तत्व आधार,Msingi wa virutubisho,Basis Nutrisi,Baz eleman nitritif,အာဟာရအခြေခံ
current_cost_per_kg,extras,Current Cost/kg,Coût Actuel/kg,当前成本/公斤,Costo Actual/kg,Kasalukuyang Gastos/kg,Chi Phí Hiện Tại/kg,ต้นทุนปัจจุบัน/กก.,Custo Atual/kg,वर्तमान लागत/किलो,Gharama ya sasa/kg,Biaya Saat Ini/kg,Kouran pri / kg,လက်ရှိကုန်ကျစရိတ်/ကီလိုဂရမ်
addition,extras,Addition,Ajout,增加,Adición,Karagdagan,Thêm Vào,เพิ่มเติม,Adição,जोड़,Nyongeza,Tambahan,Adisyon,ထပ်လောင်း
usage,extras,Usage,Utilisation,使用,Uso,Paggamit,Sử Dụng,การใช้งาน,Uso,उपयोग,Matumizi,Penggunaan,Itilizasyon,အသုံးပြုမှု
in_stock,extras,In Stock,En Stock,库存,En Stock,Nasa Stock,Trong Kho,มีในสต็อก,Em Estoque,स्टॉक में,Katika Hisa,Tersedia,Nan Stock,ကုန်ပစ္စည်းလက်ဝယ်ရှိ
herd_summary_label,extras,Herd Summary,Résumé du Troupeau,猪群摘要,Resumen del Ganado,Buod ng Kawan,Tóm Tắt Đàn,สรุปฝูงสัตว์,Resumo do Rebanho,झुंड का सारांश,Muhtasari wa Kundi,Ringkasan Kawanan,Rezime twoupo,ဟာ့အနှစ်ချုပ်
herd_total_pigs_label,extras,Total Pigs: %d,Total de Porcs: %d,猪只总数: %d,Total de Cerdos: %d,Kabuuang Bilang ng Baboy: %d,Tổng Số Heo: %d,จำนวนหมูทั้งหมด: %d,Total de Suínos: %d,कुल सूअर: %d,Jumla ya Nguruwe: %d,Total Babi: %d,Total kochon: %d,စုစုပေါင်းဝက်- %d
herd_total_breeders_label,extras,Total Breeders: %d,Total Reproducteurs: %d,种猪总数: %d,Total Reproductores: %d,Kabuuang Breeders: %d,Tổng Heo Giống: %d,จำนวนพ่อแม่พันธุ์ทั้งหมด: %d,Total Reprodutores: %d,कुल प्रजनक: %d,Jumla ya Wafugaji: %d,Jumlah Peternak: %d,Total Elve: %d,စုစုပေါင်းမွေးမြူသူများ- %d
herd_total_porkers_label,extras,Total Porkers: %d,Total Porkers: %d,育肥猪总数: %d,Total Porkers: %d,Kabuuang Porkers: %d,Tổng Heo Thịt: %d,จำนวนหมูขุนทั้งหมด: %d,Total Porkers: %d,कुल पोर्कर: %d,Jumla ya Nguruwe: %d,Total Daging Babi: %d,Total Porks: %d,စုစုပေါင်း ဝက်သား- %d
herd_breakdown_breeders,extras,Breakdown of Breeders,Répartition des Reproducteurs,种猪明细,Desglose de Reproductores,Breakdown ng mga Breeder,Phân Loại Heo Giống,รายละเอียดพ่อแม่พันธุ์,Detalhamento dos Reprodutores,प्रजनकों का विवरण,Mgawanyiko wa Wafugaji,Rincian Peternak,Pann nan Breeders,မွေးမြူသူများ ခွဲခြမ်းစိပ်ဖြာခြင်း။
herd_breakdown_porkers,extras,Breakdown of Porkers,Répartition des Porkers,育肥猪明细,Desglose de Porkers,Breakdown ng mga Porker,Phân Loại Heo Thịt,รายละเอียดหมูขุน,Detalhamento dos Porkers,पोर्करों का विवरण,Kuvunjika kwa Porkers,Kerusakan Porker,Pann nan Porkers,ဝက်သားကွဲများ
pig_profile_report,extras,Pig Profile Report,Rapport de Profil du Porc,猪只档案报告,Informe de Perfil del Cerdo,Ulat ng Profile ng Baboy,Báo Cáo Hồ Sơ Heo,รายงานข้อมูลหมู,Relatório de Perfil do Suíno,सूअर प्रोफ़ाइल रिपोर्ट,Ripoti ya Wasifu wa Nguruwe,Laporan Profil Babi,Rapò pwofil kochon,ဝက်ပရိုဖိုင်အစီရင်ခံစာ
financial_summary_report,extras,Financial Summary Report,Rapport Financier Résumé,财务摘要报告,Informe Financiero Resumido,Ulat ng Buod Pinansyal,Báo Cáo Tóm Tắt Tài Chính,รายงานสรุปการเงิน,Relatório Financeiro Resumido,वित्तीय सारांश रिपोर्ट,Ripoti ya Muhtasari wa Fedha,Laporan Ikhtisar Keuangan,Rapò rezime finansye,ဘဏ္ဍာရေးအနှစ်ချုပ်အစီရင်ခံစာ
herd_data_report,extras,Herd Data Report,Rapport des Données du Troupeau,猪群数据报告,Informe de Datos del Ganado,Ulat ng Datos ng Kawan,Báo Cáo Dữ Liệu Đàn,รายงานข้อมูลฝูงสัตว์,Relatório de Dados do Rebanho,झुंड डेटा रिपोर्ट,Ripoti ya Data ya mifugo,Laporan Data Kawanan,Rapò Done twoupo yo,ဟာ့ဒ်ဒေတာအစီရင်ခံစာ
open_pdf,extras,Open PDF,Ouvrir le PDF,打开PDF,Abrir PDF,Buksan ang PDF,Mở PDF,เปิด PDF,Abrir PDF,PDF खोलें,Fungua PDF,Buka PDF,Louvri PDF,PDF ကိုဖွင့်ပါ။
no_pdf_app_found,extras,No app found to open PDF,Aucune application trouvée pour ouvrir le PDF,未找到可打开PDF的应用,No se encontró una aplicación para abrir el PDF,Walang nahanap na app para buksan ang PDF,Không tìm thấy ứng dụng để mở PDF,ไม่พบแอปสำหรับเปิด PDF,Nenhum app encontrado para abrir o PDF,PDF खोलने के लिए कोई ऐप नहीं मिला,Hakuna programu iliyopatikana ya kufungua PDF,Tidak ditemukan aplikasi untuk membuka PDF,Pa jwenn okenn aplikasyon pou louvri PDF,PDF ဖွင့်ရန် အက်ပ်မတွေ့ပါ။
salary,extras,Salary,Salaire,工资,Salario,Sahod,Lương,เงินเดือน,Salário,वेतन,Mshahara,Gaji,Salè,လစာ
go_premium,extras,"Farm Smart, Farm Premium","Ferme Intelligente, Ferme Premium",智能农场，尊享特权,"Granja Inteligente, Granja Premium","Matalinong Pagsasaka, Premium na Pagsasaka","Nông Trại Thông Minh, Nông Trại Premium",ฟาร์มฉลาด ฟาร์มพรีเมียม,"Fazenda Inteligente, Fazenda Premium","स्मार्ट फ़ार्म, प्रीमियम फ़ार्म","Farm Smart, Farm Premium","Pertanian Cerdas, Pertanian Premium","Farm Smart, Farm Premium",Farm Smart၊ Farm Premium
premium_benefits,extras,Premium Access,Avantages Premium,高级特权,Beneficios Premium,Mga Benepisyo ng Premium,Lợi ích Premium,สิทธิประโยชน์พรีเมียม,Acesso Premium,प्रीमियम लाभ,Ufikiaji wa Kulipiwa,Akses Premium,Aksè Premium,ပရီမီယံအသုံးပြုခွင့်
unlimited_pigs,extras,Add Unlimited Pigs to Herd,Ajouter un Nombre Illimité de Porcs au Troupeau,向猪群添加无限数量的猪,Añadir Cerdos Ilimitados al Rebaño,Magdagdag ng Walang Limitasyong Baboy sa Kawan,Thêm Không Giới Hạn Heo Vào Đàn,เพิ่มหมูในฝูงได้ไม่จำกัด,Adicionar Porcos Ilimitados ao Rebanho,झुंड में असीमित सूअर जोड़ें,Ongeza Nguruwe Bila Kikomo kwenye Kundi,Tambahkan Babi Tanpa Batas ke Kawanan,Ajoute kochon san limit nan twoupo,ဝက်များကို အစုအဝေးသို့ အကန့်အသတ်မရှိ ထည့်ပါ။
export_any_report,extras,Export All Reports to PDF,Exporter Tous les Rapports en PDF,将所有报告导出为PDF,Exportar Todos los Informes a PDF,I-export ang Lahat ng Ulat sa PDF,Xuất Tất Cả Báo Cáo Sang PDF,ส่งออกรายงานทั้งหมดเป็น PDF,Exportar Todos os Relatórios em PDF,सभी रिपोर्ट PDF में निर्यात करें,Hamisha Ripoti Zote kwa PDF,Ekspor Semua Laporan ke PDF,Ekspòte tout rapò yo nan PDF,အစီရင်ခံစာအားလုံးကို PDF သို့ ထုတ်ယူပါ။
advanced_feed_formulator,extras,Mix Professional Grade Feed,Mélanger des Aliments de Qualité Professionnelle,混合专业级饲料,Mezclar Piensos de Calidad Profesional,Maghalo ng Propesyonal na Feed,Trộn Thức Ăn Chuyên Nghiệp,ผสมอาหารสัตว์ระดับมืออาชีพ,Misturar Ração de Nível Profissional,पेशेवर ग्रेड फ़ीड मिलाएं,Changanya Mlisho wa Daraja la Kitaalamu,Campurkan Pakan Kelas Profesional,Melanje Pwofesyonèl Klas Feed,Professional Grade Feed ကို ရောမွှေပါ။
staff_management,extras,"Add Staff, Allow Access & Track Activities in Real-Time",Ajouter du Personnel et Partager les Données,添加员工并跨账户共享数据,Añadir Personal y Compartir Datos,Magdagdag ng Staff at Ibahagi ang Data,Thêm Nhân Viên & Chia Sẻ Dữ Liệu,เพิ่มพนักงานและแชร์ข้อมูล,Adicionar Equipe e Compartilhar Dados,स्टाफ जोड़ें और डेटा साझा करें,"Ongeza Wafanyakazi, Ruhusu Ufikiaji na Ufuatilie Shughuli katika Wakati Halisi","Tambahkan Staf, Izinkan Akses & Lacak Aktivitas secara Real-Time","Ajoute Anplwaye, Pèmèt Aksè ak Swiv Aktivite an tan reyèl",ဝန်ထမ်းများကို ပေါင်းထည့်ပါ၊ ဝင်သုံးခွင့်ပြုရန်နှင့် လှုပ်ရှားမှုများကို အချိန်နှင့်တပြေးညီ ခြေရာခံပါ။
ai_symptoms_analyzer,extras,Find Diseases with Symptoms Analyzer,Trouver des Maladies avec l'Analyseur de Symptômes,使用症状分析器发现疾病,Encontrar Enfermedades con Analizador de Síntomas,Humanap ng Sakit gamit ang Symptoms Analyzer,Tìm Bệnh Với Máy Phân Tích Triệu Chứng,ค้นหาโรคด้วยเครื่องมือวิเคราะห์อาการ,Encontrar Doenças com Analisador de Sintomas,लक्षण विश्लेषक से रोग खोजें,Pata Magonjwa yenye Kichanganuzi cha Dalili,Temukan Penyakit dengan Penganalisa Gejala,Jwenn Maladi ak Sentòm Analyzer,ရောဂါလက္ခဏာများကိုခွဲခြမ်းစိတ်ဖြာခြင်းဖြင့်ရောဂါများကိုရှာပါ။
monthly_plan,extras,Monthly Plan,Forfait Mensuel,包月套餐,Plan Mensual,Buwanang Plano,Gói Hàng Tháng,แผนรายเดือน,Plano Mensal,मासिक योजना,Mpango wa Mwezi,Paket Bulanan,Plan chak mwa,လစဉ်အစီအစဉ်
annual_plan,extras,Annual Plan,Forfait Annuel,包年套餐,Plan Anual,Taunang Plano,Gói Hàng Năm,แผนรายปี,Plano Anual,वार्षिक योजना,Mpango wa Mwaka,Paket Tahunan,Plan anyèl,နှစ်ပတ်လည် အစီအစဉ်
restore_purchase,extras,Restore Purchase,Restaurer l'Achat,恢复购买,Restaurar Compra,Ibalik ang Binili,Khôi phục Mua hàng,กู้คืนการซื้อ,Restaurar Compra,खरीदारी पुनर्स्थापित करें,Rejesha Ununuzi,Kembalikan Pembelian,Restore Achte,ဝယ်ယူမှုကို ပြန်လည်ရယူပါ။
premium_required,extras,Premium Required,Premium Requis,需要高级版,Se requiere Premium,Kinakailangan ang Premium,Yêu cầu Premium,ต้องการพรีเมียม,Premium Necessário,प्रीमियम आवश्यक,Premium Inahitajika,Diperlukan Premi,Prim Obligatwa,ပရီမီယံ လိုအပ်သည်။
premium_msg,extras,This feature is only available for premium users.,Cette fonctionnalité is uniquement disponible pour les utilisateurs premium.,此功能仅供高级用户使用。,Esta función solo está disponible para usuarios premium.,Ang tampok na ito ay magagamit lamang para sa mga premium na gumagamit.,Tính năng này chỉ dành cho người dùng premium.,ฟีเจอร์นี้มีให้สำหรับผู้ใช้พรีเมียมเท่านั้น,Este recurso está disponível apenas para usuários premium.,यह सुविधा केवल प्रीमियम उपयोगकर्ताओं के लिए उपलब्ध है।,Kipengele hiki kinapatikana kwa watumiaji wanaolipiwa pekee.,Fitur ini hanya tersedia untuk pengguna premium.,Karakteristik sa a disponib sèlman pou itilizatè prim yo.,ဤအင်္ဂါရပ်သည် ပရီမီယံအသုံးပြုသူများအတွက်သာ ရနိုင်ပါသည်။
default_monthly_price,extras,Pay US$5/mo to save up to x20 off less productive herd,Payez 5 US$/mois pour économiser jusqu'à 20 fois sur un troupeau moins productif,支付 US$5/月，减少低效母猪损失，效率最高提升 20 倍,Pague US$5/mes para ahorrar hasta 20 veces en piaras menos productivas,Magbayad ng US$5/buwan para makatipid nang hanggang x20 sa hindi gaanong produktibong kawan,Thanh toán US$5/tháng để tiết kiệm tới 20 lần đối với đàn năng suất thấp,จ่าย US$5/เดือน เพื่อประหยัดได้ถึง 20 เท่า สำหรับฝูงสัตว์ที่มีผลผลิตต่ำ,Pague US$5/mês para economizar até 20x em rebanhos menos produtivos,कम उत्पादक झुंड पर 20 गुना तक बचाने के लिए US$5/माह का भुगतान करें,Lipa US$5 kwa mwezi ili kuokoa hadi x20 kutoka kwa mifugo yenye tija kidogo,Bayar US$5/bln untuk menghemat hingga x20 pada ternak yang kurang produktif,Peye US $ 5 / mwa pou ekonomize jiska x20 sou twoupo mwens pwodiktif,ထုတ်လုပ်မှုနည်းသော နွားအုပ်ကို x20 လျှော့စျေးအထိ ချွေတာရန် US$5/လ ပေးချေပါ။
default_annual_price,extras,Pay US$45/yr to save over x30 off commercial feed,Payez 45 US$/an pour économiser plus de 30 fois sur les aliments commerciaux,支付 US$45/年，节省 30 倍以上的商业饲料成本,Pague US$45/año para ahorrar más de 30 veces en alimento comercial,Magbayad ng US$45/taon para makatipid ng higit sa x30 sa komersyal na feed,Thanh toán US$45/năm để tiết kiệm hơn 30 lần so với thức ăn chăn nuôi thương mại,จ่าย US$45/ปี เพื่อประหยัดกว่า 30 เท่า สำหรับอาหารสัตว์เชิงพาณิชย์,Pague US$45/ano para economizar mais de 30x em ração comercial,व्यावसायिक फीड पर 30 गुना से अधिक बचाने के लिए US$45/वर्ष का भुगतान करें,Lipa US$45/mwaka ili kuokoa zaidi ya x30 kutoka kwa mipasho ya kibiashara,Bayar US$45/tahun untuk menghemat lebih dari x30 untuk pakan komersial,Peye US $ 45/an pou ekonomize plis pase x30 sou manje komèsyal yo,စီးပွားဖြစ် feed မှ x30 ထက်မပိုဘဲ ချွေတာရန် US$45/နှစ် ပေးချေပါ။
price_per_month,extras,Pay %s to save up to x20 off less productive herd,Payez %s pour économiser jusqu'à 20 fois sur un troupeau moins productif,支付 %s，减少低效母猪损失，效率最高提升 20 倍,Pague %s para ahorrar hasta 20 veces en piaras menos productivas,Magbayad ng %s para makatipid nang hanggang x20 sa hindi gaanong produktibong kawan,Thanh toán %s để tiết kiệm tới 20 lần đối với đàn năng suất thấp,จ่าย %s เพื่อประหยัดได้ถึง 20 เท่า สำหรับฝูงสัตว์ที่มีผลผลิตต่ำ,Pague %s para economizar até 20x em rebanhos menos produtivos,कम उत्पादक झुंड पर 20 गुना तक बचाने के लिए %s का भुगतान करें,Lipa %s ili kuokoa hadi x20 kutoka kwa mifugo yenye tija kidogo,Bayar %s untuk menghemat hingga x20 pada ternak yang kurang produktif,Peye %s pou konsève pou jiska x20 sou twoupo mwens pwodiktif,ထုတ်လုပ်မှုနည်းသော နွားအုပ်ကို x20 လျှော့စျေးအထိ ချွေတာရန် %s ကို ပေးချေပါ။
price_per_year,extras,Pay %s to save over x30 off commercial feed,Payez %s pour économiser plus de 30 fois sur les aliments commerciaux,支付 %s，节省 30 倍以上的商业饲料成本,Pague %s para ahorrar más de 30 veces en alimento comercial,Magbayad ng %s para makatipid ng higit sa x30 sa komersyal na feed,Thanh toán %s để tiết kiệm hơn 30 lần so với thức ăn chăn nuôi thương mại,จ่าย %s เพื่อประหยัดกว่า 30 เท่า สำหรับอาหารสัตว์เชิงพาณิชย์,Pague %s para economizar mais de 30x em ração comercial,व्यावसायिक फीड पर 30 गुना से अधिक बचाने के लिए %s का भुगतान करें,Lipa %s ili kuokoa zaidi ya punguzo la x30 la mipasho ya kibiashara,Bayar %s untuk menghemat lebih dari x30 diskon feed komersial,Peye %s pou ekonomize plis pase x30 sou manje komèsyal yo,စီးပွားဖြစ်ဖိဒ်ကို x30 ထက် ပိုချွေတာရန် %s ပေးချေပါ။
gives_you,extras,lets you;,vous offre;,为您提供;,te da;,ay nagbibigay sa iyo ng;,mang lại cho bạn;,มอบสิ่งเหล่านี้ให้คุณ;,permite que você;,आपको देता है;,inakuwezesha;,memungkinkanmu;,pèmèt ou;,သင်ခွင့်ပြုပါ;
auto_renewal_cancel_desc,extras,Subscriptions will automatically renew unless canceled at least 24 hours before the end of the current period.,Les abonnements se renouvelleront automatiquement sauf annulation au moins 24 heures avant la fin de la période en cours.,订阅将自动续订，除非在当前账期结束前至少 24 小时取消。,Las suscripciones se renovarán automáticamente a menos que se cancelen al menos 24 horas antes del final del período actual.,Awtomatikong magre-renew ang mga subscription maliban kung kanselahin nang hindi bababa sa 24 na oras bago matapos ang kasalukuyang yugto.,Đăng ký sẽ tự động gia hạn trừ khi bị hủy ít nhất 24 giờ trước khi kết thúc giai đoạn hiện tại.,การสมัครสมาชิกจะต่ออายุโดยอัตโนมัติ เว้นแต่จะยกเลิกอย่างน้อย 24 ชั่วโมงก่อนสิ้นสุดระยะเวลาปัจจุบัน,"As assinaturas serão renovadas automaticamente, a menos que sejam canceladas pelo menos 24 horas antes do final do período atual.",सदस्यता स्वचालित रूप से नवीनीकृत हो जाएगी जब तक कि वर्तमान अवधि के अंत से कम से कम 24 घंटे पहले इसे रद्द न कर दिया जाए।,Usajili utasasishwa kiotomatiki isipokuwa kama kughairiwa angalau saa 24 kabla ya mwisho wa kipindi cha sasa.,Langganan akan diperpanjang secara otomatis kecuali dibatalkan setidaknya 24 jam sebelum akhir periode berjalan.,Abònman yo pral renouvle otomatikman sof si yo anile omwen 24 èdtan anvan fen peryòd aktyèl la.,လက်ရှိကာလမကုန်ဆုံးမီ အနည်းဆုံး 24 နာရီအတွင်း မပယ်ဖျက်ပါက စာရင်းသွင်းမှုများသည် အလိုအလျောက်သက်တမ်းတိုးမည်ဖြစ်သည်။
best_value,extras,Best Value,Meilleure offre,最佳选择,Mejor valor,Pinakamahusay na Halaga,Giá trị tốt nhất,คุ้มค่าที่สุด,Melhor Valor,सर्वोत्तम मूल्य,Thamani Bora,Nilai Terbaik,Pi bon valè,အကောင်းဆုံးတန်ဖိုး
manage_stock,extras,Manage Stock,Gérer le stock,管理库存,Gestionar stock,Pamahalaan ang Stock,Quản lý kho,จัดการสต็อก,Gerenciar Estoque,स्टॉक प्रबंधित करें,Dhibiti Hisa,Kelola Stok,Jere Stock,စတော့ကို စီမံခန့်ခွဲပါ။
select_ingredient_to_update,extras,Select Ingredient,Sélectionner un ingrédient,选择原料,Seleccionar ingrediente,Pumili ng Sangkap,Chọn nguyên liệu,เลือกส่วนผสม,Selecionar Ingrediente,सामग्री चुनें,Chagua Kiungo,Pilih Bahan,Chwazi engredyan,ပါဝင်ပစ္စည်းကို ရွေးပါ။
sub_herd_data,extras,Manage and track pigs,Gérer et suivre les porcs,管理和跟踪猪只,Gestionar y rastrear cerdos,Pamahalaan at i-track ang mga baboy,Quản lý và theo dõi heo,จัดการและติดตามสุกร,Gerenciar e rastrear porcos,सूअरों का प्रबंधन और ट्रैक करें,Kusimamia na kufuatilia nguruwe,Kelola dan lacak babi,Jere ak swiv kochon,စီမံပြီး ဝက်များကို ခြေရာခံပါ။
sub_feed,extras,Ingredients & formulator,Ingrédients et formulateur,原料与配方器,Ingredientes y formulador,Mga sangkap at formulator,Nguyên liệu & bộ lập công thức,ส่วนผสมและสูตรอาหาร,Ingredientes e formulador,सामग्री और फॉर्म्युलेटर,Viungo na kiunda,Bahan & pembuatnya,Engredyan & fòmilatè,ပါဝင်ပစ္စည်းများ & ဖော်မြူလာ
sub_herd_activities,extras,Log activities & events,Activités et événements,记录活动与事件,Actividades y eventos,I-log ang mga aktibidad at kaganapan,Ghi nhật ký hoạt động & sự kiện,บันทึกกิจกรรมและเหตุการณ์,Registrar atividades e eventos,गतिविधियां और घटनाएं लॉग करें,Rekodi shughuli na matukio,Catat aktivitas & acara,Log aktivite ak evènman yo,လှုပ်ရှားမှုများနှင့် အဖြစ်အပျက်များကို မှတ်တမ်းတင်ပါ။
sub_financials,extras,Track sales and expenses,Ventes et dépenses,跟踪销售与费用,Ventas y gastos,Subaybayan ang benta at gastos,Theo dõi doanh thu và chi phí,ติดตามยอดขายและค่าใช้จ่าย,Rastrear vendas e despesas,बिक्री और खर्चों को ट्रैक करें,Fuatilia mauzo na gharama,Lacak penjualan dan pengeluaran,Swiv lavant ak depans yo,အရောင်းနှင့်ကုန်ကျစရိတ်များကိုခြေရာခံပါ။
sub_human_resources,extras,"Staff, Salaries & access","Personnel, salaires et accès",员工、工资与权限,"Personal, salarios y acceso","Staff, Sahod at access","Nhân viên, lương & quyền truy cập",พนักงาน เงินเดือน และการเข้าถึง,"Equipe, salários e acesso","स्टाफ, वेतन और पहुंच","Wafanyikazi, Mishahara na ufikiaji","Staf, Gaji & akses","Anplwaye, Salè ak aksè",ဝန်ထမ်း၊ လစာနှင့် ဝင်ခွင့်
sub_market,extras,"Find vendors, vets & buyers","Vendeurs, vétérinaires et acheteurs",寻找供应商、兽医 and 买家,"Vendedores, veterinarios y compradores","Maghanap ng vendor, vet at mamimili","Tìm người bán, thú y & người mua",หาผู้ขาย สัตวแพทย์ และผู้ซื้อ,"Vendedores, veterinários e compradores","विक्रेता, पशु चिकित्सक और खरीदार खोजें","Tafuta wachuuzi, vets & wanunuzi","Temukan vendor, dokter hewan & pembeli","Jwenn vandè, veterinè ak achtè",ရောင်းချသူများ၊ တိရစ္ဆာန်ဆေးကုဆရာဝန်များနှင့် ဝယ်သူများကို ရှာပါ။
sub_symptoms_analyzer,extras,Find disease from symptoms,Maladies par symptômes,根据症状发现疾病,Enfermedades por síntomas,Humanap ng sakit mula sa sintomas,Tìm bệnh từ triệu chứng,ค้นหาโรคจากอาการ,Doenças por sintomas,लक्षणों से बीमारी खोजें,Tafuta ugonjwa kutoka kwa dalili,Temukan penyakit dari gejalanya,Jwenn maladi nan sentòm yo,ရောဂါလက္ခဏာများမှရှာပါ။
sub_weight_checker,extras,Weigh with tape,Peser avec ruban,用卷尺称重,Pesar con cinta,Timbangin gamit ang tape,Cân bằng thước dây,ชั่งน้ำหนักด้วยสายวัด,Pesar com fita,टेप से वजन करें,Pima kwa mkanda,Timbang dengan selotip,Peze ak tep,တိပ်ဖြင့်ချိန်ပါ။
sub_training,extras,Tips & tutorials,Conseils et tutoriels,技巧与教程,Consejos y tutoriales,Mga tip at tutorial,Mẹo & hướng dẫn,เคล็ดลับและบทช่วยสอน,Dicas e tutoriais,सुझाव और ट्यूटोरियल,Vidokezo na mafunzo,Tip & tutorial,Konsèy & leson patikilye,အကြံပြုချက်များနှင့် သင်ခန်းစာများ
ingredient_sweet_potato_vines_fresh,extras,Sweet potato vines (fresh),Lianes de patate douce (fraîches),红薯藤（新鲜）,Guías de camote (frescas),Baging ng kamote (sariwa),Dây khoai lang (tươi),ยอดมันเทศ (สด),Ramas de batata-doce (frescas),शकरकंद की बेलें (ताजा),Mizabibu ya viazi vitamu (safi),Tanaman merambat ubi jalar (segar),Rezen pòmdetè dous (fre),ကန်စွန်းနွယ်ပင် (အချို)၊
ingredient_yam_peels,extras,Yam peels,Épluchures d'igname,山药皮,Cáscaras de ñame,Balat ng ubi,Vỏ khoai mỡ,เปลือกมันเสา,Cascas de inhame,रतालू के छिलके,Maganda ya viazi vikuu,kulit ubi,Yam kale,ယမ်းအခွံ
ingredient_mustard_oil_cake,extras,Mustard oil cake,Tourteau de moutarde,芥末油饼,Torta de aceite de mostaza,Mustard oil cake,Khô dầu mù tạt,กากเมล็ดมัสตาร์ด,Torta de mostarda,सरसों की खली,Keki ya mafuta ya haradali,Kue minyak mustard,Moutad gato lwil oliv,မုန်ညင်းဆီ ကိတ်မုန့်
ingredient_pineapple_bran_dried,extras,Pineapple bran (dried),Son d'ananas (séché),菠萝糠（烘干）,Salvado de piña (seco),Ipa ng pinya (tuyo),Cám dứa (khô),รำสับปะรด (แห้ง),Farelo de abacaxi (seco),अनानास का चोकर (सूखा),Pumba za mananasi (zilizokaushwa),Dedak nanas (kering),Bran anana (seche),နာနတ်သီးဖွဲနု (အခြောက်)၊
ingredient_soybean_hulls,extras,Soybean hulls,Pellicules de soja,大豆皮,Cáscara de soja,Balat ng soya,Vỏ đậu nành,เปลือกถั่วเหลือง,Casca de soja,सोयाबीन के छिलके,Vikombe vya soya,Kulit kedelai,Kok soya,ပဲပုပ်ထည်
ingredient_rapeseed_meal,extras,Rapeseed meal,Tourteau de colza,菜籽粕,Harina de colza,Rapeseed meal,Bột khô dầu hạt cải,กากเมล็ดเรพซีด,Farelo de colza,तोरिया की खली,Chakula cha rapa,Makanan lobak,Manje kolza,မုန်ညှင်းစေ့ ကျွေးသည်။
ingredient_sunflower_meal,extras,Sunflower meal,Tourteau de tournesol,葵花籽粕,Harina de girasol,Sunflower meal,Bột khô dầu hướng dương,กากเมล็ดทานตะวัน,Farelo de girassol,सूरजमुखी की खली,Chakula cha alizeti,Makanan bunga matahari,Manje tounsòl,နေကြာဆွမ်း၊
ingredient_banana_peels_dried,extras,Banana peels (dried),Peaux de banane (séchées),香蕉皮（烘干）,Cáscaras de plátano (secas),Balat ng saging (tuyo),Vỏ chuối (khô),เปลือกกล้วย (แห้ง),Cascas de banana (secas),केले के छिलके (सूखे),Maganda ya ndizi (kavu),Kulit pisang (dikeringkan),Bannann kale (seche),ငှက်ပျောခွံ (အခြောက်)၊
ingredient_taro_leaves_fresh,extras,Taro leaves (fresh),Feuilles de taro (fraîches),芋头叶（新鲜）,Hojas de taro (frescas),Dahon ng gabi (sariwa),Lá khoai môn (tươi),ใบเผือก (สด),Folhas de taioba (frescas),अरबी के पत्ते (ताजा),Taro majani (safi),Daun talas (segar),Fèy Taro (fre),ပိန်းဥအရွက် (အချို)၊
ingredient_water_hyacinth_fresh,extras,Water hyacinth (fresh),Jacinthe d'eau (fraîche),水葫芦（新鲜）,Jacinto de agua (fresco),Water hyacinth (sariwa),Lục bình (tươi),ผักตบชวา (สด),Aguapé (fresco),जलकुंभी (ताजा),Hyacinth ya maji (safi),Eceng gondok (segar),Jasent dlo (fre),hyacinth (အချို)၊
ingredient_banana_pseudostem_fresh,extras,Banana pseudostem (fresh),Tronc de bananier (frais),香蕉茎秆（新鲜）,Tallo de plátano (fresco),Saging pseudostem (sariwa),Thân cây chuối (tươi),หยวกกล้วย (สด),Pseudocaule de bananeira (fresco),केले का तना (ताजा),Uvimbe wa ndizi (safi),Batang semu pisang (segar),Bannann pseudostem (fre),ငှက်ပျောဖူးယောင်ယောင် (အချို)၊
ingredient_azolla_fresh,extras,Azolla (fresh),Azolla (fraîche),满江红（新鲜）,Azolla (fresca),Azolla (sariwa),Bèo hoa dâu (tươi),แหนแดง (สด),Azola (fresca),अजोला (ताजा),Azolla (safi),Azolla (segar),Azolla (fre),Azolla (လတ်ဆတ်)
ingredient_duckweed_fresh,extras,Duckweed (fresh),Lentille d'eau (fraîche),浮萍（新鲜）,Lenteja de agua (fresca),Duckweed (sariwa),Bèo cám (tươi),ไข่น้ำ (สด),Lentilha-d'água (fresca),डकवीड (ताजा),Bata (safi),Duckweed (segar),Duckweed (fre),ကင်းစေ့ (လတ်ဆတ်)
ingredient_coffee_pulp_dried,extras,Coffee pulp (dried),Pulpe de café (séchée),咖啡渣（烘干）,Pulpa de café (seca),Sapal ng kape (tuyo),Vỏ quả cà phê (khô),เปลือกเนื้อกาแฟ (แห้ง),Polpa de café (seca),कॉफी पल्प (सूखा),Massa ya kahawa (kavu),Bubur kopi (kering),Kaka kafe (seche),ကော်ဖီပျော့ဖတ် (အခြောက်)
ingredient_cacao_cocoa_pod_husks_dried,extras,Cacao/Cocoa pod husks (dried),Cabosses de cacao (séchées),可可壳（烘干）,Cáscaras de mazorca de cacao (secas),Balat ng kakaw (tuyo),Vỏ quả ca cao (khô),เปลือกโกโก้ (แห้ง),Cascas de cacau (secas),कोको पॉड के छिलके (सूखे),Maganda ya kakao/Kakao (yaliyokaushwa),Kulit buah kakao/kakao (kering),Kakawo/Cocoa pod (seche),Cacao/Cocoa pod ခွံ (အခြောက်)
ingredient_mango_seed_kernel_meal,extras,Mango seed kernel meal,Farine d'amande de noyau de mangue,芒果仁粕,Harina de almendra de semilla de mango,Mango seed kernel meal,Bột nhân hạt xoài,แป้งเนื้อในเมล็ดมะม่วง,Farelo de amêndoa de manga,आम की गुठली का आटा,Mlo wa mbegu za maembe,Tepung inti biji mangga,Mango grenn nwayo repa,သရက်စေ့စေ့ကို ညက်အောင်ထားပါ။
ingredient_palm_oil_decanter_cake,extras,Palm oil decanter cake,Gâteau de décanteur d'huile de palme,棕榈油泥饼,Torta de decantación de aceite de palma,Palm oil decanter cake,Bột bùn dầu cọ,กากตะกอนน้ำมันปาล์ม,Torta de decantação de óleo de palma,पाम ऑयल डिकैंटर केक,Keki ya decanter ya mafuta ya mitende,Kue decanter minyak sawit,Gato decanter lwil oliv palmis,စားအုန်းဆီ ကိတ်မုန့်
ingredient_bambara_groundnut_meal,extras,Bambara groundnut meal,Farine de pois bambara,班巴拉花生粕,Harina de cacahuete de Bambara,Bambara groundnut meal,Bột đậu Bambara,กากถั่วแบมบารา,Farelo de ervilha de Bambara,बम्बारा मूंगफली का आटा,Chakula cha karanga cha Bambara,Makanan kacang tanah Bambara,Banara mandyau manje,Bambara မြေပဲညက်
ingredient_sugarcane_bagasse_dried,extras,Sugarcane bagasse (dried),Bagasse de canne à sucre (séchée),甘蔗渣（烘干）,Bagazo de caña de azúcar (seco),Bagaso ng tubo (tuyo),Bã mía (khô),ชานอ้อย (แห้ง),Bagaço de canna-de-açúcar (seco),गन्ने की खोई (सूखी),Mfuko wa miwa (iliyokaushwa),Ampas tebu (kering),Bagas kann (seche),ကြံအိတ် (အခြောက်)၊
ingredient_jackfruit_waste_fresh,extras,Jackfruit waste (fresh),Déchets de jacquier (frais),波罗蜜废料（新鲜）,Residuos de yaca (frescos),Sapal ng langka (sariwa),Phế phẩm mít (tươi),เศษขนุน (สด),Resíduos de jaca (frescos),कटहल के अवशेष (ताजा),Uchafu wa Jackfruit (safi),Limbah nangka (segar),Fatra Jackfruit (fre),အသီးအနှံ (အချို)၊
ingredient_potato_peels_dried,extras,Potato peels (dried),Épluchures de pomme de terre (séchées),土豆皮（烘干）,Cáscaras de patata (secas),Balat ng patatas (tuyo),Vỏ khoai tây (khô),เปลือกมันฝรั่ง (แห้ง),Cascas de batata (secas),आलू के छिलके (सूखे),Maganda ya viazi (kavu),Kulit kentang (kering),Kal pòmdetè (seche),အာလူးအခွံ (အခြောက်)
ingredient_stylosanthes_foliage_dried,extras,Stylosanthes foliage (dried),Stylosanthes séché,笔花豆叶（烘干）,Follaje de Stylosanthes (seco),Stylosanthes foliage (tuyo),Cây Stylosanthes (khô),หญ้าสไตโล (แห้ง),Feno de Stylosanthes,स्टाइलोसैंथेस पत्तियां (सूखी),Majani ya stylosanthes (kavu),Dedaunan Stylosanthes (kering),Stylosanthes feyaj (seche),Stylosanthes သစ်ရွက် (အခြောက်)
ingredient_gliricidia_leaf_meal,extras,Gliricidia leaf meal,Farine de feuilles de Gliricidia,葛利豆叶粉,Harina de hojas de Gliricidia,Gliricidia leaf meal,Bột lá xác pháo (Gliricidia),ใบแคฝรั่งป่น,Farelo de folhas de Gliricidia,ग्लिरिसिडिया पत्ती का भोजन,Chakula cha majani ya Gliricidia,Tepung daun Gliricidia,Gliricidia fèy repa,Gliricidia အရွက်ကို ကျွေးပါ။
ingredient_cowpea_pods_husks,extras,Cowpea pods/husks,Gousses/coques de niébé,豇豆荚/壳,Vainas/cáscaras de caupí,Balat ng munggo (Cowpea husks),Vỏ quả đậu đen/đậu xiêm,เปลือกฝักถั่วพุ่ม,Vagens/cascas de feijão-caupi,लोबिया की फलियां/छिलके,Maganda ya kunde/maganda,Polong/kulit kacang tunggak,Cowpea gous/kal,ပဲစေ့/စပါးခွံ
ingredient_groundnut_hulls,extras,Groundnut hulls,Coques d'arachide,花生壳,Cáscaras de maní,Balat ng mani,Vỏ lạc (vỏ đậu phộng),เปลือกถั่วลิสง,Cascas de amendoim,मूंगफली के छिलके,Vipuli vya karanga,Kulit kacang tanah,Ekòs pistach,မြေပဲထည်
ingredient_maize_gluten_feed,extras,Maize gluten feed,Gluten feed de maïs,玉米麸皮饲料,Gluten feed de maíz,Maize gluten feed,Thức ăn gluten ngô,กากกลูเตนข้าวโพด,Farelo de glúten de milho,मक्का ग्लूटेन फीड,Chakula cha gluten cha mahindi,Pakan gluten jagung,Manje gluten mayi,ပြောင်းဖူး gluten အစာ
ingredient_jackfruit_seeds_dried,extras,Jackfruit seeds (dried),Graines de jacquier (séchées),波罗蜜核（烘干）,Semillas de yaca (secas),Buto ng langka (tuyo),Hạt mít (khô),เม็ดขนุน (แห้ง),Sementes de jaca (secas),कटहल के बीज (सूखे),Mbegu za Jackfruit (kavu),Biji nangka (kering),Grenn Jackfruit (seche),အုန်းစေ့ (အခြောက်)၊
ingredient_linseed_meal,extras,Linseed meal,Tourteau de lin,亚麻籽粕,Harina de linaza,Linseed meal,Bột khô dầu lanh,กากเมล็ดแฟลกซ์ (ลินซีด),Farelo de linhaça,अलसी की खली,Chakula cha Linseed,Makanan biji rami,Manje grenn len,နှမ်းဖတ်စေ့
ingredient_guar_meal,extras,Guar meal,Tourteau de guar,瓜尔豆粕,Harina de guar,Guar meal,Bột khô dầu guar,กากถั่วกัวร์,Farelo de guar,ग्वार मील,Chakula cha guar,Makanan gua,Manje guar,Guar ထမင်းစား
ingredient_safflower_meal,extras,Safflower meal,Tourteau de carthame,红花籽粕,Harina de cártamo,Safflower meal,Bột khô dầu hồng hoa,กากเมล็ดคำฝอย,Farelo de cártamo,कुसुम की खली,Chakula cha Safflower,Makanan safflower,Manje carthame,ကြာပန်းတွေကို ကျွေးတယ်။
save_to_pig_profile,extras,Save Weight to Pig Profile,Enregistrer le poids dans le profil du porc,保存体重至猪只档案,Guardar peso en perfil del cerdo,I-save ang Timbang sa Profile ng Baboy,Lưu cân nặng vào hồ sơ heo,บันทึกน้ำหนักลงโปรไฟล์หมู,Salvar peso no perfil do suíno,सुअर प्रोफाइल में वजन सहेजें,Okoa Uzito kwa Wasifu wa Nguruwe,Menghemat Berat pada Profil Babi,Sove pwa nan pwofil kochon,ဝက်ပရိုဖိုင်သို့ အလေးချိန်ချွေတာပါ။
select_pig_optional,extras,Select Pig (Optional),Sélectionner un porc (optionnel),选择猪只 (选填),Seleccionar cerdo (opcional),Pumili ng Baboy (Opsyonal),Chọn heo (Tùy chọn),เลือกหมู (ไม่บังคับ),Selecionar suíno (Opcional),सुअर चुनें (वैकल्पिक),Chagua Nguruwe (Si lazima),Pilih Babi (Opsional),Chwazi kochon (Si ou vle),ဝက်ကို ရွေးပါ (ချန်လှပ်ထားနိုင်သည်)
clear_selection,extras,Clear Selection,Effacer la sélection,清除选择,Borrar selección,I-clear ang Pinili,Xóa lựa chọn,ล้างการเลือก,Limpar seleção,चयन साफ़ करें,Uteuzi Wazi,Hapus Pilihan,Klè seleksyon,ရွေးချယ်မှုကို ရှင်းလင်းပါ။
weight_saved_success,extras,Weight saved successfully for pig %s!,Poids enregistré avec succès pour le porc %s !,猪只 %s 的体重已保存成功！,¡Peso guardado con éxito para el cerdo %s!,Matagumpay na nai-save ang timbang para sa baboy %s!,Đã lưu cân nặng thành công cho heo %s!,บันทึกน้ำหนักของหมู %s สำเร็จแล้ว!,Peso salvo com sucesso para o suíno %s!,सुअर %s का वजन सफलतापूर्वक सहेजा गया!,Uzito umehifadhiwa kwa nguruwe %s!,Berat badan berhasil diselamatkan untuk babi %s!,Pwa kochon %s te sove avèk siksè!,ဝက် %s အတွက် ကိုယ်အလေးချိန်ကို အောင်မြင်စွာ သိမ်းဆည်းနိုင်ခဲ့သည်။
current_weight_label,extras,Current Weight: %.1f kg,Poids actuel : %.1f kg,当前体重: %.1f 公斤,Peso actual: %.1f kg,Kasalukuyang Timbang: %.1f kg,Cân nặng hiện tại: %.1f kg,น้ำหนักปัจจุบัน: %.1f กก.,Peso atual: %.1f kg,वर्तमान वजन: %.1f किग्रा,Uzito wa Sasa: ​​%.1f kg,Berat Saat Ini: %.1f kg,Pwa aktyèl: %.1f kg,လက်ရှိအလေးချိန်- %1f ကီလိုဂရမ်
save_weight_btn_label,extras,Save %.1f kg to Pig %s,Enregistrer %.1f kg pour le porc %s,保存 %.1f 公斤至猪只 %s,Guardar %.1f kg en el cerdo %s,I-save ang %.1f kg sa Baboy %s,Lưu %.1f kg cho Heo %s,บันทึก %.1f กก. ลงหมู %s,Salvar %.1f kg no suíno %s,सुअर %s में %.1f किग्रा वजन सहेजें,Okoa %.1f kg kwa Nguruwe %s,Hemat %.1f kg ke Babi %s,Sove %.1f kg pou Pig %s,Pig %s သို့ %1f ကီလိုဂရမ် သိမ်းဆည်းပါ။
all_tips,extras,All,Tout,全部,Todos,Lahat,Tất cả,ทั้งหมด,Tudo,सभी सुझाव,Wote,Semua,Tout,အားလုံး
cat_weaning,extras,Weaning,Sevrage,断奶管理,Destete,Pagtitiwalag (Weaning),Cai Sữa,การหย่านม,Desmame,दूध छुड़ाना,Kuachisha ziwa,Menyapih,Sevre,နို့ဖြတ်သည်။
cat_feeding,extras,Feeding & Nutrition,Alimentation et Nutrition,饲养与营养,Alimentación y Nutrición,Pagpapakain at Nutrisyon,Thức Ăn & Dinh Dưỡng,อาหารและโภชนาการ,Alimentação e Nutrição,आहार और पोषण,Kulisha & Lishe,Makanan & Nutrisi,Manje ak Nitrisyon,ကျွေးမွေးခြင်းနှင့် အာဟာရ
cat_breeding,extras,Breeding & Farrowing,Élevage et Mise bas,配种与分娩,Cría y Parto,Pangangalaga at Pagpaparami,Phối Giống & Sinh Sản,การผสมพันธุ์และการคลอด,Criação e Parto,प्रजनन और प्रसव,Ufugaji & Ufugaji,Pembibitan & Peternakan,Elvaj & Farrowing,မွေးမြူခြင်းနှင့် မွေးမြူခြင်း။
cat_health,extras,Biosecurity & Health,Biosécurité et Santé,生物安全与健康,Bioseguridad y Salud,Biosecurity at Kalusugan,An Toàn Sinh Học & Sức Khỏe,ระบบความปลอดภัยทางชีวภาพและสุขภาพ,Biossegurança e Saúde,जैव सुरक्षा और स्वास्थ्य,Usalama wa Mazingira na Afya,Keamanan Hayati & Kesehatan,Biosekirite ak Sante,ဇီဝလုံခြုံရေးနှင့် ကျန်းမာရေး
cat_housing,extras,Housing & Ventilation,Logement et Ventilation,猪舍与通风,Alojamiento y Ventilación,Pabahay at Bentilasyon,Chuồng Trại & Thông Gió,โรงเรือนและการระบายอากาศ,Instalações e Ventilação,आवास और वेंटिलेशन,Makazi & Uingizaji hewa,Perumahan & Ventilasi,Lojman & Vantilasyon,အိမ်ရာနှင့် လေဝင်လေထွက်
cat_waste,extras,Waste & Environment,Déchets et Environnement,废物与环境,Residuos y Medio Ambiente,Pamamahala ng Dumi at Kapaligiran,Chất Thải & Môi Trường,การจัดการของเสียและสิ่งแวดล้อม,Resíduos e Meio Ambiente,अपशिष्ट और पर्यावरण,Taka na Mazingira,Limbah & Lingkungan,Waste & Anviwònman,အမှိုက်နှင့် ပတ်ဝန်းကျင်
cat_general,extras,General Management,Gestion Générale,通用管理,Gestión General,Pangkalahatang Pamamahala,Quản Lý Chung,การจัดการทั่วไป,Gestão Geral,सामान्य प्रबंधन,Usimamizi Mkuu,Manajemen Umum,Jesyon Jeneral,အထွေထွေစီမံခန့်ခွဲမှု